system,Mineral,Mineral_formula,Sorbate,Reference,Set,SetID,electrolyte_sig,pH,ionic_strength,response,temp,mineralsites
goethite-*-U(+6),goethite,alpha-FeOOH,U(+6),da96,da96_t6_1,1,C(+4)+Ca(+2)+Cl(-1)+Mg(+2)+Na(+1)+S(+6),7.4,0.6225,7.47808e-06,,2.31
goethite-*-U(+6),goethite,alpha-FeOOH,U(+6),da96,da96_t6_2,1,C(+4)+Ca(+2)+Cl(-1)+Mg(+2)+Na(+1)+S(+6),7.0,0.6705,4.28519e-06,,2.31
goethite-*-U(+6),goethite,alpha-FeOOH,U(+6),da96,da96_t6_3,1,C(+4)+Ca(+2)+Cl(-1)+Mg(+2)+Na(+1)+S(+6),6.1,0.7405,3.78105e-06,,2.31
goethite-*-U(+6),goethite,alpha-FeOOH,U(+6),da96,da96_t6_4,1,C(+4)+Ca(+2)+Cl(-1)+Mg(+2)+Na(+1)+S(+6),7.6,0.3345,7.8982e-06,,2.31
goethite-*-U(+6),goethite,alpha-FeOOH,U(+6),da96,da96_t6_5,1,C(+4)+Ca(+2)+Cl(-1)+Mg(+2)+Na(+1)+S(+6),7.2,0.43849999999999995,5.54554e-06,,2.31
goethite-*-U(+6),goethite,alpha-FeOOH,U(+6),da96,da96_t6_6,1,C(+4)+Ca(+2)+Cl(-1)+Mg(+2)+Na(+1)+S(+6),6.3,0.5549999999999999,5.12543e-06,,2.31
goethite-*-U(+6),goethite,alpha-FeOOH,U(+6),da96,da96_t6_7,1,C(+4)+Ca(+2)+Cl(-1)+Mg(+2)+Na(+1)+S(+6),9.0,0.7715,2.43668e-06,,2.31
goethite-*-U(+6),goethite,alpha-FeOOH,U(+6),da96,da96_t6_10,1,C(+4)+Ca(+2)+Cl(-1)+Mg(+2)+Na(+1)+S(+6),7.4,0.2197,8.31832e-06,,2.31
goethite-*-U(+6),goethite,alpha-FeOOH,U(+6),da96,da96_t6_11,1,C(+4)+Ca(+2)+Cl(-1)+Mg(+2)+Na(+1)+S(+6),6.9,0.27799999999999997,8.31832e-06,,2.31
goethite-*-U(+6),goethite,alpha-FeOOH,U(+6),da96,da96_t6_12,1,C(+4)+Ca(+2)+Cl(-1)+Mg(+2)+Na(+1)+S(+6),5.5,0.242,8.23429e-06,,2.31
goethite-*-U(+6),goethite,alpha-FeOOH,U(+6),da96,da96_t6_8,1,C(+4)+Ca(+2)+Mg(+2)+Na(+1)+S(+6),7.9,0.8045,3.10887e-06,,2.31
goethite-*-U(+6),goethite,alpha-FeOOH,U(+6),da96,da96_t6_9,1,C(+4)+Ca(+2)+Mg(+2)+Na(+1)+S(+6),6.6,0.874,2.77277e-06,,2.31
goethite-*-U(+6),goethite,,U(+6),bchssy98,bchssy98_f3,1,C(+4)+Cl(-1)+Na(+1),3.2985,0.01333036,6.0276e-08,,2.31
goethite-*-U(+6),goethite,,U(+6),bchssy98,bchssy98_f3,2,C(+4)+Cl(-1)+Na(+1),3.3901,0.01333036,6.94153e-08,,2.31
goethite-*-U(+6),goethite,,U(+6),bchssy98,bchssy98_f3,3,C(+4)+Cl(-1)+Na(+1),4.1944,0.01333036,9.82945e-08,,2.31
goethite-*-U(+6),goethite,,U(+6),bchssy98,bchssy98_f3,4,C(+4)+Cl(-1)+Na(+1),4.2987,0.01333036,9.85637e-08,,2.31
goethite-*-U(+6),goethite,,U(+6),bchssy98,bchssy98_f3,5,C(+4)+Cl(-1)+Na(+1),4.9978,0.01333036,9.98554e-08,,2.31
goethite-*-U(+6),goethite,,U(+6),bchssy98,bchssy98_f3,6,C(+4)+Cl(-1)+Na(+1),5.0959,0.01333036,9.99006e-08,,2.31
goethite-*-U(+6),goethite,,U(+6),bchssy98,bchssy98_f3,7,C(+4)+Cl(-1)+Na(+1),5.1931,0.01333036,9.98611e-08,,2.31
goethite-*-U(+6),goethite,,U(+6),bchssy98,bchssy98_f3,8,C(+4)+Cl(-1)+Na(+1),5.8898,0.01333036,9.98818e-08,,2.31
goethite-*-U(+6),goethite,,U(+6),bchssy98,bchssy98_f3,9,C(+4)+Cl(-1)+Na(+1),6.1955,0.01333036,9.98555e-08,,2.31
goethite-*-U(+6),goethite,,U(+6),bchssy98,bchssy98_f3,10,C(+4)+Cl(-1)+Na(+1),5.8967,0.01333036,9.99143e-08,,2.31
goethite-*-U(+6),goethite,,U(+6),bchssy98,bchssy98_f3,11,C(+4)+Cl(-1)+Na(+1),7.0302,0.01333036,9.99601e-08,,2.31
goethite-*-U(+6),goethite,,U(+6),bchssy98,bchssy98_f3,12,C(+4)+Cl(-1)+Na(+1),7.9919,0.01333036,9.98236e-08,,2.31
goethite-*-U(+6),goethite,,U(+6),bchssy98,bchssy98_f3,13,C(+4)+Cl(-1)+Na(+1),8.0899,0.01333036,9.98738e-08,,2.31
goethite-*-U(+6),goethite,,U(+6),bchssy98,bchssy98_f3,14,C(+4)+Cl(-1)+Na(+1),9.0932,0.01333036,9.99413e-08,,2.31
goethite-*-U(+6),goethite,,U(+6),bchssy98,bchssy98_f3,15,C(+4)+Cl(-1)+Na(+1),9.2885,0.01333036,9.99413e-08,,2.31
goethite-*-U(+6),goethite,,U(+6),bchssy98,bchssy98_f3,16,C(+4)+Cl(-1)+Na(+1),9.9897,0.01333036,9.97186e-08,,2.31
goethite-*-U(+6),goethite,,U(+6),bchssy98,bchssy98_f3,17,C(+4)+Cl(-1)+Na(+1),10.1914,0.01333036,9.96697e-08,,2.31
goethite-*-U(+6),goethite,alpha-FeOOH,U(+6),da96,da96_t4_1,1,C(+4)+Cl(-1)+Na(+1),6.9,0.1008,8.31832e-06,,2.31
goethite-*-U(+6),goethite,alpha-FeOOH,U(+6),da96,da96_t4_2,1,C(+4)+Cl(-1)+Na(+1),5.8,0.1008,8.40234e-06,,2.31
goethite-*-U(+6),goethite,alpha-FeOOH,U(+6),da96,da96_t4_3,1,C(+4)+Cl(-1)+Na(+1),4.1,0.1008,7.81418e-06,,2.31
goethite-*-U(+6),goethite,alpha-FeOOH,U(+6),da96,da96_t4_4,1,C(+4)+Cl(-1)+Na(+1),8.2,0.1525,6.38578e-06,,2.31
goethite-*-U(+6),goethite,alpha-FeOOH,U(+6),da96,da96_t4_5,1,C(+4)+Cl(-1)+Na(+1),7.0,0.1525,8.15027e-06,,2.31
goethite-*-U(+6),goethite,alpha-FeOOH,U(+6),da96,da96_t4_6,1,C(+4)+Cl(-1)+Na(+1),5.5,0.1525,8.15027e-06,,2.31
goethite-*-U(+6),goethite,alpha-FeOOH,U(+6),da96,da96_t4_7,1,C(+4)+Cl(-1)+Na(+1),8.6,0.2499,1.0923e-06,,2.31
goethite-*-U(+6),goethite,alpha-FeOOH,U(+6),da96,da96_t4_8,1,C(+4)+Cl(-1)+Na(+1),7.4,0.2508,4.45324e-06,,2.31
goethite-*-U(+6),goethite,alpha-FeOOH,U(+6),da96,da96_t4_9,1,C(+4)+Cl(-1)+Na(+1),5.9,0.2506,6.63785e-06,,2.31
goethite-*-U(+6),goethite,alpha-FeOOH,U(+6),da96,da96_t4_10,1,C(+4)+Cl(-1)+Na(+1),9.2,0.85001,8.40234e-08,,2.31
goethite-*-U(+6),goethite,alpha-FeOOH,U(+6),da96,da96_t4_11,1,C(+4)+Cl(-1)+Na(+1),8.0,0.850005,1.68047e-07,,2.31
goethite-*-U(+6),goethite,alpha-FeOOH,U(+6),da96,da96_t4_12,1,C(+4)+Cl(-1)+Na(+1),6.7,0.850005,2.5207e-07,,2.31
goethite-*-U(+6),goethite,alpha-FeOOH,U(+6),hl85,hl85_f4ba,1,C(+4)+N(+5)+Na(+1),3.3829,1.3800000000000001,-5.55508e-08,,2.31
goethite-*-U(+6),goethite,alpha-FeOOH,U(+6),hl85,hl85_f4ba,2,C(+4)+N(+5)+Na(+1),4.3527,1.3800000000000001,6.95903e-06,,2.31
goethite-*-U(+6),goethite,alpha-FeOOH,U(+6),hl85,hl85_f4ba,3,C(+4)+N(+5)+Na(+1),5.2418,1.3800000000000001,9.64134e-06,,2.31
goethite-*-U(+6),goethite,alpha-FeOOH,U(+6),hl85,hl85_f4ba,4,C(+4)+N(+5)+Na(+1),5.8376,1.3800000000000001,9.76082e-06,,2.31
goethite-*-U(+6),goethite,alpha-FeOOH,U(+6),hl85,hl85_f4ba,5,C(+4)+N(+5)+Na(+1),6.0509,1.3800000000000001,9.73368e-06,,2.31
goethite-*-U(+6),goethite,alpha-FeOOH,U(+6),hl85,hl85_f4ba,6,C(+4)+N(+5)+Na(+1),6.1884,1.3800000000000001,9.50981e-06,,2.31
goethite-*-U(+6),goethite,alpha-FeOOH,U(+6),hl85,hl85_f4ba,7,C(+4)+N(+5)+Na(+1),6.3553,1.3800000000000001,9.45426e-06,,2.31
goethite-*-U(+6),goethite,alpha-FeOOH,U(+6),hl85,hl85_f4ba,8,C(+4)+N(+5)+Na(+1),6.4281,1.3800000000000001,9.09754e-06,,2.31
goethite-*-U(+6),goethite,alpha-FeOOH,U(+6),hl85,hl85_f4ba,9,C(+4)+N(+5)+Na(+1),6.7425,1.3800000000000001,8.55401e-06,,2.31
goethite-*-U(+6),goethite,alpha-FeOOH,U(+6),hl85,hl85_f4ba,10,C(+4)+N(+5)+Na(+1),6.8357,1.3800000000000001,8.70043e-06,,2.31
goethite-*-U(+6),goethite,alpha-FeOOH,U(+6),hl85,hl85_f4ba,11,C(+4)+N(+5)+Na(+1),7.0485,1.3800000000000001,8.28285e-06,,2.31
goethite-*-U(+6),goethite,alpha-FeOOH,U(+6),hl85,hl85_f4ba,12,C(+4)+N(+5)+Na(+1),7.1959,1.3800000000000001,7.42068e-06,,2.31
goethite-*-U(+6),goethite,alpha-FeOOH,U(+6),hl85,hl85_f4ba,13,C(+4)+N(+5)+Na(+1),7.4994,1.3800000000000001,2.86845e-06,,2.31
goethite-*-U(+6),goethite,alpha-FeOOH,U(+6),hl85,hl85_f4ba,14,C(+4)+N(+5)+Na(+1),7.8446,1.3800000000000001,5.63676e-06,,2.31
goethite-*-U(+6),goethite,alpha-FeOOH,U(+6),hl85,hl85_f4ba,15,C(+4)+N(+5)+Na(+1),8.0753,1.3800000000000001,2.62613e-06,,2.31
goethite-*-U(+6),goethite,alpha-FeOOH,U(+6),hl85,hl85_f4ba,16,C(+4)+N(+5)+Na(+1),8.4102,1.3800000000000001,3.97782e-06,,2.31
goethite-*-U(+6),goethite,alpha-FeOOH,U(+6),hl85,hl85_f4ba,17,C(+4)+N(+5)+Na(+1),8.6609,1.3800000000000001,3.5749e-06,,2.31
goethite-*-U(+6),goethite,alpha-FeOOH,U(+6),hl85,hl85_f4ba,18,C(+4)+N(+5)+Na(+1),8.6415,1.3800000000000001,1.51488e-06,,2.31
goethite-*-U(+6),goethite,alpha-FeOOH,U(+6),hl85,hl85_f4bb,1,C(+4)+N(+5)+Na(+1),3.8944,1.308,1.9583e-06,,2.31
goethite-*-U(+6),goethite,alpha-FeOOH,U(+6),hl85,hl85_f4bb,2,C(+4)+N(+5)+Na(+1),4.2389,1.308,3.84059e-06,,2.31
goethite-*-U(+6),goethite,alpha-FeOOH,U(+6),hl85,hl85_f4bb,3,C(+4)+N(+5)+Na(+1),4.2213,1.308,5.386e-06,,2.31
goethite-*-U(+6),goethite,alpha-FeOOH,U(+6),hl85,hl85_f4bb,4,C(+4)+N(+5)+Na(+1),4.725,1.308,7.69546e-06,,2.31
goethite-*-U(+6),goethite,alpha-FeOOH,U(+6),hl85,hl85_f4bb,5,C(+4)+N(+5)+Na(+1),4.8481,1.308,8.88628e-06,,2.31
goethite-*-U(+6),goethite,alpha-FeOOH,U(+6),hl85,hl85_f4bb,6,C(+4)+N(+5)+Na(+1),4.858,1.308,9.10078e-06,,2.31
goethite-*-U(+6),goethite,alpha-FeOOH,U(+6),hl85,hl85_f4bb,7,C(+4)+N(+5)+Na(+1),4.7934,1.308,9.21765e-06,,2.31
goethite-*-U(+6),goethite,alpha-FeOOH,U(+6),hl85,hl85_f4bb,8,C(+4)+N(+5)+Na(+1),5.1476,1.308,9.46156e-06,,2.31
goethite-*-U(+6),goethite,alpha-FeOOH,U(+6),hl85,hl85_f4bb,9,C(+4)+N(+5)+Na(+1),5.4601,1.308,9.92145e-06,,2.31
goethite-*-U(+6),goethite,alpha-FeOOH,U(+6),hl85,hl85_f4bb,10,C(+4)+N(+5)+Na(+1),5.5533,1.308,9.92864e-06,,2.31
goethite-*-U(+6),goethite,alpha-FeOOH,U(+6),hl85,hl85_f4bb,11,C(+4)+N(+5)+Na(+1),5.8878,1.308,9.93084e-06,,2.31
goethite-*-U(+6),goethite,alpha-FeOOH,U(+6),hl85,hl85_f4bb,12,C(+4)+N(+5)+Na(+1),5.6751,1.308,9.95039e-06,,2.31
goethite-*-U(+6),goethite,alpha-FeOOH,U(+6),hl85,hl85_f4bb,13,C(+4)+N(+5)+Na(+1),5.7125,1.308,9.95347e-06,,2.31
goethite-*-U(+6),goethite,alpha-FeOOH,U(+6),hl85,hl85_f4bb,14,C(+4)+N(+5)+Na(+1),5.8058,1.308,9.96078e-06,,2.31
goethite-*-U(+6),goethite,alpha-FeOOH,U(+6),hl85,hl85_f4bb,15,C(+4)+N(+5)+Na(+1),5.9918,1.308,9.96159e-06,,2.31
goethite-*-U(+6),goethite,alpha-FeOOH,U(+6),hl85,hl85_f4bb,16,C(+4)+N(+5)+Na(+1),6.1311,1.308,9.96075e-06,,2.31
goethite-*-U(+6),goethite,alpha-FeOOH,U(+6),hl85,hl85_f4bb,17,C(+4)+N(+5)+Na(+1),6.2704,1.308,9.95989e-06,,2.31
goethite-*-U(+6),goethite,alpha-FeOOH,U(+6),hl85,hl85_f4bb,18,C(+4)+N(+5)+Na(+1),6.2062,1.308,9.96963e-06,,2.31
goethite-*-U(+6),goethite,alpha-FeOOH,U(+6),hl85,hl85_f4bb,19,C(+4)+N(+5)+Na(+1),6.5972,1.308,9.97723e-06,,2.31
goethite-*-U(+6),goethite,alpha-FeOOH,U(+6),hl85,hl85_f4bb,20,C(+4)+N(+5)+Na(+1),6.8016,1.308,9.97722e-06,,2.31
goethite-*-U(+6),goethite,alpha-FeOOH,U(+6),hl85,hl85_f4bb,21,C(+4)+N(+5)+Na(+1),6.773,1.308,9.97118e-06,,2.31
goethite-*-U(+6),goethite,alpha-FeOOH,U(+6),hl85,hl85_f4bb,22,C(+4)+N(+5)+Na(+1),6.7539,1.308,9.96506e-06,,2.31
goethite-*-U(+6),goethite,alpha-FeOOH,U(+6),hl85,hl85_f4bb,23,C(+4)+N(+5)+Na(+1),6.9963,1.308,9.97409e-06,,2.31
goethite-*-U(+6),goethite,alpha-FeOOH,U(+6),hl85,hl85_f4bb,24,C(+4)+N(+5)+Na(+1),7.1454,1.308,9.97744e-06,,2.31
goethite-*-U(+6),goethite,alpha-FeOOH,U(+6),hl85,hl85_f4bb,25,C(+4)+N(+5)+Na(+1),7.4231,1.308,9.96889e-06,,2.31
goethite-*-U(+6),goethite,alpha-FeOOH,U(+6),hl85,hl85_f4bb,26,C(+4)+N(+5)+Na(+1),8.0347,1.308,9.94794e-06,,2.31
goethite-*-U(+6),goethite,alpha-FeOOH,U(+6),hl85,hl85_f4bb,27,C(+4)+N(+5)+Na(+1),8.2471,1.308,9.92179e-06,,2.31
goethite-*-U(+6),goethite,alpha-FeOOH,U(+6),hl85,hl85_f8b,1,C(+4)+N(+5)+Na(+1),4.4265,1.3800000000000001,6.984e-06,,2.31
goethite-*-U(+6),goethite,alpha-FeOOH,U(+6),hl85,hl85_f8b,2,C(+4)+N(+5)+Na(+1),4.9188,1.3800000000000001,8.991e-06,,2.31
goethite-*-U(+6),goethite,alpha-FeOOH,U(+6),hl85,hl85_f8b,3,C(+4)+N(+5)+Na(+1),5.2204,1.3800000000000001,9.631e-06,,2.31
goethite-*-U(+6),goethite,alpha-FeOOH,U(+6),hl85,hl85_f8b,4,C(+4)+N(+5)+Na(+1),5.8712,1.3800000000000001,9.781e-06,,2.31
goethite-*-U(+6),goethite,alpha-FeOOH,U(+6),hl85,hl85_f8b,5,C(+4)+N(+5)+Na(+1),6.08,1.3800000000000001,9.754e-06,,2.31
goethite-*-U(+6),goethite,alpha-FeOOH,U(+6),hl85,hl85_f8b,6,C(+4)+N(+5)+Na(+1),6.2301,1.3800000000000001,9.436e-06,,2.31
goethite-*-U(+6),goethite,alpha-FeOOH,U(+6),hl85,hl85_f8b,7,C(+4)+N(+5)+Na(+1),6.3455,1.3800000000000001,9.514e-06,,2.31
goethite-*-U(+6),goethite,alpha-FeOOH,U(+6),hl85,hl85_f8b,8,C(+4)+N(+5)+Na(+1),6.4266,1.3800000000000001,9.34e-06,,2.31
goethite-*-U(+6),goethite,alpha-FeOOH,U(+6),hl85,hl85_f8b,9,C(+4)+N(+5)+Na(+1),6.6654,1.3800000000000001,8.713e-06,,2.31
goethite-*-U(+6),goethite,alpha-FeOOH,U(+6),hl85,hl85_f8b,10,C(+4)+N(+5)+Na(+1),6.7294,1.3800000000000001,8.457e-06,,2.31
goethite-*-U(+6),goethite,alpha-FeOOH,U(+6),hl85,hl85_f8b,11,C(+4)+N(+5)+Na(+1),6.803,1.3800000000000001,8.622e-06,,2.31
goethite-*-U(+6),goethite,alpha-FeOOH,U(+6),hl85,hl85_f8b,12,C(+4)+N(+5)+Na(+1),7.0537,1.3800000000000001,8.339e-06,,2.31
goethite-*-U(+6),goethite,alpha-FeOOH,U(+6),hl85,hl85_f8b,13,C(+4)+N(+5)+Na(+1),7.1821,1.3800000000000001,7.43e-06,,2.31
goethite-*-U(+6),goethite,alpha-FeOOH,U(+6),hl85,hl85_f8b,14,C(+4)+N(+5)+Na(+1),7.8222,1.3800000000000001,5.466e-06,,2.31
goethite-*-U(+6),goethite,alpha-FeOOH,U(+6),hl85,hl85_f8b,15,C(+4)+N(+5)+Na(+1),8.1138,1.3800000000000001,3.063e-06,,2.31
goethite-*-U(+6),goethite,alpha-FeOOH,U(+6),hl85,hl85_f8b,16,C(+4)+N(+5)+Na(+1),8.4569,1.3800000000000001,4.072e-06,,2.31
goethite-*-U(+6),goethite,alpha-FeOOH,U(+6),hl85,hl85_f8b,17,C(+4)+N(+5)+Na(+1),8.6881,1.3800000000000001,3.696e-06,,2.31
goethite-*-U(+6),goethite,alpha-FeOOH,U(+6),hl85,hl85_f8a,1,C(+4)+N(+5)+Na(+1),3.9217,1.308,2.152e-06,,2.31
goethite-*-U(+6),goethite,alpha-FeOOH,U(+6),hl85,hl85_f8a,2,C(+4)+N(+5)+Na(+1),4.2238,1.308,5.425e-06,,2.31
goethite-*-U(+6),goethite,alpha-FeOOH,U(+6),hl85,hl85_f8a,3,C(+4)+N(+5)+Na(+1),4.2471,1.308,3.872e-06,,2.31
goethite-*-U(+6),goethite,alpha-FeOOH,U(+6),hl85,hl85_f8a,4,C(+4)+N(+5)+Na(+1),4.667,1.308,7.373e-06,,2.31
goethite-*-U(+6),goethite,alpha-FeOOH,U(+6),hl85,hl85_f8a,5,C(+4)+N(+5)+Na(+1),4.7344,1.308,9.202e-06,,2.31
goethite-*-U(+6),goethite,alpha-FeOOH,U(+6),hl85,hl85_f8a,6,C(+4)+N(+5)+Na(+1),4.8302,1.308,9.14e-06,,2.31
goethite-*-U(+6),goethite,alpha-FeOOH,U(+6),hl85,hl85_f8a,7,C(+4)+N(+5)+Na(+1),4.8329,1.308,8.797e-06,,2.31
goethite-*-U(+6),goethite,alpha-FeOOH,U(+6),hl85,hl85_f8a,8,C(+4)+N(+5)+Na(+1),5.0953,1.308,9.384e-06,,2.31
goethite-*-U(+6),goethite,alpha-FeOOH,U(+6),hl85,hl85_f8a,9,C(+4)+N(+5)+Na(+1),5.4756,1.308,9.991e-06,,2.31
goethite-*-U(+6),goethite,alpha-FeOOH,U(+6),hl85,hl85_f8a,10,C(+4)+N(+5)+Na(+1),5.5935,1.308,1.0007e-05,,2.31
goethite-*-U(+6),goethite,alpha-FeOOH,U(+6),hl85,hl85_f8a,11,C(+4)+N(+5)+Na(+1),5.7335,1.308,1.0042e-05,,2.31
goethite-*-U(+6),goethite,alpha-FeOOH,U(+6),hl85,hl85_f8a,12,C(+4)+N(+5)+Na(+1),5.8366,1.308,1.0081e-05,,2.31
goethite-*-U(+6),goethite,alpha-FeOOH,U(+6),hl85,hl85_f8a,13,C(+4)+N(+5)+Na(+1),5.9324,1.308,1.0072e-05,,2.31
goethite-*-U(+6),goethite,alpha-FeOOH,U(+6),hl85,hl85_f8a,14,C(+4)+N(+5)+Na(+1),6.0159,1.308,1.0029e-05,,2.31
goethite-*-U(+6),goethite,alpha-FeOOH,U(+6),hl85,hl85_f8a,15,C(+4)+N(+5)+Na(+1),6.2247,1.308,1.0016e-05,,2.31
goethite-*-U(+6),goethite,alpha-FeOOH,U(+6),hl85,hl85_f8a,16,C(+4)+N(+5)+Na(+1),6.2714,1.308,1.0016e-05,,2.31
goethite-*-U(+6),goethite,alpha-FeOOH,U(+6),hl85,hl85_f8a,17,C(+4)+N(+5)+Na(+1),6.5956,1.308,1.0038e-05,,2.31
goethite-*-U(+6),goethite,alpha-FeOOH,U(+6),hl85,hl85_f8a,18,C(+4)+N(+5)+Na(+1),6.8216,1.308,1.002e-05,,2.31
goethite-*-U(+6),goethite,alpha-FeOOH,U(+6),hl85,hl85_f8a,19,C(+4)+N(+5)+Na(+1),7.023,1.308,9.993e-06,,2.31
goethite-*-U(+6),goethite,alpha-FeOOH,U(+6),hl85,hl85_f8a,20,C(+4)+N(+5)+Na(+1),7.4185,1.308,9.996e-06,,2.31
goethite-*-U(+6),goethite,alpha-FeOOH,U(+6),hl85,hl85_f8a,21,C(+4)+N(+5)+Na(+1),8.0252,1.308,9.995e-06,,2.31
goethite-*-U(+6),goethite,alpha-FeOOH,U(+6),hl85,hl85_f8a,22,C(+4)+N(+5)+Na(+1),8.2389,1.308,9.944e-06,,2.31
goethite-*-U(+6),goethite,alpha-FeOOH,U(+6),mgm03,mgm03_f6aa,1,Cl(+7)+Na(+1),3.111,2.5,8.8e-10,,2.31
goethite-*-U(+6),goethite,alpha-FeOOH,U(+6),mgm03,mgm03_f6aa,2,Cl(+7)+Na(+1),3.341,2.5,8.8e-10,,2.31
goethite-*-U(+6),goethite,alpha-FeOOH,U(+6),mgm03,mgm03_f6aa,3,Cl(+7)+Na(+1),3.692,2.5,6.16e-08,,2.31
goethite-*-U(+6),goethite,alpha-FeOOH,U(+6),mgm03,mgm03_f6aa,4,Cl(+7)+Na(+1),4.004,2.5,6.16e-08,,2.31
goethite-*-U(+6),goethite,alpha-FeOOH,U(+6),mgm03,mgm03_f6aa,5,Cl(+7)+Na(+1),4.794,2.5,3.7686e-07,,2.31
goethite-*-U(+6),goethite,alpha-FeOOH,U(+6),mgm03,mgm03_f6aa,6,Cl(+7)+Na(+1),7.058,2.5,4.3978e-07,,2.31
goethite-*-U(+6),goethite,alpha-FeOOH,U(+6),mgm03,mgm03_f6aa,7,Cl(+7)+Na(+1),7.308,2.5,4.3934e-07,,2.31
goethite-*-U(+6),goethite,alpha-FeOOH,U(+6),mgm03,mgm03_f6aa,8,Cl(+7)+Na(+1),8.099,2.5,4.3934e-07,,2.31
goethite-*-U(+6),goethite,alpha-FeOOH,U(+6),mgm03,mgm03_f6aa,9,Cl(+7)+Na(+1),9.267,2.5,4.3912e-07,,2.31
goethite-*-U(+6),goethite,alpha-FeOOH,U(+6),mgm03,mgm03_f6aa,10,Cl(+7)+Na(+1),10.188,2.5,4.34456e-07,,2.31
goethite-*-U(+6),goethite,alpha-FeOOH,U(+6),mgm03,mgm03_f6ab,1,Cl(+7)+Na(+1),3.119,2.5,2.3584e-08,,2.31
goethite-*-U(+6),goethite,alpha-FeOOH,U(+6),mgm03,mgm03_f6ab,2,Cl(+7)+Na(+1),3.7,2.5,2.9348e-08,,2.31
goethite-*-U(+6),goethite,alpha-FeOOH,U(+6),mgm03,mgm03_f6ab,3,Cl(+7)+Na(+1),4.799,2.5,4.04448e-07,,2.31
goethite-*-U(+6),goethite,alpha-FeOOH,U(+6),mgm03,mgm03_f6ab,4,Cl(+7)+Na(+1),5.802,2.5,4.3824e-07,,2.31
goethite-*-U(+6),goethite,alpha-FeOOH,U(+6),mgm03,mgm03_f6ab,5,Cl(+7)+Na(+1),6.705,2.5,4.3934e-07,,2.31
goethite-*-U(+6),goethite,alpha-FeOOH,U(+6),mgm03,mgm03_f6ab,6,Cl(+7)+Na(+1),7.804,2.5,4.3934e-07,,2.31
goethite-*-U(+6),goethite,alpha-FeOOH,U(+6),mgm03,mgm03_f6ab,7,Cl(+7)+Na(+1),8.853,2.5,4.3934e-07,,2.31
goethite-*-U(+6),goethite,alpha-FeOOH,U(+6),mgm03,mgm03_f6ab,8,Cl(+7)+Na(+1),9.802,2.5,4.389e-07,,2.31
goethite-*-U(+6),goethite,alpha-FeOOH,U(+6),mgm03,mgm03_f6ab,9,Cl(+7)+Na(+1),10.503,2.5,4.34456e-07,,2.31
goethite-*-U(+6),goethite,alpha-FeOOH,U(+6),mgm03,mgm03_f6ac,1,Cl(+7)+Na(+1),3.116,2.5,4.4e-10,,2.31
goethite-*-U(+6),goethite,alpha-FeOOH,U(+6),mgm03,mgm03_f6ac,2,Cl(+7)+Na(+1),3.7,2.5,3.2032e-08,,2.31
goethite-*-U(+6),goethite,alpha-FeOOH,U(+6),mgm03,mgm03_f6ac,3,Cl(+7)+Na(+1),4.802,2.5,4.02864e-07,,2.31
goethite-*-U(+6),goethite,alpha-FeOOH,U(+6),mgm03,mgm03_f6ac,4,Cl(+7)+Na(+1),5.802,2.5,4.3824e-07,,2.31
goethite-*-U(+6),goethite,alpha-FeOOH,U(+6),mgm03,mgm03_f6ac,5,Cl(+7)+Na(+1),6.702,2.5,4.3912e-07,,2.31
goethite-*-U(+6),goethite,alpha-FeOOH,U(+6),mgm03,mgm03_f6ac,6,Cl(+7)+Na(+1),7.802,2.5,4.3912e-07,,2.31
goethite-*-U(+6),goethite,alpha-FeOOH,U(+6),mgm03,mgm03_f6ac,7,Cl(+7)+Na(+1),8.853,2.5,4.389e-07,,2.31
goethite-*-U(+6),goethite,alpha-FeOOH,U(+6),mgm03,mgm03_f6ac,8,Cl(+7)+Na(+1),9.802,2.5,4.3868e-07,,2.31
goethite-*-U(+6),goethite,alpha-FeOOH,U(+6),mgm03,mgm03_f6ac,9,Cl(+7)+Na(+1),10.503,2.5,4.34236e-07,,2.31
goethite-*-U(+6),goethite,alpha-FeOOH,U(+6),mgm03,mgm03_f6bb,1,Cl(+7)+Na(+1),3.118,0.025,2.1164e-08,,2.31
goethite-*-U(+6),goethite,alpha-FeOOH,U(+6),mgm03,mgm03_f6bb,2,Cl(+7)+Na(+1),3.205,0.025,2.1648e-08,,2.31
goethite-*-U(+6),goethite,alpha-FeOOH,U(+6),mgm03,mgm03_f6bb,3,Cl(+7)+Na(+1),4.397,0.025,3.67708e-07,,2.31
goethite-*-U(+6),goethite,alpha-FeOOH,U(+6),mgm03,mgm03_f6bb,4,Cl(+7)+Na(+1),4.487,0.025,3.67708e-07,,2.31
goethite-*-U(+6),goethite,alpha-FeOOH,U(+6),mgm03,mgm03_f6bb,5,Cl(+7)+Na(+1),5.097,0.025,4.38196e-07,,2.31
goethite-*-U(+6),goethite,alpha-FeOOH,U(+6),mgm03,mgm03_f6bb,6,Cl(+7)+Na(+1),6.049,0.025,4.39164e-07,,2.31
goethite-*-U(+6),goethite,alpha-FeOOH,U(+6),mgm03,mgm03_f6bb,7,Cl(+7)+Na(+1),6.262,0.025,4.39384e-07,,2.31
goethite-*-U(+6),goethite,alpha-FeOOH,U(+6),mgm03,mgm03_f6bb,8,Cl(+7)+Na(+1),6.287,0.025,4.39384e-07,,2.31
goethite-*-U(+6),goethite,alpha-FeOOH,U(+6),mgm03,mgm03_f6bb,9,Cl(+7)+Na(+1),6.838,0.025,4.39604e-07,,2.31
goethite-*-U(+6),goethite,alpha-FeOOH,U(+6),mgm03,mgm03_f6bb,10,Cl(+7)+Na(+1),7.2,0.025,4.3912e-07,,2.31
goethite-*-U(+6),goethite,alpha-FeOOH,U(+6),mgm03,mgm03_f6bb,11,Cl(+7)+Na(+1),7.779,0.025,4.3956e-07,,2.31
goethite-*-U(+6),goethite,alpha-FeOOH,U(+6),mgm03,mgm03_f6bb,12,Cl(+7)+Na(+1),8.851,0.025,4.39296e-07,,2.31
goethite-*-U(+6),goethite,alpha-FeOOH,U(+6),mgm03,mgm03_f6bb,13,Cl(+7)+Na(+1),9.762,0.025,4.39516e-07,,2.31
goethite-*-U(+6),goethite,alpha-FeOOH,U(+6),mgm03,mgm03_f6bb,14,Cl(+7)+Na(+1),10.364,0.025,4.38504e-07,,2.31
goethite-*-U(+6),goethite,alpha-FeOOH,U(+6),mgm03,mgm03_f6cb,1,Cl(+7)+Na(+1),3.302,2.5,9.152e-09,,2.31
goethite-*-U(+6),goethite,alpha-FeOOH,U(+6),mgm03,mgm03_f6cb,2,Cl(+7)+Na(+1),3.499,2.5,9.152e-09,,2.31
goethite-*-U(+6),goethite,alpha-FeOOH,U(+6),mgm03,mgm03_f6cb,3,Cl(+7)+Na(+1),3.902,2.5,1.2012e-08,,2.31
goethite-*-U(+6),goethite,alpha-FeOOH,U(+6),mgm03,mgm03_f6cb,4,Cl(+7)+Na(+1),4.201,2.5,4.026e-08,,2.31
goethite-*-U(+6),goethite,alpha-FeOOH,U(+6),mgm03,mgm03_f6cb,5,Cl(+7)+Na(+1),5.695,2.5,4.05944e-07,,2.31
goethite-*-U(+6),goethite,alpha-FeOOH,U(+6),mgm03,mgm03_f6cb,6,Cl(+7)+Na(+1),6.5,2.5,4.34192e-07,,2.31
goethite-*-U(+6),goethite,alpha-FeOOH,U(+6),mgm03,mgm03_f6cb,7,Cl(+7)+Na(+1),7.098,2.5,4.33312e-07,,2.31
goethite-*-U(+6),goethite,alpha-FeOOH,U(+6),mgm03,mgm03_f6cb,8,Cl(+7)+Na(+1),8.697,2.5,4.33092e-07,,2.31
goethite-*-U(+6),goethite,alpha-FeOOH,U(+6),mgm03,mgm03_f7aa,1,Cl(+7)+Na(+1),7.0,2.5,2.3498e-08,,2.31
goethite-*-U(+6),goethite,alpha-FeOOH,U(+6),mgm03,mgm03_f7aa,2,Cl(+7)+Na(+1),7.0,2.5,4.58279e-08,,2.31
goethite-*-U(+6),goethite,alpha-FeOOH,U(+6),mgm03,mgm03_f7aa,3,Cl(+7)+Na(+1),7.0,2.5,1.11643e-07,,2.31
goethite-*-U(+6),goethite,alpha-FeOOH,U(+6),mgm03,mgm03_f7aa,4,Cl(+7)+Na(+1),7.0,2.5,2.31969e-07,,2.31
goethite-*-U(+6),goethite,alpha-FeOOH,U(+6),mgm03,mgm03_f7aa,5,Cl(+7)+Na(+1),7.0,2.5,1.13771e-06,,2.31
goethite-*-U(+6),goethite,alpha-FeOOH,U(+6),mgm03,mgm03_f7aa,6,Cl(+7)+Na(+1),7.0,2.5,5.40543e-06,,2.31
goethite-*-U(+6),goethite,alpha-FeOOH,U(+6),mgm03,mgm03_f7aa,7,Cl(+7)+Na(+1),7.0,2.5,1.05397e-05,,2.31
goethite-*-U(+6),goethite,alpha-FeOOH,U(+6),mgm03,mgm03_f7aa,8,Cl(+7)+Na(+1),7.0,2.5,2.41396e-05,,2.31
goethite-*-U(+6),goethite,alpha-FeOOH,U(+6),mgm03,mgm03_f7ab,1,Cl(+7)+Na(+1),7.0,2.5,2.27683e-08,,2.31
goethite-*-U(+6),goethite,alpha-FeOOH,U(+6),mgm03,mgm03_f7ab,2,Cl(+7)+Na(+1),7.0,2.5,1.11617e-07,,2.31
goethite-*-U(+6),goethite,alpha-FeOOH,U(+6),mgm03,mgm03_f7ab,3,Cl(+7)+Na(+1),7.0,2.5,2.24714e-07,,2.31
goethite-*-U(+6),goethite,alpha-FeOOH,U(+6),mgm03,mgm03_f7ab,4,Cl(+7)+Na(+1),7.0,2.5,1.17417e-06,,2.31
goethite-*-U(+6),goethite,alpha-FeOOH,U(+6),mgm03,mgm03_f7ab,5,Cl(+7)+Na(+1),7.0,2.5,5.57995e-06,,2.31
goethite-*-U(+6),goethite,alpha-FeOOH,U(+6),mgm03,mgm03_f7ab,6,Cl(+7)+Na(+1),7.0,2.5,1.12365e-05,,2.31
goethite-*-U(+6),goethite,alpha-FeOOH,U(+6),mgm03,mgm03_f7ab,7,Cl(+7)+Na(+1),7.0,2.5,2.4134e-05,,2.31
goethite-*-U(+6),goethite,alpha-FeOOH,U(+6),mgm03,mgm03_f7ab,8,Cl(+7)+Na(+1),7.0,2.5,4.58279e-08,,2.31
goethite-*-U(+6),goethite,alpha-FeOOH,U(+6),mgm03,mgm03_f7ac,1,Cl(+7)+Na(+1),7.0,0.025,7.61956e-08,,2.31
goethite-*-U(+6),goethite,alpha-FeOOH,U(+6),mgm03,mgm03_f7ac,2,Cl(+7)+Na(+1),7.0,0.025,1.79858e-07,,2.31
goethite-*-U(+6),goethite,alpha-FeOOH,U(+6),mgm03,mgm03_f7ac,3,Cl(+7)+Na(+1),7.0,0.025,3.73706e-07,,2.31
goethite-*-U(+6),goethite,alpha-FeOOH,U(+6),mgm03,mgm03_f7ac,4,Cl(+7)+Na(+1),7.0,0.025,7.05879e-07,,2.31
goethite-*-U(+6),goethite,alpha-FeOOH,U(+6),mgm03,mgm03_f7ac,5,Cl(+7)+Na(+1),7.0,0.025,1.83244e-06,,2.31
goethite-*-U(+6),goethite,alpha-FeOOH,U(+6),mgm03,mgm03_f7ac,6,Cl(+7)+Na(+1),7.0,0.025,8.43393e-06,,2.31
goethite-*-U(+6),goethite,alpha-FeOOH,U(+6),mgm03,mgm03_f7ac,7,Cl(+7)+Na(+1),7.0,0.025,3.41924e-05,,2.31
goethite-*-U(+6),goethite,alpha-FeOOH,U(+6),mgm03,mgm03_f9b,1,Cl(+7)+Na(+1),3.1089,2.5,9.07674e-09,,2.31
goethite-*-U(+6),goethite,alpha-FeOOH,U(+6),mgm03,mgm03_f9b,2,Cl(+7)+Na(+1),3.1086,2.5,2.44806e-08,,2.31
goethite-*-U(+6),goethite,alpha-FeOOH,U(+6),mgm03,mgm03_f9b,3,Cl(+7)+Na(+1),3.3464,2.5,9.4377e-09,,2.31
goethite-*-U(+6),goethite,alpha-FeOOH,U(+6),mgm03,mgm03_f9b,4,Cl(+7)+Na(+1),3.6785,2.5,3.17441e-08,,2.31
goethite-*-U(+6),goethite,alpha-FeOOH,U(+6),mgm03,mgm03_f9b,5,Cl(+7)+Na(+1),3.6942,2.5,6.22863e-08,,2.31
goethite-*-U(+6),goethite,alpha-FeOOH,U(+6),mgm03,mgm03_f9b,6,Cl(+7)+Na(+1),4.0108,2.5,6.44468e-08,,2.31
goethite-*-U(+6),goethite,alpha-FeOOH,U(+6),mgm03,mgm03_f9b,7,Cl(+7)+Na(+1),4.7856,2.5,3.79605e-07,,2.31
goethite-*-U(+6),goethite,alpha-FeOOH,U(+6),mgm03,mgm03_f9b,8,Cl(+7)+Na(+1),4.8013,2.5,4.05723e-07,,2.31
goethite-*-U(+6),goethite,alpha-FeOOH,U(+6),mgm03,mgm03_f9b,9,Cl(+7)+Na(+1),5.798,2.5,4.38309e-07,,2.31
goethite-*-U(+6),goethite,alpha-FeOOH,U(+6),mgm03,mgm03_f9b,10,Cl(+7)+Na(+1),6.6846,2.5,4.38311e-07,,2.31
goethite-*-U(+6),goethite,alpha-FeOOH,U(+6),mgm03,mgm03_f9b,11,Cl(+7)+Na(+1),6.6686,2.5,4.39028e-07,,2.31
goethite-*-U(+6),goethite,alpha-FeOOH,U(+6),mgm03,mgm03_f9b,12,Cl(+7)+Na(+1),6.7002,2.5,4.39395e-07,,2.31
goethite-*-U(+6),goethite,alpha-FeOOH,U(+6),mgm03,mgm03_f9b,13,Cl(+7)+Na(+1),6.7001,2.5,4.39576e-07,,2.31
goethite-*-U(+6),goethite,alpha-FeOOH,U(+6),mgm03,mgm03_f9b,14,Cl(+7)+Na(+1),7.0485,2.5,4.39395e-07,,2.31
goethite-*-U(+6),goethite,alpha-FeOOH,U(+6),mgm03,mgm03_f9b,15,Cl(+7)+Na(+1),7.3019,2.5,4.39263e-07,,2.31
goethite-*-U(+6),goethite,alpha-FeOOH,U(+6),mgm03,mgm03_f9b,16,Cl(+7)+Na(+1),7.777,2.5,4.39137e-07,,2.31
goethite-*-U(+6),goethite,alpha-FeOOH,U(+6),mgm03,mgm03_f9b,17,Cl(+7)+Na(+1),7.7927,2.5,4.39504e-07,,2.31
goethite-*-U(+6),goethite,alpha-FeOOH,U(+6),mgm03,mgm03_f9b,18,Cl(+7)+Na(+1),8.0778,2.5,4.39171e-07,,2.31
goethite-*-U(+6),goethite,alpha-FeOOH,U(+6),mgm03,mgm03_f9b,19,Cl(+7)+Na(+1),8.8218,2.5,4.39639e-07,,2.31
goethite-*-U(+6),goethite,alpha-FeOOH,U(+6),mgm03,mgm03_f9b,20,Cl(+7)+Na(+1),8.8378,2.5,4.39104e-07,,2.31
goethite-*-U(+6),goethite,alpha-FeOOH,U(+6),mgm03,mgm03_f9b,21,Cl(+7)+Na(+1),9.2654,2.5,4.38865e-07,,2.31
goethite-*-U(+6),goethite,alpha-FeOOH,U(+6),mgm03,mgm03_f9b,22,Cl(+7)+Na(+1),9.7721,2.5,4.38866e-07,,2.31
goethite-*-U(+6),goethite,alpha-FeOOH,U(+6),mgm03,mgm03_f9b,23,Cl(+7)+Na(+1),9.7877,2.5,4.39265e-07,,2.31
goethite-*-U(+6),goethite,alpha-FeOOH,U(+6),mgm03,mgm03_f9b,24,Cl(+7)+Na(+1),10.1684,2.5,4.34748e-07,,2.31
goethite-*-U(+6),goethite,alpha-FeOOH,U(+6),mgm03,mgm03_f9b,25,Cl(+7)+Na(+1),10.4851,2.5,4.3454e-07,,2.31
goethite-*-U(+6),goethite,alpha-FeOOH,U(+6),mgm03,mgm03_f9d,1,Cl(+7)+Na(+1),3.1165,0.025,2.19752e-08,,2.31
goethite-*-U(+6),goethite,alpha-FeOOH,U(+6),mgm03,mgm03_f9d,2,Cl(+7)+Na(+1),3.2118,0.025,2.19752e-08,,2.31
goethite-*-U(+6),goethite,alpha-FeOOH,U(+6),mgm03,mgm03_f9d,3,Cl(+7)+Na(+1),4.391,0.025,3.71508e-07,,2.31
goethite-*-U(+6),goethite,alpha-FeOOH,U(+6),mgm03,mgm03_f9d,4,Cl(+7)+Na(+1),4.5021,0.025,3.70355e-07,,2.31
goethite-*-U(+6),goethite,alpha-FeOOH,U(+6),mgm03,mgm03_f9d,5,Cl(+7)+Na(+1),5.0785,0.025,4.38127e-07,,2.31
goethite-*-U(+6),goethite,alpha-FeOOH,U(+6),mgm03,mgm03_f9d,6,Cl(+7)+Na(+1),6.0149,0.025,4.39099e-07,,2.31
goethite-*-U(+6),goethite,alpha-FeOOH,U(+6),mgm03,mgm03_f9d,7,Cl(+7)+Na(+1),6.253,0.025,4.39134e-07,,2.31
goethite-*-U(+6),goethite,alpha-FeOOH,U(+6),mgm03,mgm03_f9d,8,Cl(+7)+Na(+1),6.2368,0.025,4.39428e-07,,2.31
goethite-*-U(+6),goethite,alpha-FeOOH,U(+6),mgm03,mgm03_f9d,9,Cl(+7)+Na(+1),6.8246,0.025,4.3929e-07,,2.31
goethite-*-U(+6),goethite,alpha-FeOOH,U(+6),mgm03,mgm03_f9d,10,Cl(+7)+Na(+1),7.1742,0.025,4.39082e-07,,2.31
goethite-*-U(+6),goethite,alpha-FeOOH,U(+6),mgm03,mgm03_f9d,11,Cl(+7)+Na(+1),7.7534,0.025,4.39473e-07,,2.31
goethite-*-U(+6),goethite,alpha-FeOOH,U(+6),mgm03,mgm03_f9d,12,Cl(+7)+Na(+1),8.8256,0.025,4.39154e-07,,2.31
goethite-*-U(+6),goethite,alpha-FeOOH,U(+6),mgm03,mgm03_f9d,13,Cl(+7)+Na(+1),9.7387,0.025,4.39279e-07,,2.31
goethite-*-U(+6),goethite,alpha-FeOOH,U(+6),mgm03,mgm03_f9d,14,Cl(+7)+Na(+1),10.327,0.025,4.38472e-07,,2.31
goethite-*-U(+6),goethite,alpha-FeOOH,U(+6),mgm03,mgm03_f9f,1,Cl(+7)+Na(+1),3.287,2.5,9.4673e-09,,2.31
goethite-*-U(+6),goethite,alpha-FeOOH,U(+6),mgm03,mgm03_f9f,2,Cl(+7)+Na(+1),3.4861,2.5,9.10113e-09,,2.31
goethite-*-U(+6),goethite,alpha-FeOOH,U(+6),mgm03,mgm03_f9f,3,Cl(+7)+Na(+1),3.8921,2.5,1.23927e-08,,2.31
goethite-*-U(+6),goethite,alpha-FeOOH,U(+6),mgm03,mgm03_f9f,4,Cl(+7)+Na(+1),4.1945,2.5,4.11637e-08,,2.31
goethite-*-U(+6),goethite,alpha-FeOOH,U(+6),mgm03,mgm03_f9f,5,Cl(+7)+Na(+1),5.6745,2.5,4.06947e-07,,2.31
goethite-*-U(+6),goethite,alpha-FeOOH,U(+6),mgm03,mgm03_f9f,6,Cl(+7)+Na(+1),6.4703,2.5,4.34422e-07,,2.31
goethite-*-U(+6),goethite,alpha-FeOOH,U(+6),mgm03,mgm03_f9f,7,Cl(+7)+Na(+1),7.0836,2.5,4.33332e-07,,2.31
goethite-*-U(+6),goethite,alpha-FeOOH,U(+6),mgm03,mgm03_f9f,8,Cl(+7)+Na(+1),8.6844,2.5,4.33551e-07,,2.31
goethite-*-U(+6),goethite,alpha-FeOOH,U(+6),sph08,sph08_f2a,1,Cl(+7)+Na(+1),3.1197,2.5,7.94e-08,,2.31
goethite-*-U(+6),goethite,alpha-FeOOH,U(+6),sph08,sph08_f2a,2,Cl(+7)+Na(+1),3.4886,2.5,1.323e-07,,2.31
goethite-*-U(+6),goethite,alpha-FeOOH,U(+6),sph08,sph08_f2a,3,Cl(+7)+Na(+1),4.1068,2.5,5.291e-07,,2.31
goethite-*-U(+6),goethite,alpha-FeOOH,U(+6),sph08,sph08_f2a,4,Cl(+7)+Na(+1),4.4957,2.5,2.1693e-06,,2.31
goethite-*-U(+6),goethite,alpha-FeOOH,U(+6),sph08,sph08_f2a,5,Cl(+7)+Na(+1),5.0442,2.5,4.8148e-06,,2.31
goethite-*-U(+6),goethite,alpha-FeOOH,U(+6),sph08,sph08_f2a,6,Cl(+7)+Na(+1),5.6425,2.5,7.2751e-06,,2.31
goethite-*-U(+6),goethite,alpha-FeOOH,U(+6),sph08,sph08_f2a,7,Cl(+7)+Na(+1),5.9615,2.5,8.4392e-06,,2.31
goethite-*-U(+6),goethite,alpha-FeOOH,U(+6),sph08,sph08_f2a,8,Cl(+7)+Na(+1),6.3205,2.5,8.7302e-06,,2.31
goethite-*-U(+6),goethite,alpha-FeOOH,U(+6),sph08,sph08_f2a,9,Cl(+7)+Na(+1),6.7393,2.5,8.6243e-06,,2.31
goethite-*-U(+6),goethite,alpha-FeOOH,U(+6),sph08,sph08_f2a,10,Cl(+7)+Na(+1),7.1581,2.5,7.5397e-06,,2.31
goethite-*-U(+6),goethite,alpha-FeOOH,U(+6),sph08,sph08_f2a,11,Cl(+7)+Na(+1),7.6966,2.5,5.6349e-06,,2.31
goethite-*-U(+6),goethite,alpha-FeOOH,U(+6),sph08,sph08_f2a,12,Cl(+7)+Na(+1),8.1353,2.5,3.7302e-06,,2.31
goethite-*-U(+6),goethite,alpha-FeOOH,U(+6),sph08,sph08_f2a,13,Cl(+7)+Na(+1),8.4345,2.5,2.3016e-06,,2.31
goethite-*-U(+6),goethite,alpha-FeOOH,U(+6),sph08,sph08_f2a,14,Cl(+7)+Na(+1),8.943,2.5,7.672e-07,,2.31
goethite-*-U(+6),goethite,alpha-FeOOH,U(+6),sph08,sph08_f2a,15,Cl(+7)+Na(+1),9.4516,2.5,7.94e-08,,2.31
goethite-*-U(+6),goethite,alpha-FeOOH,U(+6),sph08,sph08_f2a,16,Cl(+7)+Na(+1),9.8305,2.5,7.94e-08,,2.31
goethite-*-U(+6),goethite,alpha-FeOOH,U(+6),sph08,sph08_f2b,1,Cl(+7)+Na(+1),3.1695,2.5,2.65e-08,,2.31
goethite-*-U(+6),goethite,alpha-FeOOH,U(+6),sph08,sph08_f2b,2,Cl(+7)+Na(+1),3.6282,2.5,7.94e-08,,2.31
goethite-*-U(+6),goethite,alpha-FeOOH,U(+6),sph08,sph08_f2b,3,Cl(+7)+Na(+1),4.2564,2.5,7.94e-08,,2.31
goethite-*-U(+6),goethite,alpha-FeOOH,U(+6),sph08,sph08_f2b,4,Cl(+7)+Na(+1),4.9245,2.5,1.3492e-06,,2.31
goethite-*-U(+6),goethite,alpha-FeOOH,U(+6),sph08,sph08_f2b,5,Cl(+7)+Na(+1),5.2436,2.5,3.0159e-06,,2.31
goethite-*-U(+6),goethite,alpha-FeOOH,U(+6),sph08,sph08_f2b,6,Cl(+7)+Na(+1),5.6325,2.5,5.3175e-06,,2.31
goethite-*-U(+6),goethite,alpha-FeOOH,U(+6),sph08,sph08_f2b,7,Cl(+7)+Na(+1),5.9516,2.5,6.7725e-06,,2.31
goethite-*-U(+6),goethite,alpha-FeOOH,U(+6),sph08,sph08_f2b,8,Cl(+7)+Na(+1),6.4402,2.5,8.254e-06,,2.31
goethite-*-U(+6),goethite,alpha-FeOOH,U(+6),sph08,sph08_f2b,9,Cl(+7)+Na(+1),7.0484,2.5,9.3651e-06,,2.31
goethite-*-U(+6),goethite,alpha-FeOOH,U(+6),sph08,sph08_f2b,10,Cl(+7)+Na(+1),7.6368,2.5,9.6296e-06,,2.31
goethite-*-U(+6),goethite,alpha-FeOOH,U(+6),sph08,sph08_f2b,11,Cl(+7)+Na(+1),8.3148,2.5,9.7354e-06,,2.31
goethite-*-U(+6),goethite,alpha-FeOOH,U(+6),sph08,sph08_f2b,12,Cl(+7)+Na(+1),9.1923,2.5,9.7884e-06,,2.31
goethite-*-U(+6),goethite,alpha-FeOOH,U(+6),sph08,sph08_f2b,13,Cl(+7)+Na(+1),10.0,2.5,9.6296e-06,,2.31
goethite-*-U(+6),goethite,alpha-FeOOH,U(+6),sph08,sph08_f2c,1,Cl(+7)+Na(+1),3.0598,2.5,1.323e-08,,2.31
goethite-*-U(+6),goethite,alpha-FeOOH,U(+6),sph08,sph08_f2c,2,Cl(+7)+Na(+1),3.5185,2.5,3.439e-08,,2.31
goethite-*-U(+6),goethite,alpha-FeOOH,U(+6),sph08,sph08_f2c,3,Cl(+7)+Na(+1),4.1766,2.5,2.037e-07,,2.31
goethite-*-U(+6),goethite,alpha-FeOOH,U(+6),sph08,sph08_f2c,4,Cl(+7)+Na(+1),4.6453,2.5,4.6825e-07,,2.31
goethite-*-U(+6),goethite,alpha-FeOOH,U(+6),sph08,sph08_f2c,5,Cl(+7)+Na(+1),4.9444,2.5,6.9577e-07,,2.31
goethite-*-U(+6),goethite,alpha-FeOOH,U(+6),sph08,sph08_f2c,6,Cl(+7)+Na(+1),5.6325,2.5,9.4974e-07,,2.31
goethite-*-U(+6),goethite,alpha-FeOOH,U(+6),sph08,sph08_f2c,7,Cl(+7)+Na(+1),5.7621,2.5,9.709e-07,,2.31
goethite-*-U(+6),goethite,alpha-FeOOH,U(+6),sph08,sph08_f2c,8,Cl(+7)+Na(+1),6.2507,2.5,9.9735e-07,,2.31
goethite-*-U(+6),goethite,alpha-FeOOH,U(+6),sph08,sph08_f2c,9,Cl(+7)+Na(+1),6.4402,2.5,9.9735e-07,,2.31
goethite-*-U(+6),goethite,alpha-FeOOH,U(+6),sph08,sph08_f2c,10,Cl(+7)+Na(+1),7.3974,2.5,9.5767e-07,,2.31
goethite-*-U(+6),goethite,alpha-FeOOH,U(+6),sph08,sph08_f2c,11,Cl(+7)+Na(+1),7.7963,2.5,8.7302e-07,,2.31
goethite-*-U(+6),goethite,alpha-FeOOH,U(+6),sph08,sph08_f2c,12,Cl(+7)+Na(+1),8.4145,2.5,4.5767e-07,,2.31
goethite-*-U(+6),goethite,alpha-FeOOH,U(+6),sph08,sph08_f2c,13,Cl(+7)+Na(+1),8.8234,2.5,1.3757e-07,,2.31
goethite-*-U(+6),goethite,alpha-FeOOH,U(+6),sph08,sph08_f2c,14,Cl(+7)+Na(+1),9.4815,2.5,5.29e-09,,2.31
goethite-*-U(+6),goethite,alpha-FeOOH,U(+6),sph08,sph08_f2c,15,Cl(+7)+Na(+1),9.9003,2.5,1.058e-08,,2.31
goethite-*-U(+6),goethite,alpha-FeOOH,U(+6),sph08,sph08_f2d,1,Cl(+7)+Na(+1),3.0,2.5,5.29e-09,,2.31
goethite-*-U(+6),goethite,alpha-FeOOH,U(+6),sph08,sph08_f2d,2,Cl(+7)+Na(+1),3.3977,2.5,1.587e-08,,2.31
goethite-*-U(+6),goethite,alpha-FeOOH,U(+6),sph08,sph08_f2d,3,Cl(+7)+Na(+1),4.0938,2.5,5.026e-08,,2.31
goethite-*-U(+6),goethite,alpha-FeOOH,U(+6),sph08,sph08_f2d,4,Cl(+7)+Na(+1),4.5114,2.5,1.6138e-07,,2.31
goethite-*-U(+6),goethite,alpha-FeOOH,U(+6),sph08,sph08_f2d,5,Cl(+7)+Na(+1),4.9986,2.5,4.2857e-07,,2.31
goethite-*-U(+6),goethite,alpha-FeOOH,U(+6),sph08,sph08_f2d,6,Cl(+7)+Na(+1),5.3565,2.5,7.0635e-07,,2.31
goethite-*-U(+6),goethite,alpha-FeOOH,U(+6),sph08,sph08_f2d,7,Cl(+7)+Na(+1),5.8835,2.5,9.2328e-07,,2.31
goethite-*-U(+6),goethite,alpha-FeOOH,U(+6),sph08,sph08_f2d,8,Cl(+7)+Na(+1),6.2514,2.5,9.8677e-07,,2.31
goethite-*-U(+6),goethite,alpha-FeOOH,U(+6),sph08,sph08_f2d,9,Cl(+7)+Na(+1),6.4901,2.5,9.9735e-07,,2.31
goethite-*-U(+6),goethite,alpha-FeOOH,U(+6),sph08,sph08_f2d,10,Cl(+7)+Na(+1),6.7685,2.5,1.00265e-06,,2.31
goethite-*-U(+6),goethite,alpha-FeOOH,U(+6),sph08,sph08_f2d,11,Cl(+7)+Na(+1),7.1264,2.5,1.00265e-06,,2.31
goethite-*-U(+6),goethite,alpha-FeOOH,U(+6),sph08,sph08_f2d,12,Cl(+7)+Na(+1),7.7628,2.5,9.9206e-07,,2.31
goethite-*-U(+6),goethite,alpha-FeOOH,U(+6),sph08,sph08_f2d,13,Cl(+7)+Na(+1),9.0156,2.5,9.9206e-07,,2.31
goethite-*-U(+6),goethite,alpha-FeOOH,U(+6),sph08,sph08_f2d,14,Cl(+7)+Na(+1),9.3935,2.5,9.8413e-07,,2.31
goethite-*-U(+6),goethite,alpha-FeOOH,U(+6),sph08,sph08_f2d,15,Cl(+7)+Na(+1),9.8608,2.5,9.709e-07,,2.31
goethite-*-U(+6),goethite,alpha-FeOOH,U(+6),sph08,sph08_f2e,1,Cl(+7)+Na(+1),3.5385,2.5,1.4286e-08,,2.31
goethite-*-U(+6),goethite,alpha-FeOOH,U(+6),sph08,sph08_f2e,2,Cl(+7)+Na(+1),4.0271,2.5,3.3598e-08,,2.31
goethite-*-U(+6),goethite,alpha-FeOOH,U(+6),sph08,sph08_f2e,3,Cl(+7)+Na(+1),4.2464,2.5,5.0794e-08,,2.31
goethite-*-U(+6),goethite,alpha-FeOOH,U(+6),sph08,sph08_f2e,4,Cl(+7)+Na(+1),4.6553,2.5,8.545e-08,,2.31
goethite-*-U(+6),goethite,alpha-FeOOH,U(+6),sph08,sph08_f2e,5,Cl(+7)+Na(+1),5.1339,2.5,1e-07,,2.31
goethite-*-U(+6),goethite,alpha-FeOOH,U(+6),sph08,sph08_f2e,6,Cl(+7)+Na(+1),5.5228,2.5,1.00265e-07,,2.31
goethite-*-U(+6),goethite,alpha-FeOOH,U(+6),sph08,sph08_f2e,7,Cl(+7)+Na(+1),5.7023,2.5,1.00529e-07,,2.31
goethite-*-U(+6),goethite,alpha-FeOOH,U(+6),sph08,sph08_f2e,8,Cl(+7)+Na(+1),5.8917,2.5,1.00265e-07,,2.31
goethite-*-U(+6),goethite,alpha-FeOOH,U(+6),sph08,sph08_f2e,9,Cl(+7)+Na(+1),6.2108,2.5,1.00265e-07,,2.31
goethite-*-U(+6),goethite,alpha-FeOOH,U(+6),sph08,sph08_f2e,10,Cl(+7)+Na(+1),6.7293,2.5,9.8942e-08,,2.31
goethite-*-U(+6),goethite,alpha-FeOOH,U(+6),sph08,sph08_f2e,11,Cl(+7)+Na(+1),7.0883,2.5,9.9735e-08,,2.31
goethite-*-U(+6),goethite,alpha-FeOOH,U(+6),sph08,sph08_f2e,12,Cl(+7)+Na(+1),7.3974,2.5,9.8942e-08,,2.31
goethite-*-U(+6),goethite,alpha-FeOOH,U(+6),sph08,sph08_f2e,13,Cl(+7)+Na(+1),7.6268,2.5,1e-07,,2.31
goethite-*-U(+6),goethite,alpha-FeOOH,U(+6),sph08,sph08_f2e,14,Cl(+7)+Na(+1),7.9359,2.5,9.7354e-08,,2.31
goethite-*-U(+6),goethite,alpha-FeOOH,U(+6),sph08,sph08_f2e,15,Cl(+7)+Na(+1),8.235,2.5,7.2487e-08,,2.31
goethite-*-U(+6),goethite,alpha-FeOOH,U(+6),sph08,sph08_f2e,16,Cl(+7)+Na(+1),8.584,2.5,2.619e-08,,2.31
goethite-*-U(+6),goethite,alpha-FeOOH,U(+6),sph08,sph08_f2e,17,Cl(+7)+Na(+1),8.9031,2.5,5.026e-09,,2.31
goethite-*-U(+6),goethite,alpha-FeOOH,U(+6),sph08,sph08_f2e,18,Cl(+7)+Na(+1),9.4416,2.5,5.29e-10,,2.31
goethite-*-U(+6),goethite,alpha-FeOOH,U(+6),sph08,sph08_f2e,19,Cl(+7)+Na(+1),9.9501,2.5,1.058e-09,,2.31
goethite-*-U(+6),goethite,alpha-FeOOH,U(+6),sph08,sph08_f2f,1,Cl(+7)+Na(+1),3.1595,2.5,5.29e-10,,2.31
goethite-*-U(+6),goethite,alpha-FeOOH,U(+6),sph08,sph08_f2f,2,Cl(+7)+Na(+1),3.4886,2.5,1.058e-09,,2.31
goethite-*-U(+6),goethite,alpha-FeOOH,U(+6),sph08,sph08_f2f,3,Cl(+7)+Na(+1),3.9373,2.5,5.026e-09,,2.31
goethite-*-U(+6),goethite,alpha-FeOOH,U(+6),sph08,sph08_f2f,4,Cl(+7)+Na(+1),4.2165,2.5,1.3492e-08,,2.31
goethite-*-U(+6),goethite,alpha-FeOOH,U(+6),sph08,sph08_f2f,5,Cl(+7)+Na(+1),4.5057,2.5,3.3069e-08,,2.31
goethite-*-U(+6),goethite,alpha-FeOOH,U(+6),sph08,sph08_f2f,6,Cl(+7)+Na(+1),4.755,2.5,5.6878e-08,,2.31
goethite-*-U(+6),goethite,alpha-FeOOH,U(+6),sph08,sph08_f2f,7,Cl(+7)+Na(+1),5.1239,2.5,8.6508e-08,,2.31
goethite-*-U(+6),goethite,alpha-FeOOH,U(+6),sph08,sph08_f2f,8,Cl(+7)+Na(+1),5.3832,2.5,9.7354e-08,,2.31
goethite-*-U(+6),goethite,alpha-FeOOH,U(+6),sph08,sph08_f2f,9,Cl(+7)+Na(+1),5.792,2.5,1.01323e-07,,2.31
goethite-*-U(+6),goethite,alpha-FeOOH,U(+6),sph08,sph08_f2f,10,Cl(+7)+Na(+1),5.9615,2.5,1.02116e-07,,2.31
goethite-*-U(+6),goethite,alpha-FeOOH,U(+6),sph08,sph08_f2f,11,Cl(+7)+Na(+1),6.1809,2.5,1.02116e-07,,2.31
goethite-*-U(+6),goethite,alpha-FeOOH,U(+6),sph08,sph08_f2f,12,Cl(+7)+Na(+1),6.3903,2.5,1.02116e-07,,2.31
goethite-*-U(+6),goethite,alpha-FeOOH,U(+6),sph08,sph08_f2f,13,Cl(+7)+Na(+1),7.4872,2.5,1.02116e-07,,2.31
goethite-*-U(+6),goethite,alpha-FeOOH,U(+6),sph08,sph08_f2f,14,Cl(+7)+Na(+1),9.1425,2.5,1.02116e-07,,2.31
goethite-*-U(+6),goethite,alpha-FeOOH,U(+6),sph08,sph08_f2f,15,Cl(+7)+Na(+1),9.8903,2.5,1.01323e-07,,2.31
goethite-*-U(+6),goethite,alpha-FeOOH,U(+6),csb18,csb18_f4c,1,Cl(-1)+Na(+1),3.0549,0.01,3.06811e-06,,2.31
goethite-*-U(+6),goethite,alpha-FeOOH,U(+6),csb18,csb18_f4c,2,Cl(-1)+Na(+1),4.0242,0.01,4.49718e-05,,2.31
goethite-*-U(+6),goethite,alpha-FeOOH,U(+6),csb18,csb18_f4c,3,Cl(-1)+Na(+1),4.5434,0.01,0.000185951,,2.31
goethite-*-U(+6),goethite,alpha-FeOOH,U(+6),csb18,csb18_f4c,4,Cl(-1)+Na(+1),5.0459,0.01,0.000305315,,2.31
goethite-*-U(+6),goethite,alpha-FeOOH,U(+6),csb18,csb18_f4c,5,Cl(-1)+Na(+1),6.0325,0.01,0.000404103,,2.31
goethite-*-U(+6),goethite,alpha-FeOOH,U(+6),csb18,csb18_f4c,6,Cl(-1)+Na(+1),6.751,0.01,0.000419888,,2.31
goethite-*-U(+6),goethite,alpha-FeOOH,U(+6),csb18,csb18_f4c,7,Cl(-1)+Na(+1),7.1018,0.01,0.000418681,,2.31
goethite-*-U(+6),goethite,alpha-FeOOH,U(+6),csb18,csb18_f4c,8,Cl(-1)+Na(+1),7.4025,0.01,0.000418621,,2.31
goethite-*-U(+6),goethite,alpha-FeOOH,U(+6),csb18,csb18_f4c,9,Cl(-1)+Na(+1),7.7866,0.01,0.000408305,,2.31
goethite-*-U(+6),goethite,alpha-FeOOH,U(+6),csb18,csb18_f4c,10,Cl(-1)+Na(+1),8.6052,0.01,0.000416106,,2.31
goethite-*-U(+6),goethite,alpha-FeOOH,U(+6),csb18,csb18_f4c,11,Cl(-1)+Na(+1),9.8409,0.01,0.000361247,,2.31
goethite-*-U(+6),goethite,alpha-FeOOH,U(+6),jhlch99,jhlch99_f1aa,1,K(+1)+N(+5),2.7533,1.3,2e-08,,2.31
goethite-*-U(+6),goethite,alpha-FeOOH,U(+6),jhlch99,jhlch99_f1aa,2,K(+1)+N(+5),2.931,1.3,1.5e-07,,2.31
goethite-*-U(+6),goethite,alpha-FeOOH,U(+6),jhlch99,jhlch99_f1aa,3,K(+1)+N(+5),3.2443,1.3,2.3e-07,,2.31
goethite-*-U(+6),goethite,alpha-FeOOH,U(+6),jhlch99,jhlch99_f1aa,4,K(+1)+N(+5),3.5101,1.3,3.78e-06,,2.31
goethite-*-U(+6),goethite,alpha-FeOOH,U(+6),jhlch99,jhlch99_f1aa,5,K(+1)+N(+5),4.3534,1.3,1.246e-05,,2.31
goethite-*-U(+6),goethite,alpha-FeOOH,U(+6),jhlch99,jhlch99_f1aa,6,K(+1)+N(+5),4.9757,1.3,4.606e-05,,2.31
goethite-*-U(+6),goethite,alpha-FeOOH,U(+6),jhlch99,jhlch99_f1aa,7,K(+1)+N(+5),5.7358,1.3,9.956e-05,,2.31
goethite-*-U(+6),goethite,alpha-FeOOH,U(+6),jhlch99,jhlch99_f1aa,8,K(+1)+N(+5),6.4239,1.3,9.958e-05,,2.31
goethite-*-U(+6),goethite,alpha-FeOOH,U(+6),jhlch99,jhlch99_f1ab,1,K(+1)+N(+5),2.8923,1.3,2e-08,,2.31
goethite-*-U(+6),goethite,alpha-FeOOH,U(+6),jhlch99,jhlch99_f1ab,2,K(+1)+N(+5),3.1352,1.3,9e-08,,2.31
goethite-*-U(+6),goethite,alpha-FeOOH,U(+6),jhlch99,jhlch99_f1ab,3,K(+1)+N(+5),3.6794,1.3,1.425e-05,,2.31
goethite-*-U(+6),goethite,alpha-FeOOH,U(+6),jhlch99,jhlch99_f1ab,4,K(+1)+N(+5),4.3355,1.3,6.038e-05,,2.31
goethite-*-U(+6),goethite,alpha-FeOOH,U(+6),jhlch99,jhlch99_f1ab,5,K(+1)+N(+5),5.2376,1.3,9.528e-05,,2.31
goethite-*-U(+6),goethite,alpha-FeOOH,U(+6),jhlch99,jhlch99_f1ab,6,K(+1)+N(+5),5.6248,1.3,9.723e-05,,2.31
goethite-*-U(+6),goethite,alpha-FeOOH,U(+6),jhlch99,jhlch99_f1ab,7,K(+1)+N(+5),5.7146,1.3,9.891e-05,,2.31
goethite-*-U(+6),goethite,alpha-FeOOH,U(+6),jhlch99,jhlch99_f1ab,8,K(+1)+N(+5),5.9012,1.3,9.918e-05,,2.31
goethite-*-U(+6),goethite,alpha-FeOOH,U(+6),jhlch99,jhlch99_f1ab,9,K(+1)+N(+5),6.1036,1.3,9.944e-05,,2.31
goethite-*-U(+6),goethite,alpha-FeOOH,U(+6),jhlch99,jhlch99_f1ba,1,K(+1)+N(+5),2.743,1.3,-4.7e-07,,2.31
goethite-*-U(+6),goethite,alpha-FeOOH,U(+6),jhlch99,jhlch99_f1ba,2,K(+1)+N(+5),3.61,1.3,4.49e-06,,2.31
goethite-*-U(+6),goethite,alpha-FeOOH,U(+6),jhlch99,jhlch99_f1ba,3,K(+1)+N(+5),5.221,1.3,6.371e-05,,2.31
goethite-*-U(+6),goethite,alpha-FeOOH,U(+6),jhlch99,jhlch99_f1ba,4,K(+1)+N(+5),6.44,1.3,9.024e-05,,2.31
goethite-*-U(+6),goethite,alpha-FeOOH,U(+6),jhlch99,jhlch99_f1ba,5,K(+1)+N(+5),6.874,1.3,9.427e-05,,2.31
goethite-*-U(+6),goethite,alpha-FeOOH,U(+6),jhlch99,jhlch99_f1ba,6,K(+1)+N(+5),6.976,1.3,9.092e-05,,2.31
goethite-*-U(+6),goethite,alpha-FeOOH,U(+6),jhlch99,jhlch99_f1ba,7,K(+1)+N(+5),8.001,1.3,6.969e-05,,2.31
goethite-*-U(+6),goethite,alpha-FeOOH,U(+6),jhlch99,jhlch99_f1ba,8,K(+1)+N(+5),8.355,1.3,2.738e-05,,2.31
goethite-*-U(+6),goethite,alpha-FeOOH,U(+6),jhlch99,jhlch99_f1ba,9,K(+1)+N(+5),8.732,1.3,1.786e-05,,2.31
goethite-*-U(+6),goethite,alpha-FeOOH,U(+6),jhlch99,jhlch99_f1ba,10,K(+1)+N(+5),9.147,1.3,4.6e-07,,2.31
goethite-*-U(+6),goethite,alpha-FeOOH,U(+6),jhlch99,jhlch99_f1bb,1,K(+1)+N(+5),2.922,1.3,5.8e-07,,2.31
goethite-*-U(+6),goethite,alpha-FeOOH,U(+6),jhlch99,jhlch99_f1bb,2,K(+1)+N(+5),4.642,1.3,7.503e-05,,2.31
goethite-*-U(+6),goethite,alpha-FeOOH,U(+6),jhlch99,jhlch99_f1bb,3,K(+1)+N(+5),4.911,1.3,8.498e-05,,2.31
goethite-*-U(+6),goethite,alpha-FeOOH,U(+6),jhlch99,jhlch99_f1bb,4,K(+1)+N(+5),5.044,1.3,8.628e-05,,2.31
goethite-*-U(+6),goethite,alpha-FeOOH,U(+6),jhlch99,jhlch99_f1bb,5,K(+1)+N(+5),5.335,1.3,9.508e-05,,2.31
goethite-*-U(+6),goethite,alpha-FeOOH,U(+6),jhlch99,jhlch99_f1bb,6,K(+1)+N(+5),6.223,1.3,9.604e-05,,2.31
goethite-*-U(+6),goethite,alpha-FeOOH,U(+6),jhlch99,jhlch99_f1bb,7,K(+1)+N(+5),6.292,1.3,9.617e-05,,2.31
goethite-*-U(+6),goethite,alpha-FeOOH,U(+6),jhlch99,jhlch99_f1bb,8,K(+1)+N(+5),6.748,1.3,9.723e-05,,2.31
goethite-*-U(+6),goethite,alpha-FeOOH,U(+6),jhlch99,jhlch99_f1bb,9,K(+1)+N(+5),7.75,1.3,9.626e-05,,2.31
goethite-*-U(+6),goethite,alpha-FeOOH,U(+6),jhlch99,jhlch99_f1bb,10,K(+1)+N(+5),8.263,1.3,9.423e-05,,2.31
goethite-*-U(+6),goethite,alpha-FeOOH,U(+6),jhlch99,jhlch99_f1bb,11,K(+1)+N(+5),8.705,1.3,7.361e-05,,2.31
goethite-*-U(+6),goethite,alpha-FeOOH,U(+6),jhlch99,jhlch99_f1bb,12,K(+1)+N(+5),9.149,1.3,2.292e-05,,2.31
goethite-*-U(+6),goethite,alpha-FeOOH,U(+6),dw14,dw14_f3aa,1,N(+5)+Na(+1),3.0351,0.13,5.42303e-08,,2.31
goethite-*-U(+6),goethite,alpha-FeOOH,U(+6),dw14,dw14_f3aa,2,N(+5)+Na(+1),3.5535,0.13,1.82139e-07,,2.31
goethite-*-U(+6),goethite,alpha-FeOOH,U(+6),dw14,dw14_f3aa,3,N(+5)+Na(+1),4.0392,0.13,5.68872e-07,,2.31
goethite-*-U(+6),goethite,alpha-FeOOH,U(+6),dw14,dw14_f3aa,4,N(+5)+Na(+1),4.6482,0.13,9.34431e-07,,2.31
goethite-*-U(+6),goethite,alpha-FeOOH,U(+6),dw14,dw14_f3aa,5,N(+5)+Na(+1),5.1835,0.13,9.934e-07,,2.31
goethite-*-U(+6),goethite,alpha-FeOOH,U(+6),dw14,dw14_f3aa,6,N(+5)+Na(+1),6.2036,0.13,9.9883e-07,,2.31
goethite-*-U(+6),goethite,alpha-FeOOH,U(+6),dw14,dw14_f3aa,7,N(+5)+Na(+1),7.0094,0.13,9.98751e-07,,2.31
goethite-*-U(+6),goethite,alpha-FeOOH,U(+6),dw14,dw14_f3aa,8,N(+5)+Na(+1),7.5192,0.13,9.98807e-07,,2.31
goethite-*-U(+6),goethite,alpha-FeOOH,U(+6),dw14,dw14_f3aa,9,N(+5)+Na(+1),8.0291,0.13,9.98808e-07,,2.31
goethite-*-U(+6),goethite,alpha-FeOOH,U(+6),dw14,dw14_f3aa,10,N(+5)+Na(+1),8.5131,0.13,9.55364e-07,,2.31
goethite-*-U(+6),goethite,alpha-FeOOH,U(+6),dw14,dw14_f3b,1,N(+5)+Na(+1),3.0478,0.13,5.714e-08,,2.31
goethite-*-U(+6),goethite,alpha-FeOOH,U(+6),dw14,dw14_f3b,2,N(+5)+Na(+1),3.5531,0.13,1.8442e-07,,2.31
goethite-*-U(+6),goethite,alpha-FeOOH,U(+6),dw14,dw14_f3b,3,N(+5)+Na(+1),4.0329,0.13,5.4286e-07,,2.31
goethite-*-U(+6),goethite,alpha-FeOOH,U(+6),dw14,dw14_f3b,4,N(+5)+Na(+1),4.645,0.13,9.3766e-07,,2.31
goethite-*-U(+6),goethite,alpha-FeOOH,U(+6),dw14,dw14_f3b,5,N(+5)+Na(+1),5.1627,0.13,9.974e-07,,2.31
goethite-*-U(+6),goethite,alpha-FeOOH,U(+6),dw14,dw14_f3b,6,N(+5)+Na(+1),6.1988,0.13,1e-06,,2.31
goethite-*-U(+6),goethite,alpha-FeOOH,U(+6),dw14,dw14_f3b,7,N(+5)+Na(+1),7.006,0.13,1e-06,,2.31
goethite-*-U(+6),goethite,alpha-FeOOH,U(+6),dw14,dw14_f3b,8,N(+5)+Na(+1),7.512,0.13,1e-06,,2.31
goethite-*-U(+6),goethite,alpha-FeOOH,U(+6),dw14,dw14_f3b,9,N(+5)+Na(+1),8.0301,0.13,1e-06,,2.31
goethite-*-U(+6),goethite,alpha-FeOOH,U(+6),dw14,dw14_f3b,10,N(+5)+Na(+1),8.5003,0.13,9.5584e-07,,2.31
goethite-*-U(+6),goethite,alpha-FeOOH,U(+6),hl85,hl85_f2b,1,N(+5)+Na(+1),3.683,1.3,1.859e-06,,2.31
goethite-*-U(+6),goethite,alpha-FeOOH,U(+6),hl85,hl85_f2b,2,N(+5)+Na(+1),4.036,1.3,4.966e-06,,2.31
goethite-*-U(+6),goethite,alpha-FeOOH,U(+6),hl85,hl85_f2b,3,N(+5)+Na(+1),4.082,1.3,4.552e-06,,2.31
goethite-*-U(+6),goethite,alpha-FeOOH,U(+6),hl85,hl85_f2b,4,N(+5)+Na(+1),4.088,1.3,3.479e-06,,2.31
goethite-*-U(+6),goethite,alpha-FeOOH,U(+6),hl85,hl85_f2b,5,N(+5)+Na(+1),4.245,1.3,5.027e-06,,2.31
goethite-*-U(+6),goethite,alpha-FeOOH,U(+6),hl85,hl85_f2b,6,N(+5)+Na(+1),4.256,1.3,6.074e-06,,2.31
goethite-*-U(+6),goethite,alpha-FeOOH,U(+6),hl85,hl85_f2b,7,N(+5)+Na(+1),4.393,1.3,6.047e-06,,2.31
goethite-*-U(+6),goethite,alpha-FeOOH,U(+6),hl85,hl85_f2b,8,N(+5)+Na(+1),4.522,1.3,7.522e-06,,2.31
goethite-*-U(+6),goethite,alpha-FeOOH,U(+6),hl85,hl85_f2b,9,N(+5)+Na(+1),4.569,1.3,7.333e-06,,2.31
goethite-*-U(+6),goethite,alpha-FeOOH,U(+6),hl85,hl85_f2b,10,N(+5)+Na(+1),4.746,1.3,8.217e-06,,2.31
goethite-*-U(+6),goethite,alpha-FeOOH,U(+6),hl85,hl85_f2b,11,N(+5)+Na(+1),4.998,1.3,9.55e-06,,2.31
goethite-*-U(+6),goethite,alpha-FeOOH,U(+6),hl85,hl85_f2b,12,N(+5)+Na(+1),5.019,1.3,9.299e-06,,2.31
goethite-*-U(+6),goethite,alpha-FeOOH,U(+6),hl85,hl85_f2b,13,N(+5)+Na(+1),5.345,1.3,9.553e-06,,2.31
goethite-*-U(+6),goethite,alpha-FeOOH,U(+6),hl85,hl85_f2b,14,N(+5)+Na(+1),5.751,1.3,9.797e-06,,2.31
goethite-*-U(+6),goethite,alpha-FeOOH,U(+6),hl85,hl85_f2b,15,N(+5)+Na(+1),6.114,1.3,9.958e-06,,2.31
goethite-*-U(+6),goethite,alpha-FeOOH,U(+6),hl85,hl85_f2b,16,N(+5)+Na(+1),6.649,1.3,9.976e-06,,2.31
goethite-*-U(+6),goethite,alpha-FeOOH,U(+6),hl85,hl85_f2b,17,N(+5)+Na(+1),7.332,1.3,9.977e-06,,2.31
goethite-*-U(+6),goethite,alpha-FeOOH,U(+6),hl85,hl85_f2b,18,N(+5)+Na(+1),8.102,1.3,9.963e-06,,2.31
goethite-*-U(+6),goethite,alpha-FeOOH,U(+6),hl85,hl85_f2b,19,N(+5)+Na(+1),8.91,1.3,9.964e-06,,2.31
goethite-*-U(+6),goethite,alpha-FeOOH,U(+6),hl85,hl85_f4bc,1,N(+5)+Na(+1),3.6343,1.3,1.70098e-06,,2.31
goethite-*-U(+6),goethite,alpha-FeOOH,U(+6),hl85,hl85_f4bc,2,N(+5)+Na(+1),4.1274,1.3,3.50381e-06,,2.31
goethite-*-U(+6),goethite,alpha-FeOOH,U(+6),hl85,hl85_f4bc,3,N(+5)+Na(+1),4.1189,1.3,5.02838e-06,,2.31
goethite-*-U(+6),goethite,alpha-FeOOH,U(+6),hl85,hl85_f4bc,4,N(+5)+Na(+1),4.5005,1.3,6.02524e-06,,2.31
goethite-*-U(+6),goethite,alpha-FeOOH,U(+6),hl85,hl85_f4bc,5,N(+5)+Na(+1),4.6501,1.3,7.11545e-06,,2.31
goethite-*-U(+6),goethite,alpha-FeOOH,U(+6),hl85,hl85_f4bc,6,N(+5)+Na(+1),4.4928,1.3,7.62156e-06,,2.31
goethite-*-U(+6),goethite,alpha-FeOOH,U(+6),hl85,hl85_f4bc,7,N(+5)+Na(+1),4.726,1.3,8.29197e-06,,2.31
goethite-*-U(+6),goethite,alpha-FeOOH,U(+6),hl85,hl85_f4bc,8,N(+5)+Na(+1),4.9885,1.3,9.2173e-06,,2.31
goethite-*-U(+6),goethite,alpha-FeOOH,U(+6),hl85,hl85_f4bc,9,N(+5)+Na(+1),5.0448,1.3,9.34737e-06,,2.31
goethite-*-U(+6),goethite,alpha-FeOOH,U(+6),hl85,hl85_f4bc,10,N(+5)+Na(+1),4.9719,1.3,9.58808e-06,,2.31
goethite-*-U(+6),goethite,alpha-FeOOH,U(+6),hl85,hl85_f4bc,11,N(+5)+Na(+1),5.3342,1.3,9.5833e-06,,2.31
goethite-*-U(+6),goethite,alpha-FeOOH,U(+6),hl85,hl85_f4bc,12,N(+5)+Na(+1),5.7657,1.3,9.89165e-06,,2.31
goethite-*-U(+6),goethite,alpha-FeOOH,U(+6),hl85,hl85_f4bc,13,N(+5)+Na(+1),6.1385,1.3,9.92855e-06,,2.31
goethite-*-U(+6),goethite,alpha-FeOOH,U(+6),hl85,hl85_f4bc,14,N(+5)+Na(+1),6.6473,1.3,9.99313e-06,,2.31
goethite-*-U(+6),goethite,alpha-FeOOH,U(+6),hl85,hl85_f4bc,15,N(+5)+Na(+1),7.1405,1.3,9.99474e-06,,2.31
goethite-*-U(+6),goethite,alpha-FeOOH,U(+6),hl85,hl85_f4bc,16,N(+5)+Na(+1),7.3549,1.3,9.99584e-06,,2.31
goethite-*-U(+6),goethite,alpha-FeOOH,U(+6),hl85,hl85_f4bc,17,N(+5)+Na(+1),8.1169,1.3,9.99609e-06,,2.31
goethite-*-U(+6),goethite,alpha-FeOOH,U(+6),hl85,hl85_f4bc,18,N(+5)+Na(+1),8.8777,1.3,9.99471e-06,,2.31
goethite-*-U(+6),goethite,alpha-FeOOH,U(+6),t83,T83_f2-12a,1,N(+5)+Na(+1),5.60681,6.5,8.94555e-08,,2.31
goethite-*-U(+6),goethite,alpha-FeOOH,U(+6),t83,T83_f2-12a,2,N(+5)+Na(+1),5.7562,6.5,1.27027e-07,,2.31
goethite-*-U(+6),goethite,alpha-FeOOH,U(+6),t83,T83_f2-12a,3,N(+5)+Na(+1),6.14999,6.5,2.53965e-07,,2.31
goethite-*-U(+6),goethite,alpha-FeOOH,U(+6),t83,T83_f2-12a,4,N(+5)+Na(+1),6.33732,6.5,3.51928e-07,,2.31
goethite-*-U(+6),goethite,alpha-FeOOH,U(+6),t83,T83_f2-12a,5,N(+5)+Na(+1),6.4663,6.5,3.83025e-07,,2.31
goethite-*-U(+6),goethite,alpha-FeOOH,U(+6),t83,T83_f2-12b,1,N(+5)+Na(+1),5.71562,9.1,9.25392e-08,,2.31
goethite-*-U(+6),goethite,alpha-FeOOH,U(+6),t83,T83_f2-12b,2,N(+5)+Na(+1),5.86776,9.1,1.37853e-07,,2.31
goethite-*-U(+6),goethite,alpha-FeOOH,U(+6),t83,T83_f2-12b,3,N(+5)+Na(+1),6.31762,9.1,3.10819e-07,,2.31
goethite-*-U(+6),goethite,alpha-FeOOH,U(+6),t83,T83_f2-12b,4,N(+5)+Na(+1),6.56666,9.1,3.85403e-07,,2.31
goethite-*-U(+6),goethite,alpha-FeOOH,U(+6),t83,T83_f2-12b,5,N(+5)+Na(+1),6.7609,9.1,3.99456e-07,,2.31
goethite-*-U(+6),goethite,alpha-FeOOH,U(+6),t83,T83_TVI-1a,1,N(+5)+Na(+1),5.24,1.3,1.02193e-07,,2.31
goethite-*-U(+6),goethite,alpha-FeOOH,U(+6),t83,T83_TVI-1a,2,N(+5)+Na(+1),5.44,1.3,1.63877e-07,,2.31
goethite-*-U(+6),goethite,alpha-FeOOH,U(+6),t83,T83_TVI-1a,3,N(+5)+Na(+1),5.62,1.3,2.03652e-07,,2.31
goethite-*-U(+6),goethite,alpha-FeOOH,U(+6),t83,T83_TVI-1a,4,N(+5)+Na(+1),5.75,1.3,2.63623e-07,,2.31
goethite-*-U(+6),goethite,alpha-FeOOH,U(+6),t83,T83_TVI-1a,5,N(+5)+Na(+1),5.78,1.3,3.21915e-07,,2.31
goethite-*-U(+6),goethite,alpha-FeOOH,U(+6),t83,T83_TVI-1a,6,N(+5)+Na(+1),5.84,1.3,2.91981e-07,,2.31
goethite-*-U(+6),goethite,alpha-FeOOH,U(+6),t83,T83_TVI-1a,7,N(+5)+Na(+1),5.89,1.3,3.09941e-07,,2.31
goethite-*-U(+6),goethite,alpha-FeOOH,U(+6),t83,T83_TVI-1a,8,N(+5)+Na(+1),5.9,1.3,3.68548e-07,,2.31
goethite-*-U(+6),goethite,alpha-FeOOH,U(+6),t83,T83_TVI-1a,9,N(+5)+Na(+1),5.92,1.3,3.28111e-07,,2.31
goethite-*-U(+6),goethite,alpha-FeOOH,U(+6),t83,T83_TVI-1a,10,N(+5)+Na(+1),6.07,1.3,4.8429e-07,,2.31
goethite-*-U(+6),goethite,alpha-FeOOH,U(+6),t83,T83_TVI-1a,11,N(+5)+Na(+1),6.12,1.3,5.65057e-07,,2.31
goethite-*-U(+6),goethite,alpha-FeOOH,U(+6),t83,T83_TVI-1a,12,N(+5)+Na(+1),6.19,1.3,5.52139e-07,,2.31
goethite-*-U(+6),goethite,alpha-FeOOH,U(+6),t83,T83_TVI-1a,13,N(+5)+Na(+1),6.16,1.3,6.22824e-07,,2.31
goethite-*-U(+6),goethite,alpha-FeOOH,U(+6),t83,T83_TVI-1a,14,N(+5)+Na(+1),6.16,1.3,6.30596e-07,,2.31
goethite-*-U(+6),goethite,alpha-FeOOH,U(+6),t83,T83_TVI-1a,15,N(+5)+Na(+1),6.22,1.3,6.69036e-07,,2.31
goethite-*-U(+6),goethite,alpha-FeOOH,U(+6),t83,T83_TVI-1a,16,N(+5)+Na(+1),6.18,1.3,6.33642e-07,,2.31
goethite-*-U(+6),goethite,alpha-FeOOH,U(+6),t83,T83_TVI-1a,17,N(+5)+Na(+1),6.28,1.3,6.91198e-07,,2.31
goethite-*-U(+6),goethite,alpha-FeOOH,U(+6),t83,T83_TVI-1a,18,N(+5)+Na(+1),6.28,1.3,7.55475e-07,,2.31
goethite-*-U(+6),goethite,alpha-FeOOH,U(+6),t83,T83_TVI-1a,19,N(+5)+Na(+1),6.38,1.3,8.34037e-07,,2.31
goethite-*-U(+6),goethite,alpha-FeOOH,U(+6),t83,T83_TVI-1a,20,N(+5)+Na(+1),6.4,1.3,8.6313e-07,,2.31
goethite-*-U(+6),goethite,alpha-FeOOH,U(+6),t83,T83_TVI-1a,21,N(+5)+Na(+1),6.49,1.3,9.38752e-07,,2.31
goethite-*-U(+6),goethite,alpha-FeOOH,U(+6),t83,T83_TVI-1a,22,N(+5)+Na(+1),6.87,1.3,1.02036e-06,,2.31
goethite-*-U(+6),goethite,alpha-FeOOH,U(+6),t83,T83_TVI-1a,23,N(+5)+Na(+1),8.14,1.3,1.0316e-06,,2.31
goethite-*-U(+6),goethite,alpha-FeOOH,U(+6),t83,T83_TVI-1a,24,N(+5)+Na(+1),8.86,1.3,1.04294e-06,,2.31
goethite-*-U(+6),goethite,alpha-FeOOH,U(+6),t83,T83_TVI-1a,25,N(+5)+Na(+1),9.22,1.3,1.03433e-06,,2.31
goethite-*-U(+6),goethite,alpha-FeOOH,U(+6),t83,T83_TVI-1b,1,N(+5)+Na(+1),6.33,1.3,9.28963e-07,,2.31
goethite-*-U(+6),goethite,alpha-FeOOH,U(+6),t83,T83_TVI-1b,2,N(+5)+Na(+1),6.35,1.3,9.78032e-07,,2.31
goethite-*-U(+6),goethite,alpha-FeOOH,U(+6),t83,T83_TVI-1b,3,N(+5)+Na(+1),6.28,1.3,1.03819e-06,,2.31
goethite-*-U(+6),goethite,alpha-FeOOH,U(+6),t83,T83_TVI-1b,4,N(+5)+Na(+1),6.37,1.3,1.07718e-06,,2.31
goethite-*-U(+6),goethite,alpha-FeOOH,U(+6),t83,T83_TVI-1b,5,N(+5)+Na(+1),6.38,1.3,1.09735e-06,,2.31
goethite-*-U(+6),goethite,alpha-FeOOH,U(+6),t83,T83_TVI-1b,6,N(+5)+Na(+1),6.7,1.3,1.55275e-06,,2.31
goethite-*-U(+6),goethite,alpha-FeOOH,U(+6),t83,T83_TVI-1b,7,N(+5)+Na(+1),6.74,1.3,1.53931e-06,,2.31
goethite-*-U(+6),goethite,alpha-FeOOH,U(+6),t83,T83_TVI-1b,8,N(+5)+Na(+1),6.65,1.3,1.44856e-06,,2.31
goethite-*-U(+6),goethite,alpha-FeOOH,U(+6),t83,T83_TVI-1b,9,N(+5)+Na(+1),6.62,1.3,1.49562e-06,,2.31
goethite-*-U(+6),goethite,alpha-FeOOH,U(+6),t83,T83_TVI-1b,10,N(+5)+Na(+1),6.38,1.3,1.04004e-06,,2.31
goethite-*-U(+6),goethite,alpha-FeOOH,U(+6),t83,T83_TVI-1b,11,N(+5)+Na(+1),6.46,1.3,1.25195e-06,,2.31
goethite-*-U(+6),goethite,alpha-FeOOH,U(+6),t83,T83_TVI-1b,12,N(+5)+Na(+1),6.54,1.3,1.39529e-06,,2.31
goethite-*-U(+6),goethite,alpha-FeOOH,U(+6),t83,T83_TVI-1b,13,N(+5)+Na(+1),6.6,1.3,1.46806e-06,,2.31
goethite-*-U(+6),goethite,alpha-FeOOH,U(+6),t83,T83_TVI-1b,14,N(+5)+Na(+1),6.63,1.3,1.5509e-06,,2.31
goethite-*-U(+6),goethite,alpha-FeOOH,U(+6),t83,T83_TVI-1b,15,N(+5)+Na(+1),6.73,1.3,1.58888e-06,,2.31
goethite-*-U(+6),goethite,alpha-FeOOH,U(+6),t83,T83_TVI-1c,1,N(+5)+Na(+1),6.46,1.3,2.27199e-06,,2.31
goethite-*-U(+6),goethite,alpha-FeOOH,U(+6),t83,T83_TVI-1c,2,N(+5)+Na(+1),6.56,1.3,2.77781e-06,,2.31
goethite-*-U(+6),goethite,alpha-FeOOH,U(+6),t83,T83_TVI-1c,3,N(+5)+Na(+1),6.54,1.3,2.88914e-06,,2.31
goethite-*-U(+6),goethite,alpha-FeOOH,U(+6),t83,T83_TVI-1c,4,N(+5)+Na(+1),6.6,1.3,3.16348e-06,,2.31
goethite-*-U(+6),goethite,alpha-FeOOH,U(+6),t83,T83_TVI-1c,5,N(+5)+Na(+1),6.66,1.3,3.3601e-06,,2.31
goethite-*-U(+6),goethite,alpha-FeOOH,U(+6),t83,T83_TVI-1c,6,N(+5)+Na(+1),6.73,1.3,3.79114e-06,,2.31
goethite-*-U(+6),goethite,alpha-FeOOH,U(+6),t83,T83_TVI-1c,7,N(+5)+Na(+1),6.94,1.3,4.01716e-06,,2.31
goethite-*-U(+6),goethite,alpha-FeOOH,U(+6),t83,T83_TVI-1c,8,N(+5)+Na(+1),6.77,1.3,3.79366e-06,,2.31
goethite-*-U(+6),goethite,alpha-FeOOH,U(+6),t83,T83_TVI-1c,9,N(+5)+Na(+1),6.74,1.3,3.72224e-06,,2.31
goethite-*-U(+6),goethite,alpha-FeOOH,U(+6),t83,T83_TVI-1c,10,N(+5)+Na(+1),6.81,1.3,3.83987e-06,,2.31
goethite-*-U(+6),goethite,alpha-FeOOH,U(+6),t83,T83_TVI-1c,11,N(+5)+Na(+1),6.65,1.3,3.52058e-06,,2.31
goethite-*-U(+6),goethite,alpha-FeOOH,U(+6),t83,T83_TVI-1c,12,N(+5)+Na(+1),6.56,1.3,2.67194e-06,,2.31
goethite-*-U(+6),goethite,alpha-FeOOH,U(+6),t83,T83_TVI-1c,13,N(+5)+Na(+1),6.48,1.3,2.38206e-06,,2.31
goethite-*-U(+6),goethite,alpha-FeOOH,U(+6),t83,T83_TVI-1c,14,N(+5)+Na(+1),6.51,1.3,2.61943e-06,,2.31
goethite-*-U(+6),goethite,alpha-FeOOH,U(+6),t83,T83_TVI-1c,15,N(+5)+Na(+1),6.56,1.3,2.68455e-06,,2.31
goethite-*-U(+6),goethite,alpha-FeOOH,U(+6),t83,T83_TVI-2a,1,N(+5)+Na(+1),5.34,1.3,1.49898e-08,,2.31
goethite-*-U(+6),goethite,alpha-FeOOH,U(+6),t83,T83_TVI-2a,2,N(+5)+Na(+1),5.77,1.3,2.88872e-08,,2.31
goethite-*-U(+6),goethite,alpha-FeOOH,U(+6),t83,T83_TVI-2a,3,N(+5)+Na(+1),6.04,1.3,4.64565e-08,,2.31
goethite-*-U(+6),goethite,alpha-FeOOH,U(+6),t83,T83_TVI-2a,4,N(+5)+Na(+1),6.21,1.3,6.29923e-08,,2.31
goethite-*-U(+6),goethite,alpha-FeOOH,U(+6),t83,T83_TVI-2b,1,N(+5)+Na(+1),5.25,1.3,2.54171e-08,,2.31
goethite-*-U(+6),goethite,alpha-FeOOH,U(+6),t83,T83_TVI-2b,2,N(+5)+Na(+1),5.35,1.3,3.79366e-08,,2.31
goethite-*-U(+6),goethite,alpha-FeOOH,U(+6),t83,T83_TVI-2b,3,N(+5)+Na(+1),5.53,1.3,5.41951e-08,,2.31
goethite-*-U(+6),goethite,alpha-FeOOH,U(+6),t83,T83_TVI-2b,4,N(+5)+Na(+1),5.74,1.3,7.82468e-08,,2.31
goethite-*-U(+6),goethite,alpha-FeOOH,U(+6),t83,T83_TVI-2b,5,N(+5)+Na(+1),5.93,1.3,1.08075e-07,,2.31
goethite-*-U(+6),goethite,alpha-FeOOH,U(+6),t83,T83_TVI-2b,6,N(+5)+Na(+1),6.11,1.3,9.13334e-08,,2.31
goethite-*-U(+6),goethite,alpha-FeOOH,U(+6),t83,T83_TVI-2b,7,N(+5)+Na(+1),6.13,1.3,1.28787e-07,,2.31
goethite-*-U(+6),goethite,alpha-FeOOH,U(+6),t83,T83_TVI-2b,8,N(+5)+Na(+1),6.18,1.3,1.46663e-07,,2.31
goethite-*-U(+6),goethite,alpha-FeOOH,U(+6),t83,T83_TVI-2b,9,N(+5)+Na(+1),6.27,1.3,1.73697e-07,,2.31
goethite-*-U(+6),goethite,alpha-FeOOH,U(+6),t83,T83_TVI-2c,1,N(+5)+Na(+1),5.25,1.3,4.93638e-08,,2.31
goethite-*-U(+6),goethite,alpha-FeOOH,U(+6),t83,T83_TVI-2c,2,N(+5)+Na(+1),5.38,1.3,7.62092e-08,,2.31
goethite-*-U(+6),goethite,alpha-FeOOH,U(+6),t83,T83_TVI-2c,3,N(+5)+Na(+1),5.71,1.3,1.39311e-07,,2.31
goethite-*-U(+6),goethite,alpha-FeOOH,U(+6),t83,T83_TVI-2c,4,N(+5)+Na(+1),5.92,1.3,1.9275e-07,,2.31
goethite-*-U(+6),goethite,alpha-FeOOH,U(+6),t83,T83_TVI-2c,5,N(+5)+Na(+1),6.07,1.3,2.64254e-07,,2.31
goethite-*-U(+6),goethite,alpha-FeOOH,U(+6),t83,T83_TVI-2c,6,N(+5)+Na(+1),6.08,1.3,2.63497e-07,,2.31
goethite-*-U(+6),goethite,alpha-FeOOH,U(+6),t83,T83_TVI-2c,7,N(+5)+Na(+1),6.1,1.3,2.51356e-07,,2.31
goethite-*-U(+6),goethite,alpha-FeOOH,U(+6),t83,T83_TVI-2c,8,N(+5)+Na(+1),6.12,1.3,2.64254e-07,,2.31
goethite-*-U(+6),goethite,alpha-FeOOH,U(+6),t83,T83_TVI-2c,9,N(+5)+Na(+1),6.1,1.3,2.74588e-07,,2.31
goethite-*-U(+6),goethite,alpha-FeOOH,U(+6),t83,T83_TVI-2c,10,N(+5)+Na(+1),6.16,1.3,3.20675e-07,,2.31
goethite-*-U(+6),goethite,alpha-FeOOH,U(+6),t83,T83_TVI-2c,11,N(+5)+Na(+1),6.23,1.3,3.50462e-07,,2.31
goethite-*-U(+6),goethite,alpha-FeOOH,U(+6),t83,T83_TVI-2c,12,N(+5)+Na(+1),6.33,1.3,3.53318e-07,,2.31
goethite-*-U(+6),goethite,alpha-FeOOH,U(+6),t83,T83_TVI-3a,1,N(+5)+Na(+1),6.38,1.3,4.04573e-06,,2.31
goethite-*-U(+6),goethite,alpha-FeOOH,U(+6),t83,T83_TVI-3a,2,N(+5)+Na(+1),6.42,1.3,4.67716e-06,,2.31
goethite-*-U(+6),goethite,alpha-FeOOH,U(+6),t83,T83_TVI-3a,3,N(+5)+Na(+1),6.48,1.3,6.48577e-06,,2.31
goethite-*-U(+6),goethite,alpha-FeOOH,U(+6),t83,T83_TVI-3a,4,N(+5)+Na(+1),6.54,1.3,7.73351e-06,,2.31
goethite-*-U(+6),goethite,alpha-FeOOH,U(+6),t83,T83_TVI-3a,5,N(+5)+Na(+1),6.63,1.3,9.54338e-06,,2.31
goethite-*-U(+6),goethite,alpha-FeOOH,U(+6),t83,T83_TVI-3a,6,N(+5)+Na(+1),6.88,1.3,1.19885e-05,,2.31
goethite-*-U(+6),goethite,alpha-FeOOH,U(+6),t83,T83_TVI-3b,1,N(+5)+Na(+1),6.51,1.3,8.16497e-06,,2.31
goethite-*-U(+6),goethite,alpha-FeOOH,U(+6),t83,T83_TVI-3b,2,N(+5)+Na(+1),6.54,1.3,1.0755e-05,,2.31
goethite-*-U(+6),goethite,alpha-FeOOH,U(+6),t83,T83_TVI-3b,3,N(+5)+Na(+1),6.62,1.3,1.37504e-05,,2.31
goethite-*-U(+6),goethite,alpha-FeOOH,U(+6),t83,T83_TVI-3b,4,N(+5)+Na(+1),6.73,1.3,1.62837e-05,,2.31
goethite-*-U(+6),goethite,alpha-FeOOH,U(+6),t83,T83_TVI-3b,5,N(+5)+Na(+1),6.87,1.3,1.90334e-05,,2.31
goethite-*-U(+6),goethite,alpha-FeOOH,U(+6),t83,T83_TVI-3b,6,N(+5)+Na(+1),7.04,1.3,2.02307e-05,,2.31
goethite-*-U(+6),goethite,alpha-FeOOH,U(+6),t83,T83_TVI-3b,7,N(+5)+Na(+1),7.11,1.3,2.07664e-05,,2.31
goethite-*-U(+6),goethite,alpha-FeOOH,U(+6),t83,T83_TVI-4a,1,N(+5)+Na(+1),6.06,1.3,2.08378e-07,,2.31
goethite-*-U(+6),goethite,alpha-FeOOH,U(+6),t83,T83_TVI-4a,2,N(+5)+Na(+1),6.41,1.3,3.80941e-07,,2.31
goethite-*-U(+6),goethite,alpha-FeOOH,U(+6),t83,T83_TVI-4a,3,N(+5)+Na(+1),6.7,1.3,5.47623e-07,,2.31
goethite-*-U(+6),goethite,alpha-FeOOH,U(+6),t83,T83_TVI-4a,4,N(+5)+Na(+1),6.82,1.3,6.54752e-07,,2.31
goethite-*-U(+6),goethite,alpha-FeOOH,U(+6),t83,T83_TVI-4a,5,N(+5)+Na(+1),7.03,1.3,7.96332e-07,,2.31
goethite-*-U(+6),goethite,alpha-FeOOH,U(+6),t83,T83_TVI-4a,6,N(+5)+Na(+1),7.32,1.3,9.00101e-07,,2.31
goethite-*-U(+6),goethite,alpha-FeOOH,U(+6),t83,T83_TVI-4b,1,N(+5)+Na(+1),5.35,1.3,1.8065e-07,,2.31
goethite-*-U(+6),goethite,alpha-FeOOH,U(+6),t83,T83_TVI-4b,2,N(+5)+Na(+1),5.43,1.3,2.07853e-07,,2.31
goethite-*-U(+6),goethite,alpha-FeOOH,U(+6),t83,T83_TVI-4b,3,N(+5)+Na(+1),5.52,1.3,2.45873e-07,,2.31
goethite-*-U(+6),goethite,alpha-FeOOH,U(+6),t83,T83_TVI-4b,4,N(+5)+Na(+1),5.61,1.3,3.32733e-07,,2.31
goethite-*-U(+6),goethite,alpha-FeOOH,U(+6),t83,T83_TVI-4b,5,N(+5)+Na(+1),5.71,1.3,3.95855e-07,,2.31
goethite-*-U(+6),goethite,alpha-FeOOH,U(+6),t83,T83_TVI-4b,6,N(+5)+Na(+1),5.68,1.3,3.45021e-07,,2.31
goethite-*-U(+6),goethite,alpha-FeOOH,U(+6),t83,T83_TVI-4b,7,N(+5)+Na(+1),5.82,1.3,3.45021e-07,,2.31
goethite-*-U(+6),goethite,alpha-FeOOH,U(+6),t83,T83_TVI-4b,8,N(+5)+Na(+1),5.7,1.3,4.15391e-07,,2.31
goethite-*-U(+6),goethite,alpha-FeOOH,U(+6),t83,T83_TVI-4b,9,N(+5)+Na(+1),5.76,1.3,4.01632e-07,,2.31
goethite-*-U(+6),goethite,alpha-FeOOH,U(+6),t83,T83_TVI-4b,10,N(+5)+Na(+1),5.91,1.3,5.43842e-07,,2.31
goethite-*-U(+6),goethite,alpha-FeOOH,U(+6),t83,T83_TVI-4b,11,N(+5)+Na(+1),6.02,1.3,6.53072e-07,,2.31
goethite-*-U(+6),goethite,alpha-FeOOH,U(+6),t83,T83_TVI-4b,12,N(+5)+Na(+1),6.07,1.3,9.22367e-07,,2.31
goethite-*-U(+6),goethite,alpha-FeOOH,U(+6),t83,T83_TVI-4b,13,N(+5)+Na(+1),6.36,1.3,9.6942e-07,,2.31
goethite-*-U(+6),goethite,alpha-FeOOH,U(+6),t83,T83_TVI-4c,1,N(+5)+Na(+1),5.28,1.3,2.35266e-07,,2.31
goethite-*-U(+6),goethite,alpha-FeOOH,U(+6),t83,T83_TVI-4c,2,N(+5)+Na(+1),5.31,1.3,2.80638e-07,,2.31
goethite-*-U(+6),goethite,alpha-FeOOH,U(+6),t83,T83_TVI-4c,3,N(+5)+Na(+1),5.55,1.3,4.58033e-07,,2.31
goethite-*-U(+6),goethite,alpha-FeOOH,U(+6),t83,T83_TVI-4c,4,N(+5)+Na(+1),5.58,1.3,4.63074e-07,,2.31
goethite-*-U(+6),goethite,alpha-FeOOH,U(+6),t83,T83_TVI-4c,5,N(+5)+Na(+1),5.76,1.3,6.95084e-07,,2.31
goethite-*-U(+6),goethite,alpha-FeOOH,U(+6),t83,T83_TVI-4c,6,N(+5)+Na(+1),5.78,1.3,7.30373e-07,,2.31
goethite-*-U(+6),goethite,alpha-FeOOH,U(+6),t83,T83_TVI-4c,7,N(+5)+Na(+1),6.03,1.3,9.05982e-07,,2.31
goethite-*-U(+6),goethite,alpha-FeOOH,U(+6),t83,T83_TVI-5a,1,N(+5)+Na(+1),7.56,1.3,1.64707e-07,,2.31
goethite-*-U(+6),goethite,alpha-FeOOH,U(+6),t83,T83_TVI-5a,2,N(+5)+Na(+1),7.65,1.3,1.4326e-07,,2.31
goethite-*-U(+6),goethite,alpha-FeOOH,U(+6),t83,T83_TVI-5a,3,N(+5)+Na(+1),7.78,1.3,8.6292e-08,,2.31
goethite-*-U(+6),goethite,alpha-FeOOH,U(+6),t83,T83_TVI-5a,4,N(+5)+Na(+1),8.01,1.3,4.26629e-08,,2.31
goethite-*-U(+6),goethite,alpha-FeOOH,U(+6),t83,T83_TVI-5b,1,N(+5)+Na(+1),5.94,1.3,3.65712e-07,,2.31
goethite-*-U(+6),goethite,alpha-FeOOH,U(+6),t83,T83_TVI-5b,2,N(+5)+Na(+1),6.09,1.3,5.05401e-07,,2.31
goethite-*-U(+6),goethite,alpha-FeOOH,U(+6),t83,T83_TVI-5b,3,N(+5)+Na(+1),6.16,1.3,6.14526e-07,,2.31
goethite-*-U(+6),goethite,alpha-FeOOH,U(+6),t83,T83_TVI-5b,4,N(+5)+Na(+1),6.19,1.3,6.51496e-07,,2.31
goethite-*-U(+6),goethite,alpha-FeOOH,U(+6),t83,T83_TVI-5b,5,N(+5)+Na(+1),6.24,1.3,6.65991e-07,,2.31
goethite-*-U(+6),goethite,alpha-FeOOH,U(+6),t83,T83_TVI-5b,6,N(+5)+Na(+1),6.32,1.3,7.83938e-07,,2.31
goethite-*-U(+6),goethite,alpha-FeOOH,U(+6),t83,T83_TVI-5b,7,N(+5)+Na(+1),6.42,1.3,8.79935e-07,,2.31
goethite-*-U(+6),goethite,alpha-FeOOH,U(+6),t83,T83_TVI-5b,8,N(+5)+Na(+1),7.01,1.3,1.01269e-06,,2.31
goethite-*-U(+6),goethite,alpha-FeOOH,U(+6),t83,T83_TVI-5b,9,N(+5)+Na(+1),7.11,1.3,1.02456e-06,,2.31
goethite-*-U(+6),goethite,alpha-FeOOH,U(+6),t83,T83_TVI-5b,10,N(+5)+Na(+1),7.16,1.3,9.95677e-07,,2.31
goethite-*-U(+6),goethite,alpha-FeOOH,U(+6),t83,T83_TVI-5b,11,N(+5)+Na(+1),7.26,1.3,9.57867e-07,,2.31
goethite-*-U(+6),goethite,alpha-FeOOH,U(+6),t83,T83_TVI-5b,12,N(+5)+Na(+1),7.37,1.3,9.18481e-07,,2.31
goethite-*-U(+6),goethite,alpha-FeOOH,U(+6),t83,T83_TVI-5b,13,N(+5)+Na(+1),7.39,1.3,8.73843e-07,,2.31
goethite-*-U(+6),goethite,alpha-FeOOH,U(+6),t83,T83_TVI-5b,14,N(+5)+Na(+1),7.48,1.3,8.14817e-07,,2.31
goethite-*-U(+6),goethite,alpha-FeOOH,U(+6),t83,T83_TVI-5b,15,N(+5)+Na(+1),7.47,1.3,8.67752e-07,,2.31
goethite-*-U(+6),goethite,alpha-FeOOH,U(+6),t83,T83_TVI-5b,16,N(+5)+Na(+1),7.64,1.3,7.01595e-07,,2.31
goethite-*-U(+6),goethite,alpha-FeOOH,U(+6),t83,T83_TVI-5b,17,N(+5)+Na(+1),7.53,1.3,7.64088e-07,,2.31
goethite-*-U(+6),goethite,alpha-FeOOH,U(+6),t83,T83_TVI-5b,18,N(+5)+Na(+1),7.58,1.3,6.71032e-07,,2.31
goethite-*-U(+6),goethite,alpha-FeOOH,U(+6),t83,T83_TVI-5b,19,N(+5)+Na(+1),7.64,1.3,6.31016e-07,,2.31
goethite-*-U(+6),goethite,alpha-FeOOH,U(+6),t83,T83_TVI-5b,20,N(+5)+Na(+1),7.59,1.3,6.00662e-07,,2.31
goethite-*-U(+6),goethite,alpha-FeOOH,U(+6),t83,T83_TVI-5b,21,N(+5)+Na(+1),7.6,1.3,6.01082e-07,,2.31
goethite-*-U(+6),goethite,alpha-FeOOH,U(+6),t83,T83_TVI-5b,22,N(+5)+Na(+1),7.68,1.3,5.388e-07,,2.31
goethite-*-U(+6),goethite,alpha-FeOOH,U(+6),t83,T83_TVI-5b,23,N(+5)+Na(+1),7.71,1.3,4.41543e-07,,2.31
goethite-*-U(+6),goethite,alpha-FeOOH,U(+6),t83,T83_TVI-5b,24,N(+5)+Na(+1),7.78,1.3,3.45126e-07,,2.31
goethite-*-U(+6),goethite,alpha-FeOOH,U(+6),t83,T83_TVI-5b,25,N(+5)+Na(+1),7.76,1.3,3.61511e-07,,2.31
goethite-*-U(+6),goethite,alpha-FeOOH,U(+6),t83,T83_TVI-5b,26,N(+5)+Na(+1),7.86,1.3,3.25906e-07,,2.31
goethite-*-U(+6),goethite,alpha-FeOOH,U(+6),t83,T83_TVI-5b,27,N(+5)+Na(+1),7.87,1.3,2.96603e-07,,2.31
goethite-*-U(+6),goethite,alpha-FeOOH,U(+6),t83,T83_TVI-5b,28,N(+5)+Na(+1),7.94,1.3,2.37471e-07,,2.31
goethite-*-U(+6),goethite,alpha-FeOOH,U(+6),t83,T83_TVI-5b,29,N(+5)+Na(+1),8.12,1.3,1.98715e-07,,2.31
goethite-*-U(+6),goethite,alpha-FeOOH,U(+6),t83,T83_TVI-5c,1,N(+5)+Na(+1),7.12,1.3,1.63812e-06,,2.31
goethite-*-U(+6),goethite,alpha-FeOOH,U(+6),t83,T83_TVI-5c,2,N(+5)+Na(+1),7.41,1.3,1.48436e-06,,2.31
goethite-*-U(+6),goethite,alpha-FeOOH,U(+6),t83,T83_TVI-5c,3,N(+5)+Na(+1),7.49,1.3,1.24035e-06,,2.31
goethite-*-U(+6),goethite,alpha-FeOOH,U(+6),t83,T83_TVI-5c,4,N(+5)+Na(+1),7.62,1.3,8.71995e-07,,2.31
goethite-*-U(+6),goethite,alpha-FeOOH,U(+6),t83,T83_TVI-5c,5,N(+5)+Na(+1),7.91,1.3,3.73736e-07,,2.31
goethite-*-U(+6),goethite,alpha-FeOOH,U(+6),t83,T83_TVI-5d,1,N(+5)+Na(+1),7.32,1.3,3.91129e-06,,2.31
goethite-*-U(+6),goethite,alpha-FeOOH,U(+6),t83,T83_TVI-5d,2,N(+5)+Na(+1),7.63,1.3,3.20129e-06,,2.31
goethite-*-U(+6),goethite,alpha-FeOOH,U(+6),t83,T83_TVI-5d,3,N(+5)+Na(+1),7.66,1.3,2.51272e-06,,2.31
goethite-*-U(+6),goethite,alpha-FeOOH,U(+6),t83,T83_TVI-5d,4,N(+5)+Na(+1),7.69,1.3,2.02748e-06,,2.31
goethite-*-U(+6),goethite,alpha-FeOOH,U(+6),t83,T83_TVI-5d,5,N(+5)+Na(+1),8.2,1.3,5.96986e-07,,2.31
goethite-*-U(+6),goethite,alpha-FeOOH,U(+6),t83,T83_TVI-6a,1,N(+5)+Na(+1),8.34,1.3,7.56211e-08,,2.31
goethite-*-U(+6),goethite,alpha-FeOOH,U(+6),t83,T83_TVI-6a,2,N(+5)+Na(+1),8.13,1.3,2.30434e-07,,2.31
goethite-*-U(+6),goethite,alpha-FeOOH,U(+6),t83,T83_TVI-6a,3,N(+5)+Na(+1),7.81,1.3,6.83425e-07,,2.31
goethite-*-U(+6),goethite,alpha-FeOOH,U(+6),t83,T83_TVI-6a,4,N(+5)+Na(+1),7.64,1.3,9.11654e-07,,2.31
goethite-*-U(+6),goethite,alpha-FeOOH,U(+6),t83,T83_TVI-6b,1,N(+5)+Na(+1),8.17,1.3,8.41915e-07,,2.31
goethite-*-U(+6),goethite,alpha-FeOOH,U(+6),t83,T83_TVI-6b,2,N(+5)+Na(+1),7.86,1.3,2.4955e-06,,2.31
goethite-*-U(+6),goethite,alpha-FeOOH,U(+6),t83,T83_TVI-6b,3,N(+5)+Na(+1),7.74,1.3,3.48529e-06,,2.31
goethite-*-U(+6),goethite,alpha-FeOOH,U(+6),t83,T83_TVI-6c,1,N(+5)+Na(+1),8.23,1.3,2.15268e-06,,2.31
goethite-*-U(+6),goethite,alpha-FeOOH,U(+6),t83,T83_TVI-6c,2,N(+5)+Na(+1),8.04,1.3,5.69553e-06,,2.31
goethite-*-U(+6),goethite,alpha-FeOOH,U(+6),t83,T83_TVI-6c,3,N(+5)+Na(+1),7.88,1.3,8.33092e-06,,2.31
goethite-*-U(+6),goethite,alpha-FeOOH,U(+6),t83,T83_TVI-6c,4,N(+5)+Na(+1),7.7,1.3,1.07382e-05,,2.31
goethite-*-U(+6),goethite,alpha-FeOOH,U(+6),t83,T83_TVI-6d,1,N(+5)+Na(+1),8.24,1.3,3.5752e-06,,2.31
goethite-*-U(+6),goethite,alpha-FeOOH,U(+6),t83,T83_TVI-6d,2,N(+5)+Na(+1),8.03,1.3,1.01101e-05,,2.31
goethite-*-U(+6),goethite,alpha-FeOOH,U(+6),t83,T83_TVI-6d,3,N(+5)+Na(+1),7.92,1.3,1.61283e-05,,2.31
goethite-*-U(+6),goethite,alpha-FeOOH,U(+6),t83,T83_TVI-6d,4,N(+5)+Na(+1),7.76,1.3,1.93905e-05,,2.31
goethite-*-U(+6),goethite,alpha-FeOOH,U(+6),t83,T83_TVI-7a,1,N(+5)+Na(+1),7.98,1.3,6.48031e-08,,2.31
goethite-*-U(+6),goethite,alpha-FeOOH,U(+6),t83,T83_TVI-7a,2,N(+5)+Na(+1),7.88,1.3,1.86952e-07,,2.31
goethite-*-U(+6),goethite,alpha-FeOOH,U(+6),t83,T83_TVI-7a,3,N(+5)+Na(+1),7.75,1.3,2.66879e-07,,2.31
goethite-*-U(+6),goethite,alpha-FeOOH,U(+6),t83,T83_TVI-7a,4,N(+5)+Na(+1),7.61,1.3,4.91537e-07,,2.31
goethite-*-U(+6),goethite,alpha-FeOOH,U(+6),t83,T83_TVI-7b,1,N(+5)+Na(+1),8.32,1.3,1.34437e-07,,2.31
goethite-*-U(+6),goethite,alpha-FeOOH,U(+6),t83,T83_TVI-7b,2,N(+5)+Na(+1),8.16,1.3,2.82949e-07,,2.31
goethite-*-U(+6),goethite,alpha-FeOOH,U(+6),t83,T83_TVI-7b,3,N(+5)+Na(+1),8.11,1.3,3.89659e-07,,2.31
goethite-*-U(+6),goethite,alpha-FeOOH,U(+6),t83,T83_TVI-7b,4,N(+5)+Na(+1),8.04,1.3,5.63062e-07,,2.31
goethite-*-U(+6),goethite,alpha-FeOOH,U(+6),t83,T83_TVI-7b,5,N(+5)+Na(+1),7.95,1.3,7.60202e-07,,2.31
goethite-*-U(+6),goethite,alpha-FeOOH,U(+6),t83,T83_TVI-7b,6,N(+5)+Na(+1),7.76,1.3,9.45683e-07,,2.31
goethite-*-U(+6),goethite,alpha-FeOOH,U(+6),t83,T83_TVI-7c,1,N(+5)+Na(+1),8.27,1.3,1.77205e-06,,2.31
goethite-*-U(+6),goethite,alpha-FeOOH,U(+6),t83,T83_TVI-7c,2,N(+5)+Na(+1),8.14,1.3,5.96146e-06,,2.31
goethite-*-U(+6),goethite,alpha-FeOOH,U(+6),t83,T83_TVI-7c,3,N(+5)+Na(+1),7.96,1.3,9.69588e-06,,2.31
goethite-*-U(+6),goethite,alpha-FeOOH,U(+6),t83,T83_TVI-7c,4,N(+5)+Na(+1),7.74,1.3,1.15788e-05,,2.31
goethite-*-U(+6),goethite,alpha-FeOOH,U(+6),t83,T83_TVI-7d,1,N(+5)+Na(+1),8.29,1.3,4.17596e-06,,2.31
goethite-*-U(+6),goethite,alpha-FeOOH,U(+6),t83,T83_TVI-7d,2,N(+5)+Na(+1),8.1,1.3,1.08621e-05,,2.31
goethite-*-U(+6),goethite,alpha-FeOOH,U(+6),t83,T83_TVI-7d,3,N(+5)+Na(+1),7.88,1.3,1.73676e-05,,2.31
goethite-*-U(+6),goethite,alpha-FeOOH,U(+6),t83,T83_TVI-7d,4,N(+5)+Na(+1),7.7,1.3,2.04303e-05,,2.31
goethite-*-U(+6),goethite,alpha-FeOOH,U(+6),nkm14,nkm14_f3a,1,N(+5)+Na(+1),2.9903,0.013000000000000001,1.94701e-07,,2.31
goethite-*-U(+6),goethite,alpha-FeOOH,U(+6),nkm14,nkm14_f3a,2,N(+5)+Na(+1),3.5034,0.013000000000000001,2.4825e-07,,2.31
goethite-*-U(+6),goethite,alpha-FeOOH,U(+6),nkm14,nkm14_f3a,3,N(+5)+Na(+1),3.9941,0.013000000000000001,3.46766e-07,,2.31
goethite-*-U(+6),goethite,alpha-FeOOH,U(+6),nkm14,nkm14_f3a,4,N(+5)+Na(+1),4.4902,0.013000000000000001,4.54398e-07,,2.31
goethite-*-U(+6),goethite,alpha-FeOOH,U(+6),nkm14,nkm14_f3a,5,N(+5)+Na(+1),5.0146,0.013000000000000001,4.93364e-07,,2.31
goethite-*-U(+6),goethite,alpha-FeOOH,U(+6),nkm14,nkm14_f3a,6,N(+5)+Na(+1),5.4891,0.013000000000000001,4.97077e-07,,2.31
goethite-*-U(+6),goethite,alpha-FeOOH,U(+6),nkm14,nkm14_f3a,7,N(+5)+Na(+1),5.9858,0.013000000000000001,4.98362e-07,,2.31
goethite-*-U(+6),goethite,alpha-FeOOH,U(+6),nkm14,nkm14_f3a,8,N(+5)+Na(+1),6.5105,0.013000000000000001,4.98436e-07,,2.31
goethite-*-U(+6),goethite,alpha-FeOOH,U(+6),nkm14,nkm14_f3a,9,N(+5)+Na(+1),7.0073,0.013000000000000001,4.92428e-07,,2.31
goethite-*-U(+6),goethite,alpha-FeOOH,U(+6),nkm14,nkm14_f3a,10,N(+5)+Na(+1),7.4874,0.013000000000000001,4.87026e-07,,2.31
goethite-*-U(+6),goethite,alpha-FeOOH,U(+6),nkm14,nkm14_f3a,11,N(+5)+Na(+1),7.9787,0.013000000000000001,4.68256e-07,,2.31
goethite-*-U(+6),goethite,alpha-FeOOH,U(+6),nkm14,nkm14_f3a,12,N(+5)+Na(+1),8.4924,0.013000000000000001,4.50097e-07,,2.31
goethite-*-U(+6),goethite,alpha-FeOOH,U(+6),nkm14,nkm14_f3a,13,N(+5)+Na(+1),9.0006,0.013000000000000001,4.02161e-07,,2.31
goethite-*-Se(+4),goethite,alpha-FeOOH,Se(+4),bc87,bc87_f6e,1,C(+4)+Cl(-1)+K(+1),7.8,0.103729968,1.03291e-06,,2.31
goethite-*-Se(+4),goethite,alpha-FeOOH,Se(+4),bc87,bc87_f6e,2,C(+4)+Cl(-1)+K(+1),7.8,0.107838816,1.01555e-06,,2.31
goethite-*-Se(+4),goethite,alpha-FeOOH,Se(+4),bc87,bc87_f6e,3,C(+4)+Cl(-1)+K(+1),7.8,0.13743376000000002,9.64826e-07,,2.31
goethite-*-Se(+4),goethite,alpha-FeOOH,Se(+4),bc87,bc87_f6e,4,C(+4)+Cl(-1)+K(+1),7.8,0.15845344,9.64171e-07,,2.31
goethite-*-Se(+4),goethite,alpha-FeOOH,Se(+4),bc87,bc87_f6e,5,C(+4)+Cl(-1)+K(+1),7.8,0.1811752,9.64201e-07,,2.31
goethite-*-Se(+4),goethite,alpha-FeOOH,Se(+4),bc87,bc87_f6e,6,C(+4)+Cl(-1)+K(+1),7.8,0.2932912,9.04352e-07,,2.31
goethite-*-Se(+4),goethite,alpha-FeOOH,Se(+4),bc87,bc87_f6e,7,C(+4)+Cl(-1)+K(+1),7.8,0.4874752,8.19401e-07,,2.31
goethite-*-Se(+4),goethite,alpha-FeOOH,Se(+4),bc87,bc87_f6b,1,Citrate(-3)+Cl(-1)+K(+1),7.0,0.10006123780000001,1.0298e-06,,2.31
goethite-*-Se(+4),goethite,alpha-FeOOH,Se(+4),bc87,bc87_f6b,2,Citrate(-3)+Cl(-1)+K(+1),7.0,0.1004566555,9.84687e-07,,2.31
goethite-*-Se(+4),goethite,alpha-FeOOH,Se(+4),bc87,bc87_f6b,3,Citrate(-3)+Cl(-1)+K(+1),7.0,0.10216338850000001,8.99119e-07,,2.31
goethite-*-Se(+4),goethite,alpha-FeOOH,Se(+4),bc87,bc87_f6b,4,Citrate(-3)+Cl(-1)+K(+1),7.0,0.104764375,8.58774e-07,,2.31
goethite-*-Se(+4),goethite,alpha-FeOOH,Se(+4),bc87,bc87_f6b,5,Citrate(-3)+Cl(-1)+K(+1),7.0,0.11082448,7.9265e-07,,2.31
goethite-*-Se(+4),goethite,alpha-FeOOH,Se(+4),bc87,bc87_f6b,6,Citrate(-3)+Cl(-1)+K(+1),7.0,0.122390425,7.27911e-07,,2.31
goethite-*-Se(+4),goethite,alpha-FeOOH,Se(+4),bc87,bc87_f6b,7,Citrate(-3)+Cl(-1)+K(+1),7.0,0.1477909,6.8408e-07,,2.31
goethite-*-Se(+4),goethite,alpha-FeOOH,Se(+4),bc87,bc87_f6b,8,Citrate(-3)+Cl(-1)+K(+1),7.0,0.204418,6.2283e-07,,2.31
goethite-*-Se(+4),goethite,alpha-FeOOH,Se(+4),bc87,bc87_f6b,9,Citrate(-3)+Cl(-1)+K(+1),7.0,0.31600360000000005,5.72027e-07,,2.31
goethite-*-Se(+4),goethite,alpha-FeOOH,Se(+4),masgg09,masgg09_f3ba,1,Cl(+7)+Na(+1),2.6799,0.025,9.93759e-10,,2.31
goethite-*-Se(+4),goethite,alpha-FeOOH,Se(+4),masgg09,masgg09_f3ba,2,Cl(+7)+Na(+1),3.1936,0.025,9.94805e-10,,2.31
goethite-*-Se(+4),goethite,alpha-FeOOH,Se(+4),masgg09,masgg09_f3ba,3,Cl(+7)+Na(+1),4.1846,0.025,9.90965e-10,,2.31
goethite-*-Se(+4),goethite,alpha-FeOOH,Se(+4),masgg09,masgg09_f3ba,4,Cl(+7)+Na(+1),4.6249,0.025,9.91862e-10,,2.31
goethite-*-Se(+4),goethite,alpha-FeOOH,Se(+4),masgg09,masgg09_f3ba,5,Cl(+7)+Na(+1),5.4447,0.025,9.84321e-10,,2.31
goethite-*-Se(+4),goethite,alpha-FeOOH,Se(+4),masgg09,masgg09_f3ba,6,Cl(+7)+Na(+1),6.9498,0.025,9.44779e-10,,2.31
goethite-*-Se(+4),goethite,alpha-FeOOH,Se(+4),masgg09,masgg09_f3ba,7,Cl(+7)+Na(+1),8.9683,0.025,9.29026e-10,,2.31
goethite-*-Se(+4),goethite,alpha-FeOOH,Se(+4),masgg09,masgg09_f3ba,8,Cl(+7)+Na(+1),9.9723,0.025,4.87126e-10,,2.31
goethite-*-Se(+4),goethite,alpha-FeOOH,Se(+4),masgg09,masgg09_f3ba,9,Cl(+7)+Na(+1),10.9031,0.025,5.41446e-11,,2.31
goethite-*-Se(+4),goethite,alpha-FeOOH,Se(+4),masgg09,masgg09_f3bb,1,Cl(+7)+Na(+1),2.5944,0.25,9.90498e-10,,2.31
goethite-*-Se(+4),goethite,alpha-FeOOH,Se(+4),masgg09,masgg09_f3bb,2,Cl(+7)+Na(+1),3.096,0.25,9.8944e-10,,2.31
goethite-*-Se(+4),goethite,alpha-FeOOH,Se(+4),masgg09,masgg09_f3bb,3,Cl(+7)+Na(+1),4.0622,0.25,9.93234e-10,,2.31
goethite-*-Se(+4),goethite,alpha-FeOOH,Se(+4),masgg09,masgg09_f3bb,4,Cl(+7)+Na(+1),4.8573,0.25,9.93402e-10,,2.31
goethite-*-Se(+4),goethite,alpha-FeOOH,Se(+4),masgg09,masgg09_f3bb,5,Cl(+7)+Na(+1),6.191,0.25,9.81167e-10,,2.31
goethite-*-Se(+4),goethite,alpha-FeOOH,Se(+4),masgg09,masgg09_f3bb,6,Cl(+7)+Na(+1),6.9251,0.25,9.73609e-10,,2.31
goethite-*-Se(+4),goethite,alpha-FeOOH,Se(+4),masgg09,masgg09_f3bb,7,Cl(+7)+Na(+1),8.491,0.25,9.43271e-10,,2.31
goethite-*-Se(+4),goethite,alpha-FeOOH,Se(+4),masgg09,masgg09_f3bb,8,Cl(+7)+Na(+1),9.4209,0.25,9.19768e-10,,2.31
goethite-*-Se(+4),goethite,alpha-FeOOH,Se(+4),masgg09,masgg09_f3bb,9,Cl(+7)+Na(+1),10.0082,0.25,8.79544e-10,,2.31
goethite-*-Se(+4),goethite,alpha-FeOOH,Se(+4),masgg09,masgg09_f3bb,10,Cl(+7)+Na(+1),10.903,0.25,5.55168e-11,,2.31
goethite-*-Se(+4),goethite,alpha-FeOOH,Se(+4),masgg09,masgg09_f3bc,1,Cl(+7)+Na(+1),2.5088,2.5,9.89167e-10,,2.31
goethite-*-Se(+4),goethite,alpha-FeOOH,Se(+4),masgg09,masgg09_f3bc,2,Cl(+7)+Na(+1),3.7442,2.5,9.91655e-10,,2.31
goethite-*-Se(+4),goethite,alpha-FeOOH,Se(+4),masgg09,masgg09_f3bc,3,Cl(+7)+Na(+1),4.3925,2.5,9.91645e-10,,2.31
goethite-*-Se(+4),goethite,alpha-FeOOH,Se(+4),masgg09,masgg09_f3bc,4,Cl(+7)+Na(+1),4.8696,2.5,9.91191e-10,,2.31
goethite-*-Se(+4),goethite,alpha-FeOOH,Se(+4),masgg09,masgg09_f3bc,5,Cl(+7)+Na(+1),5.8481,2.5,9.89676e-10,,2.31
goethite-*-Se(+4),goethite,alpha-FeOOH,Se(+4),masgg09,masgg09_f3bc,6,Cl(+7)+Na(+1),6.8024,2.5,9.90192e-10,,2.31
goethite-*-Se(+4),goethite,alpha-FeOOH,Se(+4),masgg09,masgg09_f3bc,7,Cl(+7)+Na(+1),7.8303,2.5,9.72176e-10,,2.31
goethite-*-Se(+4),goethite,alpha-FeOOH,Se(+4),masgg09,masgg09_f3bc,8,Cl(+7)+Na(+1),8.8458,2.5,9.34117e-10,,2.31
goethite-*-Se(+4),goethite,alpha-FeOOH,Se(+4),masgg09,masgg09_f3bc,9,Cl(+7)+Na(+1),9.984,2.5,7.90161e-10,,2.31
goethite-*-Se(+4),goethite,alpha-FeOOH,Se(+4),masgg09,masgg09_f3bc,10,Cl(+7)+Na(+1),10.744,2.5,6.44742e-11,,2.31
goethite-*-Se(+4),goethite,alpha-FeOOH,Se(+4),masgg09,masgg09_f3bd,1,Cl(+7)+Na(+1),2.6303,2.5,3.95442e-10,,2.31
goethite-*-Se(+4),goethite,alpha-FeOOH,Se(+4),masgg09,masgg09_f3bd,2,Cl(+7)+Na(+1),3.9514,2.5,3.95313e-10,,2.31
goethite-*-Se(+4),goethite,alpha-FeOOH,Se(+4),masgg09,masgg09_f3bd,3,Cl(+7)+Na(+1),4.869,2.5,3.92094e-10,,2.31
goethite-*-Se(+4),goethite,alpha-FeOOH,Se(+4),masgg09,masgg09_f3bd,4,Cl(+7)+Na(+1),6.2279,2.5,3.03601e-10,,2.31
goethite-*-Se(+4),goethite,alpha-FeOOH,Se(+4),masgg09,masgg09_f3bd,5,Cl(+7)+Na(+1),7.6349,2.5,2.3472e-10,,2.31
goethite-*-Se(+4),goethite,alpha-FeOOH,Se(+4),masgg09,masgg09_f3bd,6,Cl(+7)+Na(+1),8.0142,2.5,2.059e-10,,2.31
goethite-*-Se(+4),goethite,alpha-FeOOH,Se(+4),masgg09,masgg09_f3bd,7,Cl(+7)+Na(+1),9.262,2.5,1.87199e-10,,2.31
goethite-*-Se(+4),goethite,alpha-FeOOH,Se(+4),masgg09,masgg09_f3bd,8,Cl(+7)+Na(+1),10.8647,2.5,1.26938e-10,,2.31
goethite-*-Se(+4),goethite,alpha-FeOOH,Se(+4),masgg09,masgg09_f4ba,1,Cl(+7)+Na(+1),9.5,2.5,2.33685e-10,,2.31
goethite-*-Se(+4),goethite,alpha-FeOOH,Se(+4),masgg09,masgg09_f4ba,2,Cl(+7)+Na(+1),9.5,2.5,4.28085e-10,,2.31
goethite-*-Se(+4),goethite,alpha-FeOOH,Se(+4),masgg09,masgg09_f4ba,3,Cl(+7)+Na(+1),9.5,2.5,1.06692e-08,,2.31
goethite-*-Se(+4),goethite,alpha-FeOOH,Se(+4),masgg09,masgg09_f4ba,4,Cl(+7)+Na(+1),9.5,2.5,4.9196e-08,,2.31
goethite-*-Se(+4),goethite,alpha-FeOOH,Se(+4),masgg09,masgg09_f4ba,5,Cl(+7)+Na(+1),9.5,2.5,2.49592e-07,,2.31
goethite-*-Se(+4),goethite,alpha-FeOOH,Se(+4),masgg09,masgg09_f4ba,6,Cl(+7)+Na(+1),9.5,2.5,5.0284e-07,,2.31
goethite-*-Se(+4),goethite,alpha-FeOOH,Se(+4),masgg09,masgg09_f4ba,7,Cl(+7)+Na(+1),9.5,2.5,2.63287e-06,,2.31
goethite-*-Se(+4),goethite,alpha-FeOOH,Se(+4),masgg09,masgg09_f4ba,8,Cl(+7)+Na(+1),9.5,2.5,2.44754e-05,,2.31
goethite-*-Se(+4),goethite,alpha-FeOOH,Se(+4),masgg09,masgg09_f4bb,1,Cl(+7)+Na(+1),3.0,2.5,3.49969e-10,,2.31
goethite-*-Se(+4),goethite,alpha-FeOOH,Se(+4),masgg09,masgg09_f4bb,2,Cl(+7)+Na(+1),3.0,2.5,7.2934e-10,,2.31
goethite-*-Se(+4),goethite,alpha-FeOOH,Se(+4),masgg09,masgg09_f4bb,3,Cl(+7)+Na(+1),3.0,2.5,1.76007e-08,,2.31
goethite-*-Se(+4),goethite,alpha-FeOOH,Se(+4),masgg09,masgg09_f4bb,4,Cl(+7)+Na(+1),3.0,2.5,8.37973e-08,,2.31
goethite-*-Se(+4),goethite,alpha-FeOOH,Se(+4),masgg09,masgg09_f4bb,5,Cl(+7)+Na(+1),3.0,2.5,3.98869e-07,,2.31
goethite-*-Se(+4),goethite,alpha-FeOOH,Se(+4),masgg09,masgg09_f4bb,6,Cl(+7)+Na(+1),3.0,2.5,7.78269e-07,,2.31
goethite-*-Se(+4),goethite,alpha-FeOOH,Se(+4),masgg09,masgg09_f4bb,7,Cl(+7)+Na(+1),3.0,2.5,4.3444e-06,,2.31
goethite-*-Se(+4),goethite,alpha-FeOOH,Se(+4),masgg09,masgg09_f4bb,8,Cl(+7)+Na(+1),3.0,2.5,4.30358e-05,,2.31
goethite-*-Se(+4),goethite,alpha-FeOOH,Se(+4),masgg09,masgg09_f4bb,9,Cl(+7)+Na(+1),3.0,2.5,0.000375258,,2.31
goethite-*-Se(+4),goethite,alpha-FeOOH,Se(+4),masgg09,masgg09_f4bc,1,Cl(+7)+Na(+1),5.1,2.5,2.79789e-10,,2.31
goethite-*-Se(+4),goethite,alpha-FeOOH,Se(+4),masgg09,masgg09_f4bc,2,Cl(+7)+Na(+1),5.1,2.5,4.23575e-10,,2.31
goethite-*-Se(+4),goethite,alpha-FeOOH,Se(+4),masgg09,masgg09_f4bc,3,Cl(+7)+Na(+1),5.1,2.5,6.40516e-10,,2.31
goethite-*-Se(+4),goethite,alpha-FeOOH,Se(+4),masgg09,masgg09_f4bc,4,Cl(+7)+Na(+1),5.1,2.5,2.28681e-09,,2.31
goethite-*-Se(+4),goethite,alpha-FeOOH,Se(+4),masgg09,masgg09_f4bc,5,Cl(+7)+Na(+1),5.1,2.5,2.31649e-07,,2.31
goethite-*-Se(+4),goethite,alpha-FeOOH,Se(+4),masgg09,masgg09_f4bc,6,Cl(+7)+Na(+1),5.1,2.5,6.21055e-07,,2.31
goethite-*-Se(+4),goethite,alpha-FeOOH,Se(+4),masgg09,masgg09_f4bc,7,Cl(+7)+Na(+1),5.1,2.5,1.25179e-06,,2.31
goethite-*-Se(+4),goethite,alpha-FeOOH,Se(+4),masgg09,masgg09_f4bc,8,Cl(+7)+Na(+1),5.1,2.5,6.34936e-06,,2.31
goethite-*-Se(+4),goethite,alpha-FeOOH,Se(+4),masgg09,masgg09_f4bc,9,Cl(+7)+Na(+1),5.1,2.5,1.16313e-05,,2.31
goethite-*-Se(+4),goethite,alpha-FeOOH,Se(+4),masgg09,masgg09_f4bc,10,Cl(+7)+Na(+1),5.1,2.5,6.1197e-05,,2.31
goethite-*-Se(+4),goethite,alpha-FeOOH,Se(+4),masgg09,masgg09_f4bc,11,Cl(+7)+Na(+1),5.1,2.5,0.000112339,,2.31
goethite-*-Se(+4),goethite,alpha-FeOOH,Se(+4),bc87,bc87_f6g,1,Cl(-1)+F(-1)+K(+1),7.0,0.101157965,1.04002e-06,,2.31
goethite-*-Se(+4),goethite,alpha-FeOOH,Se(+4),bc87,bc87_f6g,2,Cl(-1)+F(-1)+K(+1),7.0,0.10351437000000001,1.02967e-06,,2.31
goethite-*-Se(+4),goethite,alpha-FeOOH,Se(+4),bc87,bc87_f6g,3,Cl(-1)+F(-1)+K(+1),7.0,0.10503525000000001,1.01786e-06,,2.31
goethite-*-Se(+4),goethite,alpha-FeOOH,Se(+4),bc87,bc87_f6g,4,Cl(-1)+F(-1)+K(+1),7.0,0.1113543,1.01793e-06,,2.31
goethite-*-Se(+4),goethite,alpha-FeOOH,Se(+4),bc87,bc87_f6g,5,Cl(-1)+F(-1)+K(+1),7.0,0.1229472,1.00127e-06,,2.31
goethite-*-Se(+4),goethite,alpha-FeOOH,Se(+4),bc87,bc87_f1a,1,Cl(-1)+K(+1),6.69,0.1,1.22982e-05,22.0,2.31
goethite-*-Se(+4),goethite,alpha-FeOOH,Se(+4),bc87,bc87_f1a,2,Cl(-1)+K(+1),6.69,0.1,1.45123e-05,22.0,2.31
goethite-*-Se(+4),goethite,alpha-FeOOH,Se(+4),bc87,bc87_f1a,3,Cl(-1)+K(+1),6.69,0.1,1.48345e-05,22.0,2.31
goethite-*-Se(+4),goethite,alpha-FeOOH,Se(+4),bc87,bc87_f1a,4,Cl(-1)+K(+1),6.69,0.1,1.83178e-05,22.0,2.31
goethite-*-Se(+4),goethite,alpha-FeOOH,Se(+4),bc87,bc87_f1a,5,Cl(-1)+K(+1),6.69,0.1,2.40914e-05,22.0,2.31
goethite-*-Se(+4),goethite,alpha-FeOOH,Se(+4),bc87,bc87_f1a,6,Cl(-1)+K(+1),6.69,0.1,2.44511e-05,22.0,2.31
goethite-*-Se(+4),goethite,alpha-FeOOH,Se(+4),bc87,bc87_f1a,7,Cl(-1)+K(+1),6.69,0.1,3.20114e-05,22.0,2.31
goethite-*-Se(+4),goethite,alpha-FeOOH,Se(+4),bc87,bc87_f1a,8,Cl(-1)+K(+1),6.69,0.1,3.44612e-05,22.0,2.31
goethite-*-Se(+4),goethite,alpha-FeOOH,Se(+4),bc87,bc87_f1b,1,Cl(-1)+K(+1),6.69,0.1,8.8359e-06,32.0,2.31
goethite-*-Se(+4),goethite,alpha-FeOOH,Se(+4),bc87,bc87_f1b,2,Cl(-1)+K(+1),6.69,0.1,1.34377e-05,32.0,2.31
goethite-*-Se(+4),goethite,alpha-FeOOH,Se(+4),bc87,bc87_f1b,3,Cl(-1)+K(+1),6.69,0.1,1.68822e-05,32.0,2.31
goethite-*-Se(+4),goethite,alpha-FeOOH,Se(+4),bc87,bc87_f1b,4,Cl(-1)+K(+1),6.69,0.1,1.72423e-05,32.0,2.31
goethite-*-Se(+4),goethite,alpha-FeOOH,Se(+4),bc87,bc87_f1b,5,Cl(-1)+K(+1),6.69,0.1,1.94392e-05,32.0,2.31
goethite-*-Se(+4),goethite,alpha-FeOOH,Se(+4),bc87,bc87_f1b,6,Cl(-1)+K(+1),6.69,0.1,2.23541e-05,32.0,2.31
goethite-*-Se(+4),goethite,alpha-FeOOH,Se(+4),bc87,bc87_f1b,7,Cl(-1)+K(+1),6.69,0.1,2.31108e-05,32.0,2.31
goethite-*-Se(+4),goethite,alpha-FeOOH,Se(+4),bc87,bc87_f1b,8,Cl(-1)+K(+1),6.69,0.1,2.63311e-05,32.0,2.31
goethite-*-Se(+4),goethite,alpha-FeOOH,Se(+4),bc87,bc87_f1b,9,Cl(-1)+K(+1),6.69,0.1,2.59343e-05,32.0,2.31
goethite-*-Se(+4),goethite,alpha-FeOOH,Se(+4),bc87,bc87_f1b,10,Cl(-1)+K(+1),6.69,0.1,2.98753e-05,32.0,2.31
goethite-*-Se(+4),goethite,alpha-FeOOH,Se(+4),bc87,bc87_f1b,11,Cl(-1)+K(+1),6.69,0.1,3.17576e-05,32.0,2.31
goethite-*-Se(+4),goethite,alpha-FeOOH,Se(+4),bc87,bc87_f2,1,Cl(-1)+K(+1),3.9413,0.1,6.42299e-07,,2.31
goethite-*-Se(+4),goethite,alpha-FeOOH,Se(+4),bc87,bc87_f2,2,Cl(-1)+K(+1),4.3155,0.1,6.44264e-07,,2.31
goethite-*-Se(+4),goethite,alpha-FeOOH,Se(+4),bc87,bc87_f2,3,Cl(-1)+K(+1),4.3151,0.1,6.33397e-07,,2.31
goethite-*-Se(+4),goethite,alpha-FeOOH,Se(+4),bc87,bc87_f2,4,Cl(-1)+K(+1),4.5087,0.1,6.4544e-07,,2.31
goethite-*-Se(+4),goethite,alpha-FeOOH,Se(+4),bc87,bc87_f2,5,Cl(-1)+K(+1),4.6482,0.1,6.44285e-07,,2.31
goethite-*-Se(+4),goethite,alpha-FeOOH,Se(+4),bc87,bc87_f2,6,Cl(-1)+K(+1),4.9186,0.1,6.47795e-07,,2.31
goethite-*-Se(+4),goethite,alpha-FeOOH,Se(+4),bc87,bc87_f2,7,Cl(-1)+K(+1),4.9268,0.1,6.29168e-07,,2.31
goethite-*-Se(+4),goethite,alpha-FeOOH,Se(+4),bc87,bc87_f2,8,Cl(-1)+K(+1),5.1889,0.1,6.4432e-07,,2.31
goethite-*-Se(+4),goethite,alpha-FeOOH,Se(+4),bc87,bc87_f2,9,Cl(-1)+K(+1),5.9845,0.1,6.35833e-07,,2.31
goethite-*-Se(+4),goethite,alpha-FeOOH,Se(+4),bc87,bc87_f2,10,Cl(-1)+K(+1),6.2505,0.1,6.04803e-07,,2.31
goethite-*-Se(+4),goethite,alpha-FeOOH,Se(+4),bc87,bc87_f2,11,Cl(-1)+K(+1),6.4733,0.1,6.03653e-07,,2.31
goethite-*-Se(+4),goethite,alpha-FeOOH,Se(+4),bc87,bc87_f2,12,Cl(-1)+K(+1),6.6359,0.1,5.87363e-07,,2.31
goethite-*-Se(+4),goethite,alpha-FeOOH,Se(+4),bc87,bc87_f2,13,Cl(-1)+K(+1),7.0431,0.1,4.53107e-07,,2.31
goethite-*-Se(+4),goethite,alpha-FeOOH,Se(+4),bc87,bc87_f2,14,Cl(-1)+K(+1),7.2356,0.1,4.39924e-07,,2.31
goethite-*-Se(+4),goethite,alpha-FeOOH,Se(+4),bc87,bc87_f2,15,Cl(-1)+K(+1),7.4707,0.1,3.80949e-07,,2.31
goethite-*-Se(+4),goethite,alpha-FeOOH,Se(+4),bc87,bc87_f2,16,Cl(-1)+K(+1),8.8803,0.1,7.36664e-08,,2.31
goethite-*-Se(+4),goethite,alpha-FeOOH,Se(+4),bc87,bc87_f2,17,Cl(-1)+K(+1),9.1433,0.1,4.03065e-08,,2.31
goethite-*-Se(+4),goethite,alpha-FeOOH,Se(+4),bc87,bc87_f2,18,Cl(-1)+K(+1),9.4878,0.1,3.99412e-08,,2.31
goethite-*-Se(+4),goethite,alpha-FeOOH,Se(+4),bc87,bc87_f2,19,Cl(-1)+K(+1),9.8079,0.1,2.1721e-08,,2.31
goethite-*-Se(+4),goethite,alpha-FeOOH,Se(+4),bc87,bc87_f3aa,1,Cl(-1)+K(+1),5.079,0.1,6.50843e-07,,2.31
goethite-*-Se(+4),goethite,alpha-FeOOH,Se(+4),bc87,bc87_f3aa,2,Cl(-1)+K(+1),6.0737,0.1,6.50066e-07,,2.31
goethite-*-Se(+4),goethite,alpha-FeOOH,Se(+4),bc87,bc87_f3aa,3,Cl(-1)+K(+1),6.5684,0.1,6.49508e-07,,2.31
goethite-*-Se(+4),goethite,alpha-FeOOH,Se(+4),bc87,bc87_f3aa,4,Cl(-1)+K(+1),6.963,0.1,6.48925e-07,,2.31
goethite-*-Se(+4),goethite,alpha-FeOOH,Se(+4),bc87,bc87_f3aa,5,Cl(-1)+K(+1),7.3578,0.1,6.50038e-07,,2.31
goethite-*-Se(+4),goethite,alpha-FeOOH,Se(+4),bc87,bc87_f3aa,6,Cl(-1)+K(+1),7.5312,0.1,6.44313e-07,,2.31
goethite-*-Se(+4),goethite,alpha-FeOOH,Se(+4),bc87,bc87_f3aa,7,Cl(-1)+K(+1),7.6843,0.1,6.51135e-07,,2.31
goethite-*-Se(+4),goethite,alpha-FeOOH,Se(+4),bc87,bc87_f3aa,8,Cl(-1)+K(+1),7.8982,0.1,6.1387e-07,,2.31
goethite-*-Se(+4),goethite,alpha-FeOOH,Se(+4),bc87,bc87_f3aa,9,Cl(-1)+K(+1),8.7462,0.1,4.09848e-07,,2.31
goethite-*-Se(+4),goethite,alpha-FeOOH,Se(+4),bc87,bc87_f3aa,10,Cl(-1)+K(+1),9.4662,0.1,6.29707e-08,,2.31
goethite-*-Se(+4),goethite,alpha-FeOOH,Se(+4),bc87,bc87_f3aa,11,Cl(-1)+K(+1),10.6053,0.1,1.16415e-09,,2.31
goethite-*-Se(+4),goethite,alpha-FeOOH,Se(+4),bc87,bc87_f3ab,1,Cl(-1)+K(+1),3.9367,0.1,6.48531e-07,,2.31
goethite-*-Se(+4),goethite,alpha-FeOOH,Se(+4),bc87,bc87_f3ab,2,Cl(-1)+K(+1),4.5157,0.1,6.47654e-07,,2.31
goethite-*-Se(+4),goethite,alpha-FeOOH,Se(+4),bc87,bc87_f3ab,3,Cl(-1)+K(+1),4.8685,0.1,6.51131e-07,,2.31
goethite-*-Se(+4),goethite,alpha-FeOOH,Se(+4),bc87,bc87_f3ab,4,Cl(-1)+K(+1),5.4734,0.1,6.44832e-07,,2.31
goethite-*-Se(+4),goethite,alpha-FeOOH,Se(+4),bc87,bc87_f3ab,5,Cl(-1)+K(+1),5.9049,0.1,6.42223e-07,,2.31
goethite-*-Se(+4),goethite,alpha-FeOOH,Se(+4),bc87,bc87_f3ab,6,Cl(-1)+K(+1),6.0464,0.1,6.31062e-07,,2.31
goethite-*-Se(+4),goethite,alpha-FeOOH,Se(+4),bc87,bc87_f3ab,7,Cl(-1)+K(+1),6.3136,0.1,6.06022e-07,,2.31
goethite-*-Se(+4),goethite,alpha-FeOOH,Se(+4),bc87,bc87_f3ab,8,Cl(-1)+K(+1),6.487,0.1,6.01993e-07,,2.31
goethite-*-Se(+4),goethite,alpha-FeOOH,Se(+4),bc87,bc87_f3ab,9,Cl(-1)+K(+1),6.6547,0.1,5.83375e-07,,2.31
goethite-*-Se(+4),goethite,alpha-FeOOH,Se(+4),bc87,bc87_f3ab,10,Cl(-1)+K(+1),6.8479,0.1,5.54586e-07,,2.31
goethite-*-Se(+4),goethite,alpha-FeOOH,Se(+4),bc87,bc87_f3ab,11,Cl(-1)+K(+1),7.0899,0.1,4.95785e-07,,2.31
goethite-*-Se(+4),goethite,alpha-FeOOH,Se(+4),bc87,bc87_f3ab,12,Cl(-1)+K(+1),7.0379,0.1,4.55571e-07,,2.31
goethite-*-Se(+4),goethite,alpha-FeOOH,Se(+4),bc87,bc87_f3ab,13,Cl(-1)+K(+1),7.2477,0.1,4.41035e-07,,2.31
goethite-*-Se(+4),goethite,alpha-FeOOH,Se(+4),bc87,bc87_f3ab,14,Cl(-1)+K(+1),7.4923,0.1,3.83761e-07,,2.31
goethite-*-Se(+4),goethite,alpha-FeOOH,Se(+4),bc87,bc87_f3ab,15,Cl(-1)+K(+1),7.5672,0.1,2.99985e-07,,2.31
goethite-*-Se(+4),goethite,alpha-FeOOH,Se(+4),bc87,bc87_f3ab,16,Cl(-1)+K(+1),8.1562,0.1,1.82748e-07,,2.31
goethite-*-Se(+4),goethite,alpha-FeOOH,Se(+4),bc87,bc87_f3ab,17,Cl(-1)+K(+1),8.8403,0.1,7.02826e-08,,2.31
goethite-*-Se(+4),goethite,alpha-FeOOH,Se(+4),bc87,bc87_f3ab,18,Cl(-1)+K(+1),8.9557,0.1,6.31865e-08,,2.31
goethite-*-Se(+4),goethite,alpha-FeOOH,Se(+4),bc87,bc87_f3ab,19,Cl(-1)+K(+1),9.1807,0.1,3.6779e-08,,2.31
goethite-*-Se(+4),goethite,alpha-FeOOH,Se(+4),bc87,bc87_f3ab,20,Cl(-1)+K(+1),9.8746,0.1,1.79491e-08,,2.31
goethite-*-Se(+4),goethite,alpha-FeOOH,Se(+4),bc87,bc87_f3ab,21,Cl(-1)+K(+1),10.2267,0.1,7.51855e-09,,2.31
goethite-*-Se(+4),goethite,alpha-FeOOH,Se(+4),bc87,bc87_f3ac,1,Cl(-1)+K(+1),4.17,0.1,4.65393e-07,,2.31
goethite-*-Se(+4),goethite,alpha-FeOOH,Se(+4),bc87,bc87_f3ac,2,Cl(-1)+K(+1),4.4691,0.1,4.46807e-07,,2.31
goethite-*-Se(+4),goethite,alpha-FeOOH,Se(+4),bc87,bc87_f3ac,3,Cl(-1)+K(+1),4.7638,0.1,4.462e-07,,2.31
goethite-*-Se(+4),goethite,alpha-FeOOH,Se(+4),bc87,bc87_f3ac,4,Cl(-1)+K(+1),5.1512,0.1,4.04227e-07,,2.31
goethite-*-Se(+4),goethite,alpha-FeOOH,Se(+4),bc87,bc87_f3ac,5,Cl(-1)+K(+1),5.4912,0.1,3.59529e-07,,2.31
goethite-*-Se(+4),goethite,alpha-FeOOH,Se(+4),bc87,bc87_f3ac,6,Cl(-1)+K(+1),5.9667,0.1,2.89758e-07,,2.31
goethite-*-Se(+4),goethite,alpha-FeOOH,Se(+4),bc87,bc87_f3ac,7,Cl(-1)+K(+1),6.454,0.1,2.44418e-07,,2.31
goethite-*-Se(+4),goethite,alpha-FeOOH,Se(+4),bc87,bc87_f3ac,8,Cl(-1)+K(+1),7.5189,0.1,1.72755e-07,,2.31
goethite-*-Se(+4),goethite,alpha-FeOOH,Se(+4),bc87,bc87_f3ac,9,Cl(-1)+K(+1),8.5345,0.1,5.93528e-08,,2.31
goethite-*-Se(+4),goethite,alpha-FeOOH,Se(+4),bc87,bc87_f3ac,10,Cl(-1)+K(+1),9.3376,0.1,1.61233e-08,,2.31
goethite-*-Se(+4),goethite,alpha-FeOOH,Se(+4),bc87,bc87_f3ac,11,Cl(-1)+K(+1),9.458,0.1,2.92175e-09,,2.31
goethite-*-Se(+4),goethite,alpha-FeOOH,Se(+4),bc87,bc87_f3ad,1,Cl(-1)+K(+1),4.4131,0.1,2.70384e-07,,2.31
goethite-*-Se(+4),goethite,alpha-FeOOH,Se(+4),bc87,bc87_f3ad,2,Cl(-1)+K(+1),4.6861,0.1,2.56202e-07,,2.31
goethite-*-Se(+4),goethite,alpha-FeOOH,Se(+4),bc87,bc87_f3ad,3,Cl(-1)+K(+1),4.6065,0.1,2.42273e-07,,2.31
goethite-*-Se(+4),goethite,alpha-FeOOH,Se(+4),bc87,bc87_f3ad,4,Cl(-1)+K(+1),4.4638,0.1,2.30704e-07,,2.31
goethite-*-Se(+4),goethite,alpha-FeOOH,Se(+4),bc87,bc87_f3ad,5,Cl(-1)+K(+1),5.078,0.1,1.97946e-07,,2.31
goethite-*-Se(+4),goethite,alpha-FeOOH,Se(+4),bc87,bc87_f3ad,6,Cl(-1)+K(+1),5.2095,0.1,1.94585e-07,,2.31
goethite-*-Se(+4),goethite,alpha-FeOOH,Se(+4),bc87,bc87_f3ad,7,Cl(-1)+K(+1),5.5192,0.1,1.79394e-07,,2.31
goethite-*-Se(+4),goethite,alpha-FeOOH,Se(+4),bc87,bc87_f3ad,8,Cl(-1)+K(+1),5.8229,0.1,1.469e-07,,2.31
goethite-*-Se(+4),goethite,alpha-FeOOH,Se(+4),bc87,bc87_f3ad,9,Cl(-1)+K(+1),6.5331,0.1,1.40288e-07,,2.31
goethite-*-Se(+4),goethite,alpha-FeOOH,Se(+4),bc87,bc87_f3ad,10,Cl(-1)+K(+1),6.4485,0.1,1.31786e-07,,2.31
goethite-*-Se(+4),goethite,alpha-FeOOH,Se(+4),bc87,bc87_f3ad,11,Cl(-1)+K(+1),6.9056,0.1,1.14255e-07,,2.31
goethite-*-Se(+4),goethite,alpha-FeOOH,Se(+4),bc87,bc87_f3ad,12,Cl(-1)+K(+1),6.9832,0.1,8.84904e-08,,2.31
goethite-*-Se(+4),goethite,alpha-FeOOH,Se(+4),bc87,bc87_f3ad,13,Cl(-1)+K(+1),7.1663,0.1,6.5806e-08,,2.31
goethite-*-Se(+4),goethite,alpha-FeOOH,Se(+4),bc87,bc87_f3ad,14,Cl(-1)+K(+1),7.228,0.1,3.56278e-08,,2.31
goethite-*-Se(+4),goethite,alpha-FeOOH,Se(+4),bc87,bc87_f3ad,15,Cl(-1)+K(+1),7.3857,0.1,3.09166e-08,,2.31
goethite-*-Se(+4),goethite,alpha-FeOOH,Se(+4),bc87,bc87_f3ad,16,Cl(-1)+K(+1),9.137,0.1,2.8444e-09,,2.31
goethite-*-Se(+4),goethite,alpha-FeOOH,Se(+4),bc87,bc87_f3ad,17,Cl(-1)+K(+1),9.6633,0.1,3.31045e-09,,2.31
goethite-*-Se(+4),goethite,alpha-FeOOH,Se(+4),bc87,bc87_f3b,1,Cl(-1)+K(+1),6.95,0.1,1.09583e-07,,2.31
goethite-*-Se(+4),goethite,alpha-FeOOH,Se(+4),bc87,bc87_f3b,2,Cl(-1)+K(+1),6.95,0.1,2.41288e-07,,2.31
goethite-*-Se(+4),goethite,alpha-FeOOH,Se(+4),bc87,bc87_f3b,3,Cl(-1)+K(+1),6.95,0.1,3.03066e-07,,2.31
goethite-*-Se(+4),goethite,alpha-FeOOH,Se(+4),bc87,bc87_f3b,4,Cl(-1)+K(+1),6.95,0.1,4.06183e-07,,2.31
goethite-*-Se(+4),goethite,alpha-FeOOH,Se(+4),bc87,bc87_f3b,5,Cl(-1)+K(+1),6.95,0.1,4.72803e-07,,2.31
goethite-*-Se(+4),goethite,alpha-FeOOH,Se(+4),bc87,bc87_f3b,6,Cl(-1)+K(+1),6.95,0.1,5.50058e-07,,2.31
goethite-*-Se(+4),goethite,alpha-FeOOH,Se(+4),bc87,bc87_f3b,7,Cl(-1)+K(+1),6.95,0.1,5.56693e-07,,2.31
goethite-*-Se(+4),goethite,alpha-FeOOH,Se(+4),bc87,bc87_f3b,8,Cl(-1)+K(+1),6.95,0.1,5.71043e-07,,2.31
goethite-*-Se(+4),goethite,alpha-FeOOH,Se(+4),bc87,bc87_f3b,9,Cl(-1)+K(+1),6.95,0.1,5.92415e-07,,2.31
goethite-*-Se(+4),goethite,alpha-FeOOH,Se(+4),bc87,bc87_f3c,1,Cl(-1)+K(+1),6.95,0.1,5.92471e-07,,2.31
goethite-*-Se(+4),goethite,alpha-FeOOH,Se(+4),bc87,bc87_f3c,2,Cl(-1)+K(+1),6.95,0.1,5.69823e-07,,2.31
goethite-*-Se(+4),goethite,alpha-FeOOH,Se(+4),bc87,bc87_f3c,3,Cl(-1)+K(+1),6.95,0.1,5.55316e-07,,2.31
goethite-*-Se(+4),goethite,alpha-FeOOH,Se(+4),bc87,bc87_f3c,4,Cl(-1)+K(+1),6.95,0.1,5.57042e-07,,2.31
goethite-*-Se(+4),goethite,alpha-FeOOH,Se(+4),bc87,bc87_f3c,5,Cl(-1)+K(+1),6.95,0.1,4.73097e-07,,2.31
goethite-*-Se(+4),goethite,alpha-FeOOH,Se(+4),bc87,bc87_f3c,6,Cl(-1)+K(+1),6.95,0.1,2.99062e-07,,2.31
goethite-*-Se(+4),goethite,alpha-FeOOH,Se(+4),bc87,bc87_f3c,7,Cl(-1)+K(+1),6.95,0.1,1.19069e-07,,2.31
goethite-*-Se(+4),goethite,alpha-FeOOH,Se(+4),bc87,bc87_f4aa,1,Cl(-1)+K(+1),4.0732,0.1,2.20571e-07,,2.31
goethite-*-Se(+4),goethite,alpha-FeOOH,Se(+4),bc87,bc87_f4aa,2,Cl(-1)+K(+1),5.0912,0.1,2.20312e-07,,2.31
goethite-*-Se(+4),goethite,alpha-FeOOH,Se(+4),bc87,bc87_f4aa,3,Cl(-1)+K(+1),5.6293,0.1,2.13876e-07,,2.31
goethite-*-Se(+4),goethite,alpha-FeOOH,Se(+4),bc87,bc87_f4aa,4,Cl(-1)+K(+1),6.3309,0.1,2.11854e-07,,2.31
goethite-*-Se(+4),goethite,alpha-FeOOH,Se(+4),bc87,bc87_f4aa,5,Cl(-1)+K(+1),6.505,0.1,2.09901e-07,,2.31
goethite-*-Se(+4),goethite,alpha-FeOOH,Se(+4),bc87,bc87_f4aa,6,Cl(-1)+K(+1),6.6896,0.1,2.08065e-07,,2.31
goethite-*-Se(+4),goethite,alpha-FeOOH,Se(+4),bc87,bc87_f4aa,7,Cl(-1)+K(+1),6.8165,0.1,1.91871e-07,,2.31
goethite-*-Se(+4),goethite,alpha-FeOOH,Se(+4),bc87,bc87_f4aa,8,Cl(-1)+K(+1),7.0011,0.1,1.88877e-07,,2.31
goethite-*-Se(+4),goethite,alpha-FeOOH,Se(+4),bc87,bc87_f4aa,9,Cl(-1)+K(+1),7.0858,0.1,1.72332e-07,,2.31
goethite-*-Se(+4),goethite,alpha-FeOOH,Se(+4),bc87,bc87_f4aa,10,Cl(-1)+K(+1),7.2126,0.1,1.59726e-07,,2.31
goethite-*-Se(+4),goethite,alpha-FeOOH,Se(+4),bc87,bc87_f4aa,11,Cl(-1)+K(+1),7.276,0.1,1.47231e-07,,2.31
goethite-*-Se(+4),goethite,alpha-FeOOH,Se(+4),bc87,bc87_f4aa,12,Cl(-1)+K(+1),8.5859,0.1,3.39082e-08,,2.31
goethite-*-Se(+4),goethite,alpha-FeOOH,Se(+4),bc87,bc87_f4ab,1,Cl(-1)+K(+1),3.8253,0.1,6.25938e-07,,2.31
goethite-*-Se(+4),goethite,alpha-FeOOH,Se(+4),bc87,bc87_f4ab,2,Cl(-1)+K(+1),4.4899,0.1,6.29749e-07,,2.31
goethite-*-Se(+4),goethite,alpha-FeOOH,Se(+4),bc87,bc87_f4ab,3,Cl(-1)+K(+1),4.838,0.1,6.26853e-07,,2.31
goethite-*-Se(+4),goethite,alpha-FeOOH,Se(+4),bc87,bc87_f4ab,4,Cl(-1)+K(+1),5.4394,0.1,6.26007e-07,,2.31
goethite-*-Se(+4),goethite,alpha-FeOOH,Se(+4),bc87,bc87_f4ab,5,Cl(-1)+K(+1),5.9986,0.1,6.11893e-07,,2.31
goethite-*-Se(+4),goethite,alpha-FeOOH,Se(+4),bc87,bc87_f4ab,6,Cl(-1)+K(+1),6.2308,0.1,5.85765e-07,,2.31
goethite-*-Se(+4),goethite,alpha-FeOOH,Se(+4),bc87,bc87_f4ab,7,Cl(-1)+K(+1),6.5367,0.1,5.89487e-07,,2.31
goethite-*-Se(+4),goethite,alpha-FeOOH,Se(+4),bc87,bc87_f4ab,8,Cl(-1)+K(+1),6.6739,0.1,5.70296e-07,,2.31
goethite-*-Se(+4),goethite,alpha-FeOOH,Se(+4),bc87,bc87_f4ab,9,Cl(-1)+K(+1),6.7902,0.1,5.37509e-07,,2.31
goethite-*-Se(+4),goethite,alpha-FeOOH,Se(+4),bc87,bc87_f4ab,10,Cl(-1)+K(+1),7.1439,0.1,4.74286e-07,,2.31
goethite-*-Se(+4),goethite,alpha-FeOOH,Se(+4),bc87,bc87_f4ab,11,Cl(-1)+K(+1),7.2654,0.1,4.3222e-07,,2.31
goethite-*-Se(+4),goethite,alpha-FeOOH,Se(+4),bc87,bc87_f4ab,12,Cl(-1)+K(+1),7.4029,0.1,3.66954e-07,,2.31
goethite-*-Se(+4),goethite,alpha-FeOOH,Se(+4),bc87,bc87_f4ab,13,Cl(-1)+K(+1),7.5194,0.1,2.89088e-07,,2.31
goethite-*-Se(+4),goethite,alpha-FeOOH,Se(+4),bc87,bc87_f4ab,14,Cl(-1)+K(+1),8.232,0.1,1.79217e-07,,2.31
goethite-*-Se(+4),goethite,alpha-FeOOH,Se(+4),bc87,bc87_f4ab,15,Cl(-1)+K(+1),8.8392,0.1,7.56183e-08,,2.31
goethite-*-Se(+4),goethite,alpha-FeOOH,Se(+4),bc87,bc87_f4ab,16,Cl(-1)+K(+1),9.0291,0.1,7.10249e-08,,2.31
goethite-*-Se(+4),goethite,alpha-FeOOH,Se(+4),bc87,bc87_f4ab,17,Cl(-1)+K(+1),10.0685,0.1,6.97788e-09,,2.31
goethite-*-Se(+4),goethite,alpha-FeOOH,Se(+4),bc87,bc87_f4ac,1,Cl(-1)+K(+1),3.6778,0.1,2.61057e-06,,2.31
goethite-*-Se(+4),goethite,alpha-FeOOH,Se(+4),bc87,bc87_f4ac,2,Cl(-1)+K(+1),4.5695,0.1,2.38971e-06,,2.31
goethite-*-Se(+4),goethite,alpha-FeOOH,Se(+4),bc87,bc87_f4ac,3,Cl(-1)+K(+1),5.4612,0.1,2.15694e-06,,2.31
goethite-*-Se(+4),goethite,alpha-FeOOH,Se(+4),bc87,bc87_f4ac,4,Cl(-1)+K(+1),6.295,0.1,1.82731e-06,,2.31
goethite-*-Se(+4),goethite,alpha-FeOOH,Se(+4),bc87,bc87_f4ac,5,Cl(-1)+K(+1),6.6912,0.1,1.29917e-06,,2.31
goethite-*-Se(+4),goethite,alpha-FeOOH,Se(+4),bc87,bc87_f4ac,6,Cl(-1)+K(+1),7.0344,0.1,1.0762e-06,,2.31
goethite-*-Se(+4),goethite,alpha-FeOOH,Se(+4),bc87,bc87_f4ac,7,Cl(-1)+K(+1),7.2667,0.1,8.41201e-07,,2.31
goethite-*-Se(+4),goethite,alpha-FeOOH,Se(+4),bc87,bc87_f4ac,8,Cl(-1)+K(+1),8.164,0.1,3.79129e-07,,2.31
goethite-*-Se(+4),goethite,alpha-FeOOH,Se(+4),bc87,bc87_f4ac,9,Cl(-1)+K(+1),8.755,0.1,1.68354e-07,,2.31
goethite-*-Se(+4),goethite,alpha-FeOOH,Se(+4),bc87,bc87_f4ac,10,Cl(-1)+K(+1),9.1297,0.1,1.09408e-08,,2.31
goethite-*-Se(+4),goethite,alpha-FeOOH,Se(+4),bc87,bc87_f4ad,1,Cl(-1)+K(+1),4.3755,0.1,2.70222e-06,,2.31
goethite-*-Se(+4),goethite,alpha-FeOOH,Se(+4),bc87,bc87_f4ad,2,Cl(-1)+K(+1),4.6287,0.1,2.67185e-06,,2.31
goethite-*-Se(+4),goethite,alpha-FeOOH,Se(+4),bc87,bc87_f4ad,3,Cl(-1)+K(+1),5.5625,0.1,2.28891e-06,,2.31
goethite-*-Se(+4),goethite,alpha-FeOOH,Se(+4),bc87,bc87_f4ad,4,Cl(-1)+K(+1),6.5492,0.1,1.8555e-06,,2.31
goethite-*-Se(+4),goethite,alpha-FeOOH,Se(+4),bc87,bc87_f4ad,5,Cl(-1)+K(+1),7.0083,0.1,1.46312e-06,,2.31
goethite-*-Se(+4),goethite,alpha-FeOOH,Se(+4),bc87,bc87_f4ad,6,Cl(-1)+K(+1),7.3935,0.1,1.31502e-06,,2.31
goethite-*-Se(+4),goethite,alpha-FeOOH,Se(+4),bc87,bc87_f4ad,7,Cl(-1)+K(+1),7.499,0.1,1.07081e-06,,2.31
goethite-*-Se(+4),goethite,alpha-FeOOH,Se(+4),bc87,bc87_f4ad,8,Cl(-1)+K(+1),8.2854,0.1,3.92543e-07,,2.31
goethite-*-Se(+4),goethite,alpha-FeOOH,Se(+4),bc87,bc87_f4ad,9,Cl(-1)+K(+1),9.3301,0.1,2.10663e-08,,2.31
goethite-*-Se(+4),goethite,alpha-FeOOH,Se(+4),bc87,bc87_f4b,1,Cl(-1)+K(+1),6.45,0.1,1.16093e-06,,2.31
goethite-*-Se(+4),goethite,alpha-FeOOH,Se(+4),bc87,bc87_f4b,2,Cl(-1)+K(+1),6.45,0.1,3.50562e-06,,2.31
goethite-*-Se(+4),goethite,alpha-FeOOH,Se(+4),bc87,bc87_f4b,3,Cl(-1)+K(+1),6.45,0.1,8.10945e-06,,2.31
goethite-*-Se(+4),goethite,alpha-FeOOH,Se(+4),bc87,bc87_f4b,4,Cl(-1)+K(+1),6.45,0.1,9.47235e-06,,2.31
goethite-*-Se(+4),goethite,alpha-FeOOH,Se(+4),bc87,bc87_f4b,5,Cl(-1)+K(+1),6.45,0.1,1.03751e-05,,2.31
goethite-*-Se(+4),goethite,alpha-FeOOH,Se(+4),bc87,bc87_f4b,6,Cl(-1)+K(+1),6.45,0.1,1.07077e-05,,2.31
goethite-*-Se(+4),goethite,alpha-FeOOH,Se(+4),bc87,bc87_f4c,1,Cl(-1)+K(+1),6.45,0.1,1.22146e-06,,2.31
goethite-*-Se(+4),goethite,alpha-FeOOH,Se(+4),bc87,bc87_f4c,2,Cl(-1)+K(+1),6.45,0.1,4.70358e-06,,2.31
goethite-*-Se(+4),goethite,alpha-FeOOH,Se(+4),bc87,bc87_f4c,3,Cl(-1)+K(+1),6.45,0.1,8.29411e-06,,2.31
goethite-*-Se(+4),goethite,alpha-FeOOH,Se(+4),bc87,bc87_f4c,4,Cl(-1)+K(+1),6.45,0.1,8.93258e-06,,2.31
goethite-*-Se(+4),goethite,alpha-FeOOH,Se(+4),bc87,bc87_f4c,5,Cl(-1)+K(+1),6.45,0.1,1.02703e-05,,2.31
goethite-*-Se(+4),goethite,alpha-FeOOH,Se(+4),bc87,bc87_f4c,6,Cl(-1)+K(+1),6.45,0.1,1.10702e-05,,2.31
goethite-*-Se(+4),goethite,alpha-FeOOH,Se(+4),bc87,bc87_f8a,1,Cl(-1)+K(+1),3.8622,0.1,6.59535e-07,,2.31
goethite-*-Se(+4),goethite,alpha-FeOOH,Se(+4),bc87,bc87_f8a,2,Cl(-1)+K(+1),4.4866,0.1,6.60431e-07,,2.31
goethite-*-Se(+4),goethite,alpha-FeOOH,Se(+4),bc87,bc87_f8a,3,Cl(-1)+K(+1),4.8567,0.1,6.60885e-07,,2.31
goethite-*-Se(+4),goethite,alpha-FeOOH,Se(+4),bc87,bc87_f8a,4,Cl(-1)+K(+1),5.3994,0.1,6.57151e-07,,2.31
goethite-*-Se(+4),goethite,alpha-FeOOH,Se(+4),bc87,bc87_f8a,5,Cl(-1)+K(+1),5.9233,0.1,6.51736e-07,,2.31
goethite-*-Se(+4),goethite,alpha-FeOOH,Se(+4),bc87,bc87_f8a,6,Cl(-1)+K(+1),6.0895,0.1,6.47128e-07,,2.31
goethite-*-Se(+4),goethite,alpha-FeOOH,Se(+4),bc87,bc87_f8a,7,Cl(-1)+K(+1),6.2368,0.1,6.18986e-07,,2.31
goethite-*-Se(+4),goethite,alpha-FeOOH,Se(+4),bc87,bc87_f8a,8,Cl(-1)+K(+1),6.4753,0.1,6.25731e-07,,2.31
goethite-*-Se(+4),goethite,alpha-FeOOH,Se(+4),bc87,bc87_f8a,9,Cl(-1)+K(+1),6.6038,0.1,6.0095e-07,,2.31
goethite-*-Se(+4),goethite,alpha-FeOOH,Se(+4),bc87,bc87_f8a,10,Cl(-1)+K(+1),6.9987,0.1,4.68193e-07,,2.31
goethite-*-Se(+4),goethite,alpha-FeOOH,Se(+4),bc87,bc87_f8a,11,Cl(-1)+K(+1),7.1931,0.1,4.50982e-07,,2.31
goethite-*-Se(+4),goethite,alpha-FeOOH,Se(+4),bc87,bc87_f8a,12,Cl(-1)+K(+1),7.447,0.1,3.93012e-07,,2.31
goethite-*-Se(+4),goethite,alpha-FeOOH,Se(+4),bc87,bc87_f8a,13,Cl(-1)+K(+1),8.1617,0.1,1.90107e-07,,2.31
goethite-*-Se(+4),goethite,alpha-FeOOH,Se(+4),bc87,bc87_f8a,14,Cl(-1)+K(+1),8.8201,0.1,7.7125e-08,,2.31
goethite-*-Se(+4),goethite,alpha-FeOOH,Se(+4),bc87,bc87_f8a,15,Cl(-1)+K(+1),8.9706,0.1,7.08358e-08,,2.31
goethite-*-Se(+4),goethite,alpha-FeOOH,Se(+4),bc87,bc87_f8a,16,Cl(-1)+K(+1),9.1776,0.1,4.35393e-08,,2.31
goethite-*-Se(+4),goethite,alpha-FeOOH,Se(+4),bc87,bc87_f8b,1,Cl(-1)+K(+1),5.0199,0.1,6.70144e-07,,2.31
goethite-*-Se(+4),goethite,alpha-FeOOH,Se(+4),bc87,bc87_f8b,2,Cl(-1)+K(+1),6.0174,0.1,6.70235e-07,,2.31
goethite-*-Se(+4),goethite,alpha-FeOOH,Se(+4),bc87,bc87_f8b,3,Cl(-1)+K(+1),6.5099,0.1,6.68598e-07,,2.31
goethite-*-Se(+4),goethite,alpha-FeOOH,Se(+4),bc87,bc87_f8b,4,Cl(-1)+K(+1),6.8173,0.1,6.70306e-07,,2.31
goethite-*-Se(+4),goethite,alpha-FeOOH,Se(+4),bc87,bc87_f8b,5,Cl(-1)+K(+1),7.3067,0.1,6.74553e-07,,2.31
goethite-*-Se(+4),goethite,alpha-FeOOH,Se(+4),bc87,bc87_f8b,6,Cl(-1)+K(+1),7.5043,0.1,6.7373e-07,,2.31
goethite-*-Se(+4),goethite,alpha-FeOOH,Se(+4),bc87,bc87_f8b,7,Cl(-1)+K(+1),7.6204,0.1,6.65756e-07,,2.31
goethite-*-Se(+4),goethite,alpha-FeOOH,Se(+4),bc87,bc87_f8b,8,Cl(-1)+K(+1),7.8775,0.1,6.34262e-07,,2.31
goethite-*-Se(+4),goethite,alpha-FeOOH,Se(+4),bc87,bc87_f8b,9,Cl(-1)+K(+1),8.7176,0.1,4.1666e-07,,2.31
goethite-*-Se(+4),goethite,alpha-FeOOH,Se(+4),bc87,bc87_f8b,10,Cl(-1)+K(+1),9.4788,0.1,7.17222e-08,,2.31
goethite-*-Se(+4),goethite,alpha-FeOOH,Se(+4),bc87,bc87_f8b,11,Cl(-1)+K(+1),9.8425,0.1,2.21676e-08,,2.31
goethite-*-Se(+4),goethite,alpha-FeOOH,Se(+4),bc87,bc87_f8b,12,Cl(-1)+K(+1),10.3977,0.1,2.88703e-09,,2.31
goethite-*-Se(+4),goethite,alpha-FeOOH,Se(+4),bc87,bc87_f8b,13,Cl(-1)+K(+1),10.6393,0.1,8.0802e-10,,2.31
goethite-*-Se(+4),goethite,alpha-FeOOH,Se(+4),wat01c,wat01c_f7aa,1,Cl(-1)+K(+1),3.8624,0.1,6.52504e-07,,2.31
goethite-*-Se(+4),goethite,alpha-FeOOH,Se(+4),wat01c,wat01c_f7aa,2,Cl(-1)+K(+1),4.3393,0.1,6.49436e-07,,2.31
goethite-*-Se(+4),goethite,alpha-FeOOH,Se(+4),wat01c,wat01c_f7aa,3,Cl(-1)+K(+1),4.6095,0.1,6.52399e-07,,2.31
goethite-*-Se(+4),goethite,alpha-FeOOH,Se(+4),wat01c,wat01c_f7aa,4,Cl(-1)+K(+1),5.4362,0.1,6.52283e-07,,2.31
goethite-*-Se(+4),goethite,alpha-FeOOH,Se(+4),wat01c,wat01c_f7aa,5,Cl(-1)+K(+1),5.6905,0.1,6.49247e-07,,2.31
goethite-*-Se(+4),goethite,alpha-FeOOH,Se(+4),wat01c,wat01c_f7aa,6,Cl(-1)+K(+1),5.9767,0.1,6.35704e-07,,2.31
goethite-*-Se(+4),goethite,alpha-FeOOH,Se(+4),wat01c,wat01c_f7aa,7,Cl(-1)+K(+1),6.263,0.1,6.1766e-07,,2.31
goethite-*-Se(+4),goethite,alpha-FeOOH,Se(+4),wat01c,wat01c_f7aa,8,Cl(-1)+K(+1),6.3425,0.1,6.08647e-07,,2.31
goethite-*-Se(+4),goethite,alpha-FeOOH,Se(+4),wat01c,wat01c_f7aa,9,Cl(-1)+K(+1),6.5333,0.1,5.90617e-07,,2.31
goethite-*-Se(+4),goethite,alpha-FeOOH,Se(+4),wat01c,wat01c_f7aa,10,Cl(-1)+K(+1),6.7561,0.1,5.6208e-07,,2.31
goethite-*-Se(+4),goethite,alpha-FeOOH,Se(+4),wat01c,wat01c_f7aa,11,Cl(-1)+K(+1),7.0426,0.1,5.03528e-07,,2.31
goethite-*-Se(+4),goethite,alpha-FeOOH,Se(+4),wat01c,wat01c_f7aa,12,Cl(-1)+K(+1),6.8681,0.1,4.54043e-07,,2.31
goethite-*-Se(+4),goethite,alpha-FeOOH,Se(+4),wat01c,wat01c_f7aa,13,Cl(-1)+K(+1),7.1225,0.1,4.37505e-07,,2.31
goethite-*-Se(+4),goethite,alpha-FeOOH,Se(+4),wat01c,wat01c_f7aa,14,Cl(-1)+K(+1),7.4408,0.1,3.8495e-07,,2.31
goethite-*-Se(+4),goethite,alpha-FeOOH,Se(+4),wat01c,wat01c_f7aa,15,Cl(-1)+K(+1),7.5367,0.1,2.90418e-07,,2.31
goethite-*-Se(+4),goethite,alpha-FeOOH,Se(+4),wat01c,wat01c_f7aa,16,Cl(-1)+K(+1),8.0937,0.1,1.8982e-07,,2.31
goethite-*-Se(+4),goethite,alpha-FeOOH,Se(+4),wat01c,wat01c_f7aa,17,Cl(-1)+K(+1),8.6985,0.1,7.1212e-08,,2.31
goethite-*-Se(+4),goethite,alpha-FeOOH,Se(+4),wat01c,wat01c_f7aa,18,Cl(-1)+K(+1),8.8098,0.1,6.51956e-08,,2.31
goethite-*-Se(+4),goethite,alpha-FeOOH,Se(+4),wat01c,wat01c_f7aa,19,Cl(-1)+K(+1),9.112,0.1,3.9648e-08,,2.31
goethite-*-Se(+4),goethite,alpha-FeOOH,Se(+4),wat01c,wat01c_f7aa,20,Cl(-1)+K(+1),9.7798,0.1,2.15508e-08,,2.31
goethite-*-Se(+4),goethite,alpha-FeOOH,Se(+4),wat01c,wat01c_f7aa,21,Cl(-1)+K(+1),10.1455,0.1,3.49505e-09,,2.31
goethite-*-Se(+4),goethite,alpha-FeOOH,Se(+4),wat01c,wat01c_f7ab,1,Cl(-1)+K(+1),3.6401,0.1,2.61895e-06,,2.31
goethite-*-Se(+4),goethite,alpha-FeOOH,Se(+4),wat01c,wat01c_f7ab,2,Cl(-1)+K(+1),4.5148,0.1,2.39633e-06,,2.31
goethite-*-Se(+4),goethite,alpha-FeOOH,Se(+4),wat01c,wat01c_f7ab,3,Cl(-1)+K(+1),5.3417,0.1,2.1672e-06,,2.31
goethite-*-Se(+4),goethite,alpha-FeOOH,Se(+4),wat01c,wat01c_f7ab,4,Cl(-1)+K(+1),6.2165,0.1,1.84006e-06,,2.31
goethite-*-Se(+4),goethite,alpha-FeOOH,Se(+4),wat01c,wat01c_f7ab,5,Cl(-1)+K(+1),6.6783,0.1,1.28456e-06,,2.31
goethite-*-Se(+4),goethite,alpha-FeOOH,Se(+4),wat01c,wat01c_f7ab,6,Cl(-1)+K(+1),6.9329,0.1,1.08191e-06,,2.31
goethite-*-Se(+4),goethite,alpha-FeOOH,Se(+4),wat01c,wat01c_f7ab,7,Cl(-1)+K(+1),7.1558,0.1,8.66212e-07,,2.31
goethite-*-Se(+4),goethite,alpha-FeOOH,Se(+4),wat01c,wat01c_f7ab,8,Cl(-1)+K(+1),8.0944,0.1,3.75739e-07,,2.31
goethite-*-Se(+4),goethite,alpha-FeOOH,Se(+4),wat01c,wat01c_f7ab,9,Cl(-1)+K(+1),8.7305,0.1,1.46727e-07,,2.31
goethite-*-Se(+4),goethite,alpha-FeOOH,Se(+4),wat01c,wat01c_f7ab,10,Cl(-1)+K(+1),9.0328,0.1,1.59018e-08,,2.31
goethite-*-Se(+4),goethite,alpha-FeOOH,Se(+4),wat01c,wat01c_f7ac,1,Cl(-1)+K(+1),4.3094,0.1,2.64846e-06,,2.31
goethite-*-Se(+4),goethite,alpha-FeOOH,Se(+4),wat01c,wat01c_f7ac,2,Cl(-1)+K(+1),4.548,0.1,2.59888e-06,,2.31
goethite-*-Se(+4),goethite,alpha-FeOOH,Se(+4),wat01c,wat01c_f7ac,3,Cl(-1)+K(+1),5.5657,0.1,2.20329e-06,,2.31
goethite-*-Se(+4),goethite,alpha-FeOOH,Se(+4),wat01c,wat01c_f7ac,4,Cl(-1)+K(+1),6.5039,0.1,1.77081e-06,,2.31
goethite-*-Se(+4),goethite,alpha-FeOOH,Se(+4),wat01c,wat01c_f7ac,5,Cl(-1)+K(+1),6.9651,0.1,1.37586e-06,,2.31
goethite-*-Se(+4),goethite,alpha-FeOOH,Se(+4),wat01c,wat01c_f7ac,6,Cl(-1)+K(+1),7.3627,0.1,1.25215e-06,,2.31
goethite-*-Se(+4),goethite,alpha-FeOOH,Se(+4),wat01c,wat01c_f7ac,7,Cl(-1)+K(+1),7.4264,0.1,9.80921e-07,,2.31
goethite-*-Se(+4),goethite,alpha-FeOOH,Se(+4),wat01c,wat01c_f7ac,8,Cl(-1)+K(+1),8.3013,0.1,3.51313e-07,,2.31
goethite-*-Se(+4),goethite,alpha-FeOOH,Se(+4),wat01c,wat01c_f7ac,9,Cl(-1)+K(+1),9.2871,0.1,5.06232e-09,,2.31
goethite-*-Se(+4),goethite,alpha-FeOOH,Se(+4),wat01c,wat01c_f7ba,1,Cl(-1)+K(+1),3.8567,0.1,6.49336e-07,,2.31
goethite-*-Se(+4),goethite,alpha-FeOOH,Se(+4),wat01c,wat01c_f7ba,2,Cl(-1)+K(+1),4.2911,0.1,6.49192e-07,,2.31
goethite-*-Se(+4),goethite,alpha-FeOOH,Se(+4),wat01c,wat01c_f7ba,3,Cl(-1)+K(+1),4.7256,0.1,6.46012e-07,,2.31
goethite-*-Se(+4),goethite,alpha-FeOOH,Se(+4),wat01c,wat01c_f7ba,4,Cl(-1)+K(+1),5.3369,0.1,6.47327e-07,,2.31
goethite-*-Se(+4),goethite,alpha-FeOOH,Se(+4),wat01c,wat01c_f7ba,5,Cl(-1)+K(+1),5.7069,0.1,6.47203e-07,,2.31
goethite-*-Se(+4),goethite,alpha-FeOOH,Se(+4),wat01c,wat01c_f7ba,6,Cl(-1)+K(+1),5.9485,0.1,6.36499e-07,,2.31
goethite-*-Se(+4),goethite,alpha-FeOOH,Se(+4),wat01c,wat01c_f7ba,7,Cl(-1)+K(+1),6.2227,0.1,6.1364e-07,,2.31
goethite-*-Se(+4),goethite,alpha-FeOOH,Se(+4),wat01c,wat01c_f7ba,8,Cl(-1)+K(+1),6.3035,0.1,6.02989e-07,,2.31
goethite-*-Se(+4),goethite,alpha-FeOOH,Se(+4),wat01c,wat01c_f7ba,9,Cl(-1)+K(+1),6.5131,0.1,5.89259e-07,,2.31
goethite-*-Se(+4),goethite,alpha-FeOOH,Se(+4),wat01c,wat01c_f7ba,10,Cl(-1)+K(+1),6.7231,0.1,5.64905e-07,,2.31
goethite-*-Se(+4),goethite,alpha-FeOOH,Se(+4),wat01c,wat01c_f7ba,11,Cl(-1)+K(+1),7.0469,0.1,4.98014e-07,,2.31
goethite-*-Se(+4),goethite,alpha-FeOOH,Se(+4),wat01c,wat01c_f7ba,12,Cl(-1)+K(+1),6.9196,0.1,4.5404e-07,,2.31
goethite-*-Se(+4),goethite,alpha-FeOOH,Se(+4),wat01c,wat01c_f7ba,13,Cl(-1)+K(+1),7.1615,0.1,4.35746e-07,,2.31
goethite-*-Se(+4),goethite,alpha-FeOOH,Se(+4),wat01c,wat01c_f7ba,14,Cl(-1)+K(+1),7.4367,0.1,3.81014e-07,,2.31
goethite-*-Se(+4),goethite,alpha-FeOOH,Se(+4),wat01c,wat01c_f7ba,15,Cl(-1)+K(+1),7.4554,0.1,2.94493e-07,,2.31
goethite-*-Se(+4),goethite,alpha-FeOOH,Se(+4),wat01c,wat01c_f7ba,16,Cl(-1)+K(+1),8.1829,0.1,1.81934e-07,,2.31
goethite-*-Se(+4),goethite,alpha-FeOOH,Se(+4),wat01c,wat01c_f7ba,17,Cl(-1)+K(+1),8.7173,0.1,7.0956e-08,,2.31
goethite-*-Se(+4),goethite,alpha-FeOOH,Se(+4),wat01c,wat01c_f7ba,18,Cl(-1)+K(+1),8.83,0.1,6.33302e-08,,2.31
goethite-*-Se(+4),goethite,alpha-FeOOH,Se(+4),wat01c,wat01c_f7ba,19,Cl(-1)+K(+1),9.1686,0.1,4.34863e-08,,2.31
goethite-*-Se(+4),goethite,alpha-FeOOH,Se(+4),wat01c,wat01c_f7ba,20,Cl(-1)+K(+1),9.7968,0.1,1.74746e-08,,2.31
goethite-*-Se(+4),goethite,alpha-FeOOH,Se(+4),wat01c,wat01c_f7ba,21,Cl(-1)+K(+1),10.1352,0.1,2.18465e-09,,2.31
goethite-*-Se(+4),goethite,alpha-FeOOH,Se(+4),wat01c,wat01c_f7bb,1,Cl(-1)+K(+1),4.1198,0.1,4.67112e-07,,2.31
goethite-*-Se(+4),goethite,alpha-FeOOH,Se(+4),wat01c,wat01c_f7bb,2,Cl(-1)+K(+1),4.3939,0.1,4.48807e-07,,2.31
goethite-*-Se(+4),goethite,alpha-FeOOH,Se(+4),wat01c,wat01c_f7bb,3,Cl(-1)+K(+1),4.6674,0.1,4.47198e-07,,2.31
goethite-*-Se(+4),goethite,alpha-FeOOH,Se(+4),wat01c,wat01c_f7bb,4,Cl(-1)+K(+1),5.1192,0.1,4.06068e-07,,2.31
goethite-*-Se(+4),goethite,alpha-FeOOH,Se(+4),wat01c,wat01c_f7bb,5,Cl(-1)+K(+1),5.4583,0.1,3.64975e-07,,2.31
goethite-*-Se(+4),goethite,alpha-FeOOH,Se(+4),wat01c,wat01c_f7bb,6,Cl(-1)+K(+1),5.9271,0.1,2.91964e-07,,2.31
goethite-*-Se(+4),goethite,alpha-FeOOH,Se(+4),wat01c,wat01c_f7bb,7,Cl(-1)+K(+1),6.4274,0.1,2.43229e-07,,2.31
goethite-*-Se(+4),goethite,alpha-FeOOH,Se(+4),wat01c,wat01c_f7bb,8,Cl(-1)+K(+1),7.4592,0.1,1.73067e-07,,2.31
goethite-*-Se(+4),goethite,alpha-FeOOH,Se(+4),wat01c,wat01c_f7bb,9,Cl(-1)+K(+1),8.5084,0.1,6.04013e-08,,2.31
goethite-*-Se(+4),goethite,alpha-FeOOH,Se(+4),wat01c,wat01c_f7bb,10,Cl(-1)+K(+1),9.3463,0.1,2.06602e-08,,2.31
goethite-*-Se(+4),goethite,alpha-FeOOH,Se(+4),wat01c,wat01c_f7bb,11,Cl(-1)+K(+1),9.4754,0.1,6.95695e-09,,2.31
goethite-*-Se(+4),goethite,alpha-FeOOH,Se(+4),wat01c,wat01c_f7bc,1,Cl(-1)+K(+1),4.2869,0.1,2.66707e-07,,2.31
goethite-*-Se(+4),goethite,alpha-FeOOH,Se(+4),wat01c,wat01c_f7bc,2,Cl(-1)+K(+1),4.5124,0.1,2.56007e-07,,2.31
goethite-*-Se(+4),goethite,alpha-FeOOH,Se(+4),wat01c,wat01c_f7bc,3,Cl(-1)+K(+1),4.5614,0.1,2.34742e-07,,2.31
goethite-*-Se(+4),goethite,alpha-FeOOH,Se(+4),wat01c,wat01c_f7bc,4,Cl(-1)+K(+1),4.4814,0.1,2.1959e-07,,2.31
goethite-*-Se(+4),goethite,alpha-FeOOH,Se(+4),wat01c,wat01c_f7bc,5,Cl(-1)+K(+1),5.013,0.1,1.96646e-07,,2.31
goethite-*-Se(+4),goethite,alpha-FeOOH,Se(+4),wat01c,wat01c_f7bc,6,Cl(-1)+K(+1),5.1421,0.1,1.85978e-07,,2.31
goethite-*-Se(+4),goethite,alpha-FeOOH,Se(+4),wat01c,wat01c_f7bc,7,Cl(-1)+K(+1),5.4963,0.1,1.75237e-07,,2.31
goethite-*-Se(+4),goethite,alpha-FeOOH,Se(+4),wat01c,wat01c_f7bc,8,Cl(-1)+K(+1),5.8192,0.1,1.4022e-07,,2.31
goethite-*-Se(+4),goethite,alpha-FeOOH,Se(+4),wat01c,wat01c_f7bc,9,Cl(-1)+K(+1),6.4307,0.1,1.33946e-07,,2.31
goethite-*-Se(+4),goethite,alpha-FeOOH,Se(+4),wat01c,wat01c_f7bc,10,Cl(-1)+K(+1),6.8176,0.1,1.08014e-07,,2.31
goethite-*-Se(+4),goethite,alpha-FeOOH,Se(+4),wat01c,wat01c_f7bc,11,Cl(-1)+K(+1),6.9634,0.1,7.761e-08,,2.31
goethite-*-Se(+4),goethite,alpha-FeOOH,Se(+4),wat01c,wat01c_f7bc,12,Cl(-1)+K(+1),7.1089,0.1,5.47944e-08,,2.31
goethite-*-Se(+4),goethite,alpha-FeOOH,Se(+4),wat01c,wat01c_f7bc,13,Cl(-1)+K(+1),7.2224,0.1,2.74365e-08,,2.31
goethite-*-Se(+4),goethite,alpha-FeOOH,Se(+4),wat01c,wat01c_f7bc,14,Cl(-1)+K(+1),7.3834,0.1,2.43471e-08,,2.31
goethite-*-Se(+4),goethite,alpha-FeOOH,Se(+4),wat01c,wat01c_f7bc,15,Cl(-1)+K(+1),9.1218,0.1,-5.06805e-09,,2.31
goethite-*-Se(+4),goethite,alpha-FeOOH,Se(+4),wat01c,wat01c_f7bc,16,Cl(-1)+K(+1),9.6688,0.1,-5.25005e-09,,2.31
goethite-*-Se(+4),goethite,alpha-FeOOH,Se(+4),bc87,bc87_f6d,1,Cl(-1)+K(+1)+Mo(+6),7.0,0.10175701420000001,1.03486e-06,,2.31
goethite-*-Se(+4),goethite,alpha-FeOOH,Se(+4),bc87,bc87_f6d,2,Cl(-1)+K(+1)+Mo(+6),7.0,0.10826113600000001,1.00503e-06,,2.31
goethite-*-Se(+4),goethite,alpha-FeOOH,Se(+4),bc87,bc87_f6d,3,Cl(-1)+K(+1)+Mo(+6),7.0,0.11833678,9.73049e-07,,2.31
goethite-*-Se(+4),goethite,alpha-FeOOH,Se(+4),bc87,bc87_f6d,4,Cl(-1)+K(+1)+Mo(+6),7.0,0.14166946,9.52917e-07,,2.31
goethite-*-Se(+4),goethite,alpha-FeOOH,Se(+4),bc87,bc87_f6d,5,Cl(-1)+K(+1)+Mo(+6),7.0,0.18354862,9.11171e-07,,2.31
goethite-*-Se(+4),goethite,alpha-FeOOH,Se(+4),bc87,bc87_f6d,6,Cl(-1)+K(+1)+Mo(+6),7.0,0.23145778,8.63827e-07,,2.31
goethite-*-Se(+4),goethite,alpha-FeOOH,Se(+4),bc87,bc87_f6d,7,Cl(-1)+K(+1)+Mo(+6),7.0,0.28110880000000005,8.31801e-07,,2.31
goethite-*-Se(+4),goethite,alpha-FeOOH,Se(+4),bc87,bc87_f6d,8,Cl(-1)+K(+1)+Mo(+6),7.0,0.5145616000000001,6.95299e-07,,2.31
goethite-*-Se(+4),goethite,alpha-FeOOH,Se(+4),bc87,bc87_f6d,9,Cl(-1)+K(+1)+Mo(+6),7.0,0.9243585999999999,5.56692e-07,,2.31
goethite-*-Se(+4),goethite,alpha-FeOOH,Se(+4),bc87,bc87_f6f,1,Cl(-1)+K(+1)+Oxalate(-2),7.0,0.10459554,1.02887e-06,,2.31
goethite-*-Se(+4),goethite,alpha-FeOOH,Se(+4),bc87,bc87_f6f,2,Cl(-1)+K(+1)+Oxalate(-2),7.0,0.10950832,1.01779e-06,,2.31
goethite-*-Se(+4),goethite,alpha-FeOOH,Se(+4),bc87,bc87_f6f,3,Cl(-1)+K(+1)+Oxalate(-2),7.0,0.11416646000000001,1.00946e-06,,2.31
goethite-*-Se(+4),goethite,alpha-FeOOH,Se(+4),bc87,bc87_f6f,4,Cl(-1)+K(+1)+Oxalate(-2),7.0,0.11862434000000001,9.96944e-07,,2.31
goethite-*-Se(+4),goethite,alpha-FeOOH,Se(+4),bc87,bc87_f6f,5,Cl(-1)+K(+1)+Oxalate(-2),7.0,0.1468508,9.76123e-07,,2.31
goethite-*-Se(+4),goethite,alpha-FeOOH,Se(+4),bc87,bc87_f6f,6,Cl(-1)+K(+1)+Oxalate(-2),7.0,0.1984628,9.63647e-07,,2.31
goethite-*-Se(+4),goethite,alpha-FeOOH,Se(+4),bc87,bc87_f6a,1,Cl(-1)+K(+1)+P(+5),7.0,0.10000294065000001,1.03152e-06,,2.31
goethite-*-Se(+4),goethite,alpha-FeOOH,Se(+4),bc87,bc87_f6a,2,Cl(-1)+K(+1)+P(+5),7.0,0.1000058504,1.03228e-06,,2.31
goethite-*-Se(+4),goethite,alpha-FeOOH,Se(+4),bc87,bc87_f6a,3,Cl(-1)+K(+1)+P(+5),7.0,0.100008855425,1.03162e-06,,2.31
goethite-*-Se(+4),goethite,alpha-FeOOH,Se(+4),bc87,bc87_f6a,4,Cl(-1)+K(+1)+P(+5),7.0,0.10001191838750001,1.03165e-06,,2.31
goethite-*-Se(+4),goethite,alpha-FeOOH,Se(+4),bc87,bc87_f6a,5,Cl(-1)+K(+1)+P(+5),7.0,0.10002584525000001,1.03102e-06,,2.31
goethite-*-Se(+4),goethite,alpha-FeOOH,Se(+4),bc87,bc87_f6a,6,Cl(-1)+K(+1)+P(+5),7.0,0.100057821625,1.01228e-06,,2.31
goethite-*-Se(+4),goethite,alpha-FeOOH,Se(+4),bc87,bc87_f6a,7,Cl(-1)+K(+1)+P(+5),7.0,0.100122422,9.12702e-07,,2.31
goethite-*-Se(+4),goethite,alpha-FeOOH,Se(+4),bc87,bc87_f6a,8,Cl(-1)+K(+1)+P(+5),7.0,0.10028449125000001,6.6401e-07,,2.31
goethite-*-Se(+4),goethite,alpha-FeOOH,Se(+4),bc87,bc87_f6a,9,Cl(-1)+K(+1)+P(+5),7.0,0.10057898875,4.71052e-07,,2.31
goethite-*-Se(+4),goethite,alpha-FeOOH,Se(+4),bc87,bc87_f6a,10,Cl(-1)+K(+1)+P(+5),7.0,0.10125471250000001,3.30364e-07,,2.31
goethite-*-Se(+4),goethite,alpha-FeOOH,Se(+4),bc87,bc87_f6a,11,Cl(-1)+K(+1)+P(+5),7.0,0.1018835,2.57931e-07,,2.31
goethite-*-Se(+4),goethite,alpha-FeOOH,Se(+4),bc87,bc87_f6a,12,Cl(-1)+K(+1)+P(+5),7.0,0.10259493750000001,2.30087e-07,,2.31
goethite-*-Se(+4),goethite,alpha-FeOOH,Se(+4),bc87,bc87_f6a,13,Cl(-1)+K(+1)+P(+5),7.0,0.10488765,1.96696e-07,,2.31
goethite-*-Se(+4),goethite,alpha-FeOOH,Se(+4),bc87,bc87_f7a,1,Cl(-1)+K(+1)+P(+5),6.99,0.1000119669125,1.89563e-07,,2.31
goethite-*-Se(+4),goethite,alpha-FeOOH,Se(+4),bc87,bc87_f7a,2,Cl(-1)+K(+1)+P(+5),6.99,0.10002382250000001,1.89487e-07,,2.31
goethite-*-Se(+4),goethite,alpha-FeOOH,Se(+4),bc87,bc87_f7a,3,Cl(-1)+K(+1)+P(+5),6.99,0.10005955600000001,1.88974e-07,,2.31
goethite-*-Se(+4),goethite,alpha-FeOOH,Se(+4),bc87,bc87_f7a,4,Cl(-1)+K(+1)+P(+5),6.99,0.10011828075000001,1.64502e-07,,2.31
goethite-*-Se(+4),goethite,alpha-FeOOH,Se(+4),bc87,bc87_f7b,1,Cl(-1)+K(+1)+P(+5),6.99,0.1000652015,1.0165e-06,,2.31
goethite-*-Se(+4),goethite,alpha-FeOOH,Se(+4),bc87,bc87_f7b,2,Cl(-1)+K(+1)+P(+5),6.99,0.10013315625000001,9.10416e-07,,2.31
goethite-*-Se(+4),goethite,alpha-FeOOH,Se(+4),bc87,bc87_f7b,3,Cl(-1)+K(+1)+P(+5),6.99,0.1003248275,6.61024e-07,,2.31
goethite-*-Se(+4),goethite,alpha-FeOOH,Se(+4),bc87,bc87_f7b,4,Cl(-1)+K(+1)+P(+5),6.99,0.10064993250000001,4.62488e-07,,2.31
goethite-*-Se(+4),goethite,alpha-FeOOH,Se(+4),bc87,bc87_f7c,1,Cl(-1)+K(+1)+P(+5),6.99,0.10021959500000001,3.51104e-05,,2.31
goethite-*-Se(+4),goethite,alpha-FeOOH,Se(+4),bc87,bc87_f7c,2,Cl(-1)+K(+1)+P(+5),6.99,0.10072740250000001,3.32096e-05,,2.31
goethite-*-Se(+4),goethite,alpha-FeOOH,Se(+4),bc87,bc87_f7c,3,Cl(-1)+K(+1)+P(+5),6.99,0.10122110250000001,2.89624e-05,,2.31
goethite-*-Se(+4),goethite,alpha-FeOOH,Se(+4),bc87,bc87_f7c,4,Cl(-1)+K(+1)+P(+5),6.99,0.1030781,2.26066e-05,,2.31
goethite-*-Se(+4),goethite,alpha-FeOOH,Se(+4),bc87,bc87_f7c,5,Cl(-1)+K(+1)+P(+5),6.99,0.1062112625,1.58648e-05,,2.31
goethite-*-Se(+4),goethite,alpha-FeOOH,Se(+4),bc87,bc87_f7c,6,Cl(-1)+K(+1)+P(+5),6.99,0.115434875,8.7912e-06,,2.31
goethite-*-Se(+4),goethite,alpha-FeOOH,Se(+4),bc87,bc87_f7c,7,Cl(-1)+K(+1)+P(+5),6.99,0.1308495,6.14295e-06,,2.31
goethite-*-Se(+4),goethite,alpha-FeOOH,Se(+4),bc87,bc87_f6h,1,Cl(-1)+K(+1)+S(+6),7.0,0.100413613,1.03612e-06,,2.31
goethite-*-Se(+4),goethite,alpha-FeOOH,Se(+4),bc87,bc87_f6h,2,Cl(-1)+K(+1)+S(+6),7.0,0.11709580600000001,1.03437e-06,,2.31
goethite-*-Se(+4),goethite,alpha-FeOOH,Se(+4),bc87,bc87_f6h,3,Cl(-1)+K(+1)+S(+6),7.0,0.19110592,1.03521e-06,,2.31
goethite-*-Se(+4),goethite,alpha-FeOOH,Se(+4),bc87,bc87_f6h,4,Cl(-1)+K(+1)+S(+6),7.0,0.29298520000000006,1.03668e-06,,2.31
goethite-*-Se(+4),goethite,alpha-FeOOH,Se(+4),bc87,bc87_f6h,5,Cl(-1)+K(+1)+S(+6),7.0,0.9327268,1.03751e-06,,2.31
goethite-*-Se(+4),goethite,alpha-FeOOH,Se(+4),bc87,bc87_f6c,1,Cl(-1)+K(+1)+Si(+4),7.0,0.1003774072,1.03827e-06,,2.31
goethite-*-Se(+4),goethite,alpha-FeOOH,Se(+4),bc87,bc87_f6c,2,Cl(-1)+K(+1)+Si(+4),7.0,0.10183078400000001,9.98697e-07,,2.31
goethite-*-Se(+4),goethite,alpha-FeOOH,Se(+4),bc87,bc87_f6c,3,Cl(-1)+K(+1)+Si(+4),7.0,0.103671224,9.82734e-07,,2.31
goethite-*-Se(+4),goethite,alpha-FeOOH,Se(+4),bc87,bc87_f6c,4,Cl(-1)+K(+1)+Si(+4),7.0,0.1061016,9.43758e-07,,2.31
goethite-*-Se(+4),goethite,alpha-FeOOH,Se(+4),bc87,bc87_f6c,5,Cl(-1)+K(+1)+Si(+4),7.0,0.107896272,9.06849e-07,,2.31
goethite-*-Se(+4),goethite,alpha-FeOOH,Se(+4),bc87,bc87_f6c,6,Cl(-1)+K(+1)+Si(+4),7.0,0.1190832,6.77672e-07,,2.31
goethite-*-Se(+4),goethite,alpha-FeOOH,Se(+4),bc87,bc87_f6c,7,Cl(-1)+K(+1)+Si(+4),7.0,0.13764344,4.94468e-07,,2.31
goethite-*-Se(+4),goethite,alpha-FeOOH,Se(+4),bc87,bc87_f6c,8,Cl(-1)+K(+1)+Si(+4),7.0,0.1790716,3.73287e-07,,2.31
goethite-*-Se(+4),goethite,alpha-FeOOH,Se(+4),bchssy98,bchssy98_f4b,1,Cl(-1)+Na(+1),5.6974,0.01,0.000100325,,2.31
goethite-*-Se(+4),goethite,alpha-FeOOH,Se(+4),bchssy98,bchssy98_f4b,2,Cl(-1)+Na(+1),5.855,0.01,0.000100324,,2.31
goethite-*-Se(+4),goethite,alpha-FeOOH,Se(+4),bchssy98,bchssy98_f4b,3,Cl(-1)+Na(+1),6.0802,0.01,0.000100603,,2.31
goethite-*-Se(+4),goethite,alpha-FeOOH,Se(+4),bchssy98,bchssy98_f4b,4,Cl(-1)+Na(+1),6.3277,0.01,0.000100601,,2.31
goethite-*-Se(+4),goethite,alpha-FeOOH,Se(+4),bchssy98,bchssy98_f4b,5,Cl(-1)+Na(+1),6.5303,0.01,0.000100319,,2.31
goethite-*-Se(+4),goethite,alpha-FeOOH,Se(+4),bchssy98,bchssy98_f4b,6,Cl(-1)+Na(+1),6.7555,0.01,0.000100598,,2.31
goethite-*-Se(+4),goethite,alpha-FeOOH,Se(+4),bchssy98,bchssy98_f4b,7,Cl(-1)+Na(+1),7.0031,0.01,0.000100597,,2.31
goethite-*-Se(+4),goethite,alpha-FeOOH,Se(+4),bchssy98,bchssy98_f4b,8,Cl(-1)+Na(+1),7.2279,0.01,0.000100034,,2.31
goethite-*-Se(+4),goethite,alpha-FeOOH,Se(+4),bchssy98,bchssy98_f4b,9,Cl(-1)+Na(+1),7.5207,0.01,0.000100312,,2.31
goethite-*-Se(+4),goethite,alpha-FeOOH,Se(+4),bchssy98,bchssy98_f4b,10,Cl(-1)+Na(+1),8.5466,0.01,8.14979e-05,,2.31
goethite-*-Se(+4),goethite,alpha-FeOOH,Se(+4),bchssy98,bchssy98_f4b,11,Cl(-1)+Na(+1),9.8296,0.01,8.14889e-05,,2.31
goethite-*-Se(+4),goethite,alpha-FeOOH,Se(+4),bchssy98,bchssy98_f4b,12,Cl(-1)+Na(+1),10.3377,0.01,6.23976e-05,,2.31
goethite-*-Se(+4),goethite,alpha-FeOOH,Se(+4),bchssy98,bchssy98_f4b,13,Cl(-1)+Na(+1),10.9237,0.01,1.94461e-05,,2.31
goethite-*-Se(+4),goethite,alpha-FeOOH,Se(+4),bchssy98,bchssy98_f4b,14,Cl(-1)+Na(+1),11.6888,0.01,1.88794e-05,,2.31
goethite-*-Se(+4),goethite,alpha-FeOOH,Se(+4),bchssy98,bchssy98_f4b,15,Cl(-1)+Na(+1),11.4603,0.01,1.21441e-05,,2.31
goethite-*-Se(+4),goethite,alpha-FeOOH,Se(+4),bchssy98,bchssy98_f4b,16,Cl(-1)+Na(+1),11.7727,0.01,6.8086e-06,,2.31
goethite-*-Se(+4),goethite,alpha-FeOOH,Se(+4),bchssy98,bchssy98_f4b,17,Cl(-1)+Na(+1),12.0205,0.01,7.0876e-06,,2.31
goethite-*-Se(+4),goethite,alpha-FeOOH,Se(+4),zs90a,zs90a_f4,1,Cl(-1)+Na(+1),6.3958,0.02,0.0043172,,2.31
goethite-*-Se(+4),goethite,alpha-FeOOH,Se(+4),zs90a,zs90a_f4,2,Cl(-1)+Na(+1),7.0227,0.02,0.0041408,,2.31
goethite-*-Se(+4),goethite,alpha-FeOOH,Se(+4),zs90a,zs90a_f4,3,Cl(-1)+Na(+1),7.5119,0.02,0.0039975,,2.31
goethite-*-Se(+4),goethite,alpha-FeOOH,Se(+4),zs90a,zs90a_f4,4,Cl(-1)+Na(+1),7.8087,0.02,0.0036683,,2.31
goethite-*-Se(+4),goethite,alpha-FeOOH,Se(+4),zs90a,zs90a_f4,5,Cl(-1)+Na(+1),8.3468,0.02,0.00324,,2.31
goethite-*-Se(+4),goethite,alpha-FeOOH,Se(+4),zs90a,zs90a_f4,6,Cl(-1)+Na(+1),8.7191,0.02,0.0029435,,2.31
goethite-*-Se(+4),goethite,alpha-FeOOH,Se(+4),zs90a,zs90a_f4,7,Cl(-1)+Na(+1),9.0574,0.02,0.0026141,,2.31
goethite-*-Se(+4),goethite,alpha-FeOOH,Se(+4),zs90a,zs90a_f4,8,Cl(-1)+Na(+1),9.3267,0.02,0.0022959,,2.31
goethite-*-Se(+4),goethite,alpha-FeOOH,Se(+4),zs90a,zs90a_f4,9,Cl(-1)+Na(+1),9.6374,0.02,0.0019009,,2.31
goethite-*-Se(+4),goethite,alpha-FeOOH,Se(+4),zs90a,zs90a_f4,10,Cl(-1)+Na(+1),10.1622,0.02,0.0012425,,2.31
goethite-*-Se(+4),goethite,alpha-FeOOH,Se(+4),nfhpl17,nfhpl17_f2ac,1,Cl(-1)+Na(+1),4.8997,0.01,0.000223233,,2.31
goethite-*-Se(+4),goethite,alpha-FeOOH,Se(+4),nfhpl17,nfhpl17_f2ac,2,Cl(-1)+Na(+1),5.9409,0.01,0.000215118,,2.31
goethite-*-Se(+4),goethite,alpha-FeOOH,Se(+4),nfhpl17,nfhpl17_f2ac,3,Cl(-1)+Na(+1),6.9141,0.01,0.000202563,,2.31
goethite-*-Se(+4),goethite,alpha-FeOOH,Se(+4),nfhpl17,nfhpl17_f2ac,4,Cl(-1)+Na(+1),7.428,0.01,0.000197554,,2.31
goethite-*-Se(+4),goethite,alpha-FeOOH,Se(+4),nfhpl17,nfhpl17_f2ac,5,Cl(-1)+Na(+1),7.9156,0.01,0.000187477,,2.31
goethite-*-Se(+4),goethite,alpha-FeOOH,Se(+4),nfhpl17,nfhpl17_f2ac,6,Cl(-1)+Na(+1),8.4324,0.01,0.000171704,,2.31
goethite-*-Se(+4),goethite,alpha-FeOOH,Se(+4),nfhpl17,nfhpl17_f2ac,7,Cl(-1)+Na(+1),8.9497,0.01,0.000154031,,2.31
goethite-*-Se(+4),goethite,alpha-FeOOH,Se(+4),nfhpl17,nfhpl17_f2ac,8,Cl(-1)+Na(+1),9.4411,0.01,0.000129388,,2.31
goethite-*-Se(+4),goethite,alpha-FeOOH,Se(+4),nfhpl17,nfhpl17_f2ac,9,Cl(-1)+Na(+1),10.445,0.01,5.28755e-05,,2.31
goethite-*-Se(+4),goethite,alpha-FeOOH,Se(+4),nfhpl17,nfhpl17_f2ac,10,Cl(-1)+Na(+1),10.9667,0.01,1.87375e-05,,2.31
goethite-*-Se(+4),goethite,alpha-FeOOH,Se(+4),hpq71,hpq71_f1b,1,Cl(-1)+Na(+1),3.0541,0.1,0.000976223,20.0,2.31
goethite-*-Se(+4),goethite,alpha-FeOOH,Se(+4),hpq71,hpq71_f1b,2,Cl(-1)+Na(+1),3.3785,0.1,0.000967847,20.0,2.31
goethite-*-Se(+4),goethite,alpha-FeOOH,Se(+4),hpq71,hpq71_f1b,3,Cl(-1)+Na(+1),3.6524,0.1,0.000945916,20.0,2.31
goethite-*-Se(+4),goethite,alpha-FeOOH,Se(+4),hpq71,hpq71_f1b,4,Cl(-1)+Na(+1),3.9121,0.1,0.000953671,20.0,2.31
goethite-*-Se(+4),goethite,alpha-FeOOH,Se(+4),hpq71,hpq71_f1b,5,Cl(-1)+Na(+1),4.0924,0.1,0.000964003,20.0,2.31
goethite-*-Se(+4),goethite,alpha-FeOOH,Se(+4),hpq71,hpq71_f1b,6,Cl(-1)+Na(+1),4.9937,0.1,0.000935645,20.0,2.31
goethite-*-Se(+4),goethite,alpha-FeOOH,Se(+4),hpq71,hpq71_f1b,7,Cl(-1)+Na(+1),6.2988,0.1,0.000903432,20.0,2.31
goethite-*-Se(+4),goethite,alpha-FeOOH,Se(+4),hpq71,hpq71_f1b,8,Cl(-1)+Na(+1),6.6808,0.1,0.000903447,20.0,2.31
goethite-*-Se(+4),goethite,alpha-FeOOH,Se(+4),hpq71,hpq71_f1b,9,Cl(-1)+Na(+1),6.8035,0.1,0.000892481,20.0,2.31
goethite-*-Se(+4),goethite,alpha-FeOOH,Se(+4),hpq71,hpq71_f1b,10,Cl(-1)+Na(+1),7.4813,0.1,0.000837656,20.0,2.31
goethite-*-Se(+4),goethite,alpha-FeOOH,Se(+4),hpq71,hpq71_f1b,11,Cl(-1)+Na(+1),7.7841,0.1,0.000839604,20.0,2.31
goethite-*-Se(+4),goethite,alpha-FeOOH,Se(+4),hpq71,hpq71_f1b,12,Cl(-1)+Na(+1),7.7841,0.1,0.000824761,20.0,2.31
goethite-*-Se(+4),goethite,alpha-FeOOH,Se(+4),hpq71,hpq71_f1b,13,Cl(-1)+Na(+1),8.0726,0.1,0.000789925,20.0,2.31
goethite-*-Se(+4),goethite,alpha-FeOOH,Se(+4),hpq71,hpq71_f1b,14,Cl(-1)+Na(+1),8.361,0.1,0.000791228,20.0,2.31
goethite-*-Se(+4),goethite,alpha-FeOOH,Se(+4),hpq71,hpq71_f1b,15,Cl(-1)+Na(+1),8.1374,0.1,0.000773149,20.0,2.31
goethite-*-Se(+4),goethite,alpha-FeOOH,Se(+4),hpq71,hpq71_f1b,16,Cl(-1)+Na(+1),8.361,0.1,0.000769286,20.0,2.31
goethite-*-Se(+4),goethite,alpha-FeOOH,Se(+4),hpq71,hpq71_f1b,17,Cl(-1)+Na(+1),8.5629,0.1,0.000754452,20.0,2.31
goethite-*-Se(+4),goethite,alpha-FeOOH,Se(+4),hpq71,hpq71_f1b,18,Cl(-1)+Na(+1),8.9739,0.1,0.000711877,20.0,2.31
goethite-*-Se(+4),goethite,alpha-FeOOH,Se(+4),hpq71,hpq71_f1b,19,Cl(-1)+Na(+1),8.8801,0.1,0.000694449,20.0,2.31
goethite-*-Se(+4),goethite,alpha-FeOOH,Se(+4),hpq71,hpq71_f1b,20,Cl(-1)+Na(+1),9.0604,0.1,0.000678323,20.0,2.31
goethite-*-Se(+4),goethite,alpha-FeOOH,Se(+4),hpq71,hpq71_f1b,21,Cl(-1)+Na(+1),9.5579,0.1,0.000575091,20.0,2.31
goethite-*-Se(+4),goethite,alpha-FeOOH,Se(+4),hpq71,hpq71_f1b,22,Cl(-1)+Na(+1),9.8463,0.1,0.000467978,20.0,2.31
goethite-*-Se(+4),goethite,alpha-FeOOH,Se(+4),hpq71,hpq71_f1b,23,Cl(-1)+Na(+1),10.1924,0.1,0.000387326,20.0,2.31
goethite-*-Se(+4),goethite,alpha-FeOOH,Se(+4),hpq71,hpq71_f1b,24,Cl(-1)+Na(+1),10.9567,0.1,0.000214409,20.0,2.31
goethite-*-Se(+4),goethite,alpha-FeOOH,Se(+4),hpq71,hpq71_f1b,25,Cl(-1)+Na(+1),11.0793,0.1,0.000195699,20.0,2.31
goethite-*-Se(+4),goethite,alpha-FeOOH,Se(+4),hpq71,hpq71_f1b,26,Cl(-1)+Na(+1),11.62,0.1,8.85965e-05,20.0,2.31
goethite-*-Se(+4),goethite,alpha-FeOOH,Se(+4),hpq71,hpq71_f1b,27,Cl(-1)+Na(+1),11.7932,0.1,0.000104091,20.0,2.31
goethite-*-Se(+4),goethite,alpha-FeOOH,Se(+4),hpq71,hpq71_f1b,28,Cl(-1)+Na(+1),11.7715,0.1,7.24693e-05,20.0,2.31
goethite-*-Se(+4),goethite,alpha-FeOOH,Se(+4),hpq71,hpq71_f2ca,1,Cl(-1)+Na(+1),3.1344,0.1,0.000982919,20.0,2.31
goethite-*-Se(+4),goethite,alpha-FeOOH,Se(+4),hpq71,hpq71_f2ca,2,Cl(-1)+Na(+1),3.4134,0.1,0.000975017,20.0,2.31
goethite-*-Se(+4),goethite,alpha-FeOOH,Se(+4),hpq71,hpq71_f2ca,3,Cl(-1)+Na(+1),3.5131,0.1,0.000946731,20.0,2.31
goethite-*-Se(+4),goethite,alpha-FeOOH,Se(+4),hpq71,hpq71_f2ca,4,Cl(-1)+Na(+1),4.0227,0.1,0.000963743,20.0,2.31
goethite-*-Se(+4),goethite,alpha-FeOOH,Se(+4),hpq71,hpq71_f2ca,5,Cl(-1)+Na(+1),4.1371,0.1,0.000964882,20.0,2.31
goethite-*-Se(+4),goethite,alpha-FeOOH,Se(+4),hpq71,hpq71_f2ca,6,Cl(-1)+Na(+1),6.295,0.1,0.000925424,20.0,2.31
goethite-*-Se(+4),goethite,alpha-FeOOH,Se(+4),hpq71,hpq71_f2ca,7,Cl(-1)+Na(+1),6.713,0.1,0.000906215,20.0,2.31
goethite-*-Se(+4),goethite,alpha-FeOOH,Se(+4),hpq71,hpq71_f2ca,8,Cl(-1)+Na(+1),6.8523,0.1,0.000897171,20.0,2.31
goethite-*-Se(+4),goethite,alpha-FeOOH,Se(+4),hpq71,hpq71_f2ca,9,Cl(-1)+Na(+1),7.8939,0.1,0.000889322,20.0,2.31
goethite-*-Se(+4),goethite,alpha-FeOOH,Se(+4),hpq71,hpq71_f2ca,10,Cl(-1)+Na(+1),7.6108,0.1,0.000834979,20.0,2.31
goethite-*-Se(+4),goethite,alpha-FeOOH,Se(+4),hpq71,hpq71_f2ca,11,Cl(-1)+Na(+1),7.8397,0.1,0.000837259,20.0,2.31
goethite-*-Se(+4),goethite,alpha-FeOOH,Se(+4),hpq71,hpq71_f2ca,12,Cl(-1)+Na(+1),8.1419,0.1,0.000795406,20.0,2.31
goethite-*-Se(+4),goethite,alpha-FeOOH,Se(+4),hpq71,hpq71_f2ca,13,Cl(-1)+Na(+1),8.3956,0.1,0.000787502,20.0,2.31
goethite-*-Se(+4),goethite,alpha-FeOOH,Se(+4),hpq71,hpq71_f2ca,14,Cl(-1)+Na(+1),8.2678,0.1,0.000777307,20.0,2.31
goethite-*-Se(+4),goethite,alpha-FeOOH,Se(+4),hpq71,hpq71_f2ca,15,Cl(-1)+Na(+1),8.2414,0.1,0.000762593,20.0,2.31
goethite-*-Se(+4),goethite,alpha-FeOOH,Se(+4),hpq71,hpq71_f2ca,16,Cl(-1)+Na(+1),8.4071,0.1,0.000769395,20.0,2.31
goethite-*-Se(+4),goethite,alpha-FeOOH,Se(+4),hpq71,hpq71_f2ca,17,Cl(-1)+Na(+1),8.6465,0.1,0.000738855,20.0,2.31
goethite-*-Se(+4),goethite,alpha-FeOOH,Se(+4),hpq71,hpq71_f2ca,18,Cl(-1)+Na(+1),9.0514,0.1,0.00071059,20.0,2.31
goethite-*-Se(+4),goethite,alpha-FeOOH,Se(+4),hpq71,hpq71_f2ca,19,Cl(-1)+Na(+1),9.1128,0.1,0.000677774,20.0,2.31
goethite-*-Se(+4),goethite,alpha-FeOOH,Se(+4),hpq71,hpq71_f2ca,20,Cl(-1)+Na(+1),9.2256,0.1,0.000654016,20.0,2.31
goethite-*-Se(+4),goethite,alpha-FeOOH,Se(+4),hpq71,hpq71_f2ca,21,Cl(-1)+Na(+1),9.6157,0.1,0.000595194,20.0,2.31
goethite-*-Se(+4),goethite,alpha-FeOOH,Se(+4),hpq71,hpq71_f2ca,22,Cl(-1)+Na(+1),9.6143,0.1,0.000575954,20.0,2.31
goethite-*-Se(+4),goethite,alpha-FeOOH,Se(+4),hpq71,hpq71_f2ca,23,Cl(-1)+Na(+1),9.9254,0.1,0.000472988,20.0,2.31
goethite-*-Se(+4),goethite,alpha-FeOOH,Se(+4),hpq71,hpq71_f2ca,24,Cl(-1)+Na(+1),10.2247,0.1,0.000385866,20.0,2.31
goethite-*-Se(+4),goethite,alpha-FeOOH,Se(+4),hpq71,hpq71_f2ca,25,Cl(-1)+Na(+1),11.0145,0.1,0.000221821,20.0,2.31
goethite-*-Se(+4),goethite,alpha-FeOOH,Se(+4),hpq71,hpq71_f2ca,26,Cl(-1)+Na(+1),11.1144,0.1,0.000194666,20.0,2.31
goethite-*-Se(+4),goethite,alpha-FeOOH,Se(+4),hpq71,hpq71_f2ca,27,Cl(-1)+Na(+1),11.7436,0.1,9.85133e-05,20.0,2.31
goethite-*-Se(+4),goethite,alpha-FeOOH,Se(+4),hpq71,hpq71_f2ca,28,Cl(-1)+Na(+1),11.641,0.1,8.49254e-05,20.0,2.31
goethite-*-Se(+4),goethite,alpha-FeOOH,Se(+4),hpq71,hpq71_f2ca,29,Cl(-1)+Na(+1),11.7161,0.1,6.79545e-05,20.0,2.31
goethite-*-Se(+4),goethite,alpha-FeOOH,Se(+4),hpq71,hpq71_f2ca,30,Cl(-1)+Na(+1),11.8683,0.1,6.34384e-05,20.0,2.31
goethite-*-Se(+4),goethite,alpha-FeOOH,Se(+4),rgmmd08,rgmmd08_f3aa,1,Cl(-1)+Na(+1),4.0,0.1,2.64416e-06,,2.31
goethite-*-Se(+4),goethite,alpha-FeOOH,Se(+4),rgmmd08,rgmmd08_f3aa,2,Cl(-1)+Na(+1),4.0,0.1,3.30524e-06,,2.31
goethite-*-Se(+4),goethite,alpha-FeOOH,Se(+4),rgmmd08,rgmmd08_f3aa,3,Cl(-1)+Na(+1),4.0,0.1,5.66026e-06,,2.31
goethite-*-Se(+4),goethite,alpha-FeOOH,Se(+4),rgmmd08,rgmmd08_f3aa,4,Cl(-1)+Na(+1),4.0,0.1,1.12791e-05,,2.31
goethite-*-Se(+4),goethite,alpha-FeOOH,Se(+4),rgmmd08,rgmmd08_f3aa,5,Cl(-1)+Na(+1),4.0,0.1,2.02035e-05,,2.31
goethite-*-Se(+4),goethite,alpha-FeOOH,Se(+4),rgmmd08,rgmmd08_f3aa,6,Cl(-1)+Na(+1),4.0,0.1,2.56566e-05,,2.31
goethite-*-Se(+4),goethite,alpha-FeOOH,Se(+4),rgmmd08,rgmmd08_f3aa,7,Cl(-1)+Na(+1),4.0,0.1,2.94576e-05,,2.31
goethite-*-Se(+4),goethite,alpha-FeOOH,Se(+4),rgmmd08,rgmmd08_f4aa,1,Cl(-1)+Na(+1),2.0585,0.1,9.61261e-06,,2.31
goethite-*-Se(+4),goethite,alpha-FeOOH,Se(+4),rgmmd08,rgmmd08_f4aa,2,Cl(-1)+Na(+1),7.5783,0.1,3.69446e-06,,2.31
goethite-*-Se(+4),goethite,alpha-FeOOH,Se(+4),rgmmd08,rgmmd08_f4aa,3,Cl(-1)+Na(+1),7.6834,0.1,5.93317e-06,,2.31
goethite-*-Se(+4),goethite,alpha-FeOOH,Se(+4),rgmmd08,rgmmd08_f4aa,4,Cl(-1)+Na(+1),8.8656,0.1,2.67444e-06,,2.31
goethite-*-Se(+4),goethite,alpha-FeOOH,Se(+4),rgmmd08,rgmmd08_f4aa,5,Cl(-1)+Na(+1),9.2183,0.1,2.32218e-06,,2.31
goethite-*-Se(+4),goethite,alpha-FeOOH,Se(+4),rgmmd08,rgmmd08_f4aa,6,Cl(-1)+Na(+1),10.9108,0.1,1.78463e-06,,2.31
goethite-*-Se(+4),goethite,alpha-FeOOH,Se(+4),hpq72,hpq72_f1ea,1,Cl(-1)+Na(+1),4.7549,0.1,0.000865916,22.0,2.31
goethite-*-Se(+4),goethite,alpha-FeOOH,Se(+4),hpq72,hpq72_f1ea,2,Cl(-1)+Na(+1),6.1195,0.1,0.000848662,22.0,2.31
goethite-*-Se(+4),goethite,alpha-FeOOH,Se(+4),hpq72,hpq72_f1ea,3,Cl(-1)+Na(+1),7.1419,0.1,0.000812958,22.0,2.31
goethite-*-Se(+4),goethite,alpha-FeOOH,Se(+4),hpq72,hpq72_f1ea,4,Cl(-1)+Na(+1),8.0212,0.1,0.00075716,22.0,2.31
goethite-*-Se(+4),goethite,alpha-FeOOH,Se(+4),hpq72,hpq72_f1ea,5,Cl(-1)+Na(+1),8.5165,0.1,0.000701745,22.0,2.31
goethite-*-Se(+4),goethite,alpha-FeOOH,Se(+4),hpq72,hpq72_f1ea,6,Cl(-1)+Na(+1),8.7004,0.1,0.000678437,22.0,2.31
goethite-*-Se(+4),goethite,alpha-FeOOH,Se(+4),hpq72,hpq72_f1ea,7,Cl(-1)+Na(+1),8.8129,0.1,0.000649418,22.0,2.31
goethite-*-Se(+4),goethite,alpha-FeOOH,Se(+4),hpq72,hpq72_f1ea,8,Cl(-1)+Na(+1),8.9823,0.1,0.000621788,22.0,2.31
goethite-*-Se(+4),goethite,alpha-FeOOH,Se(+4),hpq72,hpq72_f1ea,9,Cl(-1)+Na(+1),9.1376,0.1,0.000597063,22.0,2.31
goethite-*-Se(+4),goethite,alpha-FeOOH,Se(+4),hpq72,hpq72_f1ea,10,Cl(-1)+Na(+1),9.2365,0.1,0.000581066,22.0,2.31
goethite-*-Se(+4),goethite,alpha-FeOOH,Se(+4),hpq72,hpq72_f1ea,11,Cl(-1)+Na(+1),9.3639,0.1,0.000569376,22.0,2.31
goethite-*-Se(+4),goethite,alpha-FeOOH,Se(+4),hpq72,hpq72_f1ea,12,Cl(-1)+Na(+1),9.5604,0.1,0.000509922,22.0,2.31
goethite-*-Se(+4),goethite,alpha-FeOOH,Se(+4),hpq72,hpq72_f1ea,13,Cl(-1)+Na(+1),9.8422,0.1,0.000448937,22.0,2.31
goethite-*-Se(+4),goethite,alpha-FeOOH,Se(+4),hpq72,hpq72_f1ea,14,Cl(-1)+Na(+1),10.0394,0.1,0.000405381,22.0,2.31
goethite-*-Se(+4),goethite,alpha-FeOOH,Se(+4),hpq72,hpq72_f1ea,15,Cl(-1)+Na(+1),10.2652,0.1,0.000367578,22.0,2.31
goethite-*-Se(+4),goethite,alpha-FeOOH,Se(+4),hpq72,hpq72_f1ea,16,Cl(-1)+Na(+1),10.4627,0.1,0.000329802,22.0,2.31
goethite-*-Se(+4),goethite,alpha-FeOOH,Se(+4),hpq72,hpq72_f1ea,17,Cl(-1)+Na(+1),10.7433,0.1,0.000244248,22.0,2.31
goethite-*-Se(+4),goethite,alpha-FeOOH,Se(+4),hpq72,hpq72_f1ea,18,Cl(-1)+Na(+1),10.9969,0.1,0.000191963,22.0,2.31
goethite-*-Se(+4),goethite,alpha-FeOOH,Se(+4),ss00,ss00_f2ad,1,Cl(-1)+Na(+1),3.7842,1.0,9.19388e-05,,2.31
goethite-*-Se(+4),goethite,alpha-FeOOH,Se(+4),ss00,ss00_f2ad,2,Cl(-1)+Na(+1),4.7617,1.0,9.09184e-05,,2.31
goethite-*-Se(+4),goethite,alpha-FeOOH,Se(+4),ss00,ss00_f2ad,3,Cl(-1)+Na(+1),5.7141,1.0,8.95577e-05,,2.31
goethite-*-Se(+4),goethite,alpha-FeOOH,Se(+4),ss00,ss00_f2ad,4,Cl(-1)+Na(+1),7.058,1.0,8.91497e-05,,2.31
goethite-*-Se(+4),goethite,alpha-FeOOH,Se(+4),ss00,ss00_f2ad,5,Cl(-1)+Na(+1),8.3287,1.0,7.95577e-05,,2.31
goethite-*-Se(+4),goethite,alpha-FeOOH,Se(+4),ss00,ss00_f2ad,6,Cl(-1)+Na(+1),9.0181,1.0,6.9966e-05,,2.31
goethite-*-Se(+4),goethite,alpha-FeOOH,Se(+4),ss00,ss00_f2ad,7,Cl(-1)+Na(+1),9.3643,1.0,5.32313e-05,,2.31
goethite-*-Se(+4),goethite,alpha-FeOOH,Se(+4),ss00,ss00_f2ad,8,Cl(-1)+Na(+1),9.9033,1.0,3.92857e-05,,2.31
goethite-*-Se(+4),goethite,alpha-FeOOH,Se(+4),ss00,ss00_f2ad,9,Cl(-1)+Na(+1),10.3502,1.0,2.38435e-05,,2.31
goethite-*-Se(+4),goethite,alpha-FeOOH,Se(+4),ss00,ss00_f2ad,10,Cl(-1)+Na(+1),10.7546,1.0,9.4898e-06,,2.31
goethite-*-Se(+4),goethite,alpha-FeOOH,Se(+4),ss00,ss00_f2ae,1,Cl(-1)+Na(+1),4.145,0.1,9.69048e-05,,2.31
goethite-*-Se(+4),goethite,alpha-FeOOH,Se(+4),ss00,ss00_f2ae,2,Cl(-1)+Na(+1),5.4764,0.1,9.56803e-05,,2.31
goethite-*-Se(+4),goethite,alpha-FeOOH,Se(+4),ss00,ss00_f2ae,3,Cl(-1)+Na(+1),7.5332,0.1,9.17347e-05,,2.31
goethite-*-Se(+4),goethite,alpha-FeOOH,Se(+4),ss00,ss00_f2ae,4,Cl(-1)+Na(+1),8.0323,0.1,8.48639e-05,,2.31
goethite-*-Se(+4),goethite,alpha-FeOOH,Se(+4),ss00,ss00_f2ae,5,Cl(-1)+Na(+1),8.8121,0.1,8.29592e-05,,2.31
goethite-*-Se(+4),goethite,alpha-FeOOH,Se(+4),ss00,ss00_f2ae,6,Cl(-1)+Na(+1),9.2077,0.1,6.9898e-05,,2.31
goethite-*-Se(+4),goethite,alpha-FeOOH,Se(+4),ss00,ss00_f2ae,7,Cl(-1)+Na(+1),9.68,0.1,5.38435e-05,,2.31
goethite-*-Se(+4),goethite,alpha-FeOOH,Se(+4),ss00,ss00_f2ae,8,Cl(-1)+Na(+1),9.9876,0.1,3.92177e-05,,2.31
goethite-*-Se(+4),goethite,alpha-FeOOH,Se(+4),ss00,ss00_f2ae,9,Cl(-1)+Na(+1),10.4759,0.1,2.60204e-05,,2.31
goethite-*-Se(+4),goethite,alpha-FeOOH,Se(+4),ss00,ss00_f2ae,10,Cl(-1)+Na(+1),10.8669,0.1,1.43878e-05,,2.31
goethite-*-Se(+4),goethite,alpha-FeOOH,Se(+4),ss00,ss00_f2af,1,Cl(-1)+Na(+1),4.145,0.01,9.69048e-05,,2.31
goethite-*-Se(+4),goethite,alpha-FeOOH,Se(+4),ss00,ss00_f2af,2,Cl(-1)+Na(+1),5.4764,0.01,9.56803e-05,,2.31
goethite-*-Se(+4),goethite,alpha-FeOOH,Se(+4),ss00,ss00_f2af,3,Cl(-1)+Na(+1),7.5332,0.01,9.17347e-05,,2.31
goethite-*-Se(+4),goethite,alpha-FeOOH,Se(+4),ss00,ss00_f2af,4,Cl(-1)+Na(+1),8.0323,0.01,8.48639e-05,,2.31
goethite-*-Se(+4),goethite,alpha-FeOOH,Se(+4),ss00,ss00_f2af,5,Cl(-1)+Na(+1),8.8121,0.01,8.29592e-05,,2.31
goethite-*-Se(+4),goethite,alpha-FeOOH,Se(+4),ss00,ss00_f2af,6,Cl(-1)+Na(+1),9.2077,0.01,6.9898e-05,,2.31
goethite-*-Se(+4),goethite,alpha-FeOOH,Se(+4),ss00,ss00_f2af,7,Cl(-1)+Na(+1),9.68,0.01,5.38435e-05,,2.31
goethite-*-Se(+4),goethite,alpha-FeOOH,Se(+4),ss00,ss00_f2af,8,Cl(-1)+Na(+1),9.9876,0.01,3.92177e-05,,2.31
goethite-*-Se(+4),goethite,alpha-FeOOH,Se(+4),ss00,ss00_f2af,9,Cl(-1)+Na(+1),10.4759,0.01,2.60204e-05,,2.31
goethite-*-Se(+4),goethite,alpha-FeOOH,Se(+4),ss00,ss00_f2af,10,Cl(-1)+Na(+1),10.8669,0.01,1.43878e-05,,2.31
goethite-*-Se(+4),goethite,alpha-FeOOH,Se(+4),ss00,ss00_f2af,11,Cl(-1)+Na(+1),3.9723,0.01,9.69048e-05,,2.31
goethite-*-Se(+4),goethite,alpha-FeOOH,Se(+4),ss00,ss00_f2af,12,Cl(-1)+Na(+1),4.9534,0.01,9.79252e-05,,2.31
goethite-*-Se(+4),goethite,alpha-FeOOH,Se(+4),ss00,ss00_f2af,13,Cl(-1)+Na(+1),7.0057,0.01,9.4932e-05,,2.31
goethite-*-Se(+4),goethite,alpha-FeOOH,Se(+4),ss00,ss00_f2af,14,Cl(-1)+Na(+1),8.1142,0.01,9.27551e-05,,2.31
goethite-*-Se(+4),goethite,alpha-FeOOH,Se(+4),ss00,ss00_f2af,15,Cl(-1)+Na(+1),8.9985,0.01,7.93537e-05,,2.31
goethite-*-Se(+4),goethite,alpha-FeOOH,Se(+4),ss00,ss00_f2af,16,Cl(-1)+Na(+1),9.5083,0.01,6.48639e-05,,2.31
goethite-*-Se(+4),goethite,alpha-FeOOH,Se(+4),ss00,ss00_f2af,17,Cl(-1)+Na(+1),9.8625,0.01,4.90136e-05,,2.31
goethite-*-Se(+4),goethite,alpha-FeOOH,Se(+4),ss00,ss00_f2af,18,Cl(-1)+Na(+1),10.204,0.01,3.38435e-05,,2.31
goethite-*-Se(+4),goethite,alpha-FeOOH,Se(+4),ss00,ss00_f2af,19,Cl(-1)+Na(+1),10.5807,0.01,1.33673e-05,,2.31
goethite-*-Se(+4),goethite,alpha-FeOOH,Se(+4),ss00,ss00_f2af,20,Cl(-1)+Na(+1),10.963,0.01,2.1429e-06,,2.31
goethite-*-Se(+4),goethite,alpha-FeOOH,Se(+4),ss00,ss00_f2bd,1,Cl(-1)+Na(+1),2.568,1.0,0.000326785,,2.31
goethite-*-Se(+4),goethite,alpha-FeOOH,Se(+4),ss00,ss00_f2bd,2,Cl(-1)+Na(+1),2.9723,1.0,0.000313014,,2.31
goethite-*-Se(+4),goethite,alpha-FeOOH,Se(+4),ss00,ss00_f2bd,3,Cl(-1)+Na(+1),3.3261,1.0,0.000301988,,2.31
goethite-*-Se(+4),goethite,alpha-FeOOH,Se(+4),ss00,ss00_f2bd,4,Cl(-1)+Na(+1),3.9612,1.0,0.000248125,,2.31
goethite-*-Se(+4),goethite,alpha-FeOOH,Se(+4),ss00,ss00_f2bd,5,Cl(-1)+Na(+1),5.3984,1.0,0.000228568,,2.31
goethite-*-Se(+4),goethite,alpha-FeOOH,Se(+4),ss00,ss00_f2bd,6,Cl(-1)+Na(+1),5.9655,1.0,0.000216564,,2.31
goethite-*-Se(+4),goethite,alpha-FeOOH,Se(+4),ss00,ss00_f2bd,7,Cl(-1)+Na(+1),7.5036,1.0,0.000216984,,2.31
goethite-*-Se(+4),goethite,alpha-FeOOH,Se(+4),ss00,ss00_f2bd,8,Cl(-1)+Na(+1),7.9133,1.0,0.000217763,,2.31
goethite-*-Se(+4),goethite,alpha-FeOOH,Se(+4),ss00,ss00_f2bd,9,Cl(-1)+Na(+1),8.3688,1.0,0.000162138,,2.31
goethite-*-Se(+4),goethite,alpha-FeOOH,Se(+4),ss00,ss00_f2bd,10,Cl(-1)+Na(+1),9.0822,1.0,0.000124621,,2.31
goethite-*-Se(+4),goethite,alpha-FeOOH,Se(+4),ss00,ss00_f2bd,11,Cl(-1)+Na(+1),10.5981,1.0,9.3216e-05,,2.31
goethite-*-Se(+4),goethite,alpha-FeOOH,Se(+4),ss00,ss00_f2bd,12,Cl(-1)+Na(+1),10.9405,1.0,9.1288e-05,,2.31
goethite-*-Se(+4),goethite,alpha-FeOOH,Se(+4),ss00,ss00_f2bd,13,Cl(-1)+Na(+1),11.1934,1.0,7.7565e-05,,2.31
goethite-*-Se(+4),goethite,alpha-FeOOH,Se(+4),ss00,ss00_f2be,1,Cl(-1)+Na(+1),2.7201,0.1,0.000287629,,2.31
goethite-*-Se(+4),goethite,alpha-FeOOH,Se(+4),ss00,ss00_f2be,2,Cl(-1)+Na(+1),3.0904,0.1,0.000298425,,2.31
goethite-*-Se(+4),goethite,alpha-FeOOH,Se(+4),ss00,ss00_f2be,3,Cl(-1)+Na(+1),3.4218,0.1,0.00027922,,2.31
goethite-*-Se(+4),goethite,alpha-FeOOH,Se(+4),ss00,ss00_f2be,4,Cl(-1)+Na(+1),4.4494,0.1,0.000257065,,2.31
goethite-*-Se(+4),goethite,alpha-FeOOH,Se(+4),ss00,ss00_f2be,5,Cl(-1)+Na(+1),5.1512,0.1,0.000248656,,2.31
goethite-*-Se(+4),goethite,alpha-FeOOH,Se(+4),ss00,ss00_f2be,6,Cl(-1)+Na(+1),6.476,0.1,0.000240958,,2.31
goethite-*-Se(+4),goethite,alpha-FeOOH,Se(+4),ss00,ss00_f2be,7,Cl(-1)+Na(+1),7.8961,0.1,0.000236867,,2.31
goethite-*-Se(+4),goethite,alpha-FeOOH,Se(+4),ss00,ss00_f2be,8,Cl(-1)+Na(+1),8.3232,0.1,0.000211266,,2.31
goethite-*-Se(+4),goethite,alpha-FeOOH,Se(+4),ss00,ss00_f2be,9,Cl(-1)+Na(+1),8.5253,0.1,0.000206654,,2.31
goethite-*-Se(+4),goethite,alpha-FeOOH,Se(+4),ss00,ss00_f2be,10,Cl(-1)+Na(+1),8.7724,0.1,0.000195661,,2.31
goethite-*-Se(+4),goethite,alpha-FeOOH,Se(+4),ss00,ss00_f2be,11,Cl(-1)+Na(+1),9.3799,0.1,0.000109975,,2.31
goethite-*-Se(+4),goethite,alpha-FeOOH,Se(+4),ss00,ss00_f2be,12,Cl(-1)+Na(+1),10.9579,0.1,5.9449e-05,,2.31
goethite-*-Se(+4),goethite,alpha-FeOOH,Se(+4),ss00,ss00_f2be,13,Cl(-1)+Na(+1),11.2106,0.1,5.2093e-05,,2.31
goethite-*-Se(+4),goethite,alpha-FeOOH,Se(+4),ss00,ss00_f2be,14,Cl(-1)+Na(+1),11.6261,0.1,4.5594e-05,,2.31
goethite-*-Se(+4),goethite,alpha-FeOOH,Se(+4),ss00,ss00_f2bf,1,Cl(-1)+Na(+1),2.7036,0.01,0.000260349,,2.31
goethite-*-Se(+4),goethite,alpha-FeOOH,Se(+4),ss00,ss00_f2bf,2,Cl(-1)+Na(+1),3.7199,0.01,0.000238197,,2.31
goethite-*-Se(+4),goethite,alpha-FeOOH,Se(+4),ss00,ss00_f2bf,3,Cl(-1)+Na(+1),3.9672,0.01,0.0002172,,2.31
goethite-*-Se(+4),goethite,alpha-FeOOH,Se(+4),ss00,ss00_f2bf,4,Cl(-1)+Na(+1),4.983,0.01,0.000224153,,2.31
goethite-*-Se(+4),goethite,alpha-FeOOH,Se(+4),ss00,ss00_f2bf,5,Cl(-1)+Na(+1),7.3635,0.01,0.000199748,,2.31
goethite-*-Se(+4),goethite,alpha-FeOOH,Se(+4),ss00,ss00_f2bf,6,Cl(-1)+Na(+1),8.1214,0.01,0.000185864,,2.31
goethite-*-Se(+4),goethite,alpha-FeOOH,Se(+4),ss00,ss00_f2bf,7,Cl(-1)+Na(+1),8.5146,0.01,0.000171187,,2.31
goethite-*-Se(+4),goethite,alpha-FeOOH,Se(+4),ss00,ss00_f2bf,8,Cl(-1)+Na(+1),8.9308,0.01,0.000107389,,2.31
goethite-*-Se(+4),goethite,alpha-FeOOH,Se(+4),ss00,ss00_f2bf,9,Cl(-1)+Na(+1),11.0536,0.01,4.3957e-05,,2.31
goethite-*-Se(+4),goethite,alpha-FeOOH,Se(+4),ss00,ss00_f2bf,10,Cl(-1)+Na(+1),11.3343,0.01,3.6592e-05,,2.31
goethite-*-Se(+4),goethite,alpha-FeOOH,Se(+4),ss00,ss00_f2bf,11,Cl(-1)+Na(+1),11.7946,0.01,3.7355e-05,,2.31
goethite-*-Se(+4),goethite,alpha-FeOOH,Se(+4),ss00,ss00_f2bf,12,Cl(-1)+Na(+1),5.9601,0.01,0.000206561,,2.31
goethite-*-Se(+4),goethite,alpha-FeOOH,Se(+4),ss00,ss00_f2bf,13,Cl(-1)+Na(+1),3.0688,0.01,0.000240224,,2.31
goethite-*-Se(+4),goethite,FeOOH,Se(+4),lyt14,lyt14_t1a,1,Cl(-1)+Na(+1),7.13,0.01,1.287e-08,,2.31
goethite-*-Se(+4),goethite,FeOOH,Se(+4),lyt14,lyt14_t1a,2,Cl(-1)+Na(+1),7.46,0.01,1.287e-08,,2.31
goethite-*-Se(+4),goethite,FeOOH,Se(+4),lyt14,lyt14_t1a,3,Cl(-1)+Na(+1),8.27,0.01,1.248e-08,,2.31
goethite-*-Se(+4),goethite,FeOOH,Se(+4),lyt14,lyt14_t1a,4,Cl(-1)+Na(+1),9.08,0.01,1.235e-08,,2.31
goethite-*-Se(+4),goethite,FeOOH,Se(+4),lyt14,lyt14_t1a,5,Cl(-1)+Na(+1),9.23,0.01,1.248e-08,,2.31
goethite-*-Se(+4),goethite,FeOOH,Se(+4),lyt14,lyt14_t1a,6,Cl(-1)+Na(+1),10.27,0.01,1.17e-08,,2.31
goethite-*-Se(+4),goethite,FeOOH,Se(+4),lyt14,lyt14_t1a,7,Cl(-1)+Na(+1),10.62,0.01,1.105e-08,,2.31
goethite-*-Se(+4),goethite,FeOOH,Se(+4),lyt14,lyt14_t1a,8,Cl(-1)+Na(+1),11.46,0.01,2.86e-09,,2.31
goethite-*-Se(+4),goethite,FeOOH,Se(+4),lyt14,lyt14_t1a,9,Cl(-1)+Na(+1),12.05,0.01,7.8e-10,,2.31
goethite-*-Se(+4),goethite,FeOOH,Se(+4),lyt14,lyt14_t1a,10,Cl(-1)+Na(+1),12.5,0.01,1.43e-09,,2.31
goethite-*-Se(+4),goethite,FeOOH,Se(+4),lyt14,lyt14_t1b,1,Cl(-1)+Na(+1),7.28,0.1,1.287e-08,,2.31
goethite-*-Se(+4),goethite,FeOOH,Se(+4),lyt14,lyt14_t1b,2,Cl(-1)+Na(+1),8.02,0.1,1.287e-08,,2.31
goethite-*-Se(+4),goethite,FeOOH,Se(+4),lyt14,lyt14_t1b,3,Cl(-1)+Na(+1),9.45,0.1,1.248e-08,,2.31
goethite-*-Se(+4),goethite,FeOOH,Se(+4),lyt14,lyt14_t1b,4,Cl(-1)+Na(+1),9.54,0.1,1.248e-08,,2.31
goethite-*-Se(+4),goethite,FeOOH,Se(+4),lyt14,lyt14_t1b,5,Cl(-1)+Na(+1),10.33,0.1,1.196e-08,,2.31
goethite-*-Se(+4),goethite,FeOOH,Se(+4),lyt14,lyt14_t1b,6,Cl(-1)+Na(+1),10.72,0.1,1.001e-08,,2.31
goethite-*-Se(+4),goethite,FeOOH,Se(+4),lyt14,lyt14_t1b,7,Cl(-1)+Na(+1),11.23,0.1,5.2e-09,,2.31
goethite-*-Se(+4),goethite,FeOOH,Se(+4),lyt14,lyt14_t1b,8,Cl(-1)+Na(+1),11.62,0.1,2.08e-09,,2.31
goethite-*-Se(+4),goethite,FeOOH,Se(+4),lyt14,lyt14_t1b,9,Cl(-1)+Na(+1),12.17,0.1,1.3e-09,,2.31
goethite-*-Se(+4),goethite,FeOOH,Se(+4),lyt14,lyt14_t1b,10,Cl(-1)+Na(+1),12.53,0.1,5.2e-10,,2.31
goethite-*-Se(+4),goethite,FeOOH,Se(+4),lyt14,lyt14_t1c,1,Cl(-1)+Na(+1),7.12,1.0,1.274e-08,,2.31
goethite-*-Se(+4),goethite,FeOOH,Se(+4),lyt14,lyt14_t1c,2,Cl(-1)+Na(+1),8.0,1.0,1.261e-08,,2.31
goethite-*-Se(+4),goethite,FeOOH,Se(+4),lyt14,lyt14_t1c,3,Cl(-1)+Na(+1),8.33,1.0,1.274e-08,,2.31
goethite-*-Se(+4),goethite,FeOOH,Se(+4),lyt14,lyt14_t1c,4,Cl(-1)+Na(+1),8.47,1.0,1.274e-08,,2.31
goethite-*-Se(+4),goethite,FeOOH,Se(+4),lyt14,lyt14_t1c,5,Cl(-1)+Na(+1),10.23,1.0,1.144e-08,,2.31
goethite-*-Se(+4),goethite,FeOOH,Se(+4),lyt14,lyt14_t1c,6,Cl(-1)+Na(+1),10.55,1.0,1.014e-08,,2.31
goethite-*-Se(+4),goethite,FeOOH,Se(+4),lyt14,lyt14_t1c,7,Cl(-1)+Na(+1),11.36,1.0,2.73e-09,,2.31
goethite-*-Se(+4),goethite,FeOOH,Se(+4),lyt14,lyt14_t1c,8,Cl(-1)+Na(+1),11.47,1.0,1.95e-09,,2.31
goethite-*-Se(+4),goethite,FeOOH,Se(+4),lyt14,lyt14_t1c,9,Cl(-1)+Na(+1),11.51,1.0,2.21e-09,,2.31
goethite-*-Se(+4),goethite,FeOOH,Se(+4),lyt14,lyt14_t1c,10,Cl(-1)+Na(+1),11.66,1.0,1.69e-09,,2.31
goethite-*-Se(+4),goethite,FeOOH,Se(+4),lyt14,lyt14_t1c,11,Cl(-1)+Na(+1),11.73,1.0,1.82e-09,,2.31
goethite-*-Se(+4),goethite,FeOOH,Se(+4),lyt14,lyt14_t1c,12,Cl(-1)+Na(+1),11.75,1.0,2.34e-09,,2.31
goethite-*-Se(+4),goethite,FeOOH,Se(+4),lyt14,lyt14_t1c,13,Cl(-1)+Na(+1),12.18,1.0,1.3e-09,,2.31
goethite-*-Se(+4),goethite,FeOOH,Se(+4),lyt14,lyt14_t1c,14,Cl(-1)+Na(+1),12.41,1.0,9.1e-10,,2.31
goethite-*-Se(+4),goethite,FeOOH,Se(+4),lyt14,lyt14_t1c,15,Cl(-1)+Na(+1),12.59,1.0,1.3e-10,,2.31
goethite-*-Se(+4),goethite,alpha-FeOOH,Se(+4),hpq71,hpq71_f2cb,1,Cl(-1)+Na(+1)+P(+5),3.2285,0.10487500000000001,0.000818657,20.0,2.31
goethite-*-Se(+4),goethite,alpha-FeOOH,Se(+4),hpq71,hpq71_f2cb,2,Cl(-1)+Na(+1)+P(+5),4.3397,0.10487500000000001,0.000808995,20.0,2.31
goethite-*-Se(+4),goethite,alpha-FeOOH,Se(+4),hpq71,hpq71_f2cb,3,Cl(-1)+Na(+1)+P(+5),4.9479,0.10487500000000001,0.000783283,20.0,2.31
goethite-*-Se(+4),goethite,alpha-FeOOH,Se(+4),hpq71,hpq71_f2cb,4,Cl(-1)+Na(+1)+P(+5),6.1294,0.10487500000000001,0.000716269,20.0,2.31
goethite-*-Se(+4),goethite,alpha-FeOOH,Se(+4),hpq71,hpq71_f2cb,5,Cl(-1)+Na(+1)+P(+5),6.4672,0.10487500000000001,0.000702152,20.0,2.31
goethite-*-Se(+4),goethite,alpha-FeOOH,Se(+4),hpq71,hpq71_f2cb,6,Cl(-1)+Na(+1)+P(+5),6.7708,0.10487500000000001,0.000680997,20.0,2.31
goethite-*-Se(+4),goethite,alpha-FeOOH,Se(+4),hpq71,hpq71_f2cb,7,Cl(-1)+Na(+1)+P(+5),7.0076,0.10487500000000001,0.000677453,20.0,2.31
goethite-*-Se(+4),goethite,alpha-FeOOH,Se(+4),hpq71,hpq71_f2cb,8,Cl(-1)+Na(+1)+P(+5),7.4355,0.10487500000000001,0.000657291,20.0,2.31
goethite-*-Se(+4),goethite,alpha-FeOOH,Se(+4),hpq71,hpq71_f2cb,9,Cl(-1)+Na(+1)+P(+5),7.9195,0.10487500000000001,0.000632598,20.0,2.31
goethite-*-Se(+4),goethite,alpha-FeOOH,Se(+4),hpq71,hpq71_f2cb,10,Cl(-1)+Na(+1)+P(+5),8.2003,0.10487500000000001,0.000607923,20.0,2.31
goethite-*-Se(+4),goethite,alpha-FeOOH,Se(+4),hpq71,hpq71_f2cb,11,Cl(-1)+Na(+1)+P(+5),8.7334,0.10487500000000001,0.000552036,20.0,2.31
goethite-*-Se(+4),goethite,alpha-FeOOH,Se(+4),hpq71,hpq71_f2cb,12,Cl(-1)+Na(+1)+P(+5),9.007,0.10487500000000001,0.000499192,20.0,2.31
goethite-*-Se(+4),goethite,alpha-FeOOH,Se(+4),hpq71,hpq71_f2cb,13,Cl(-1)+Na(+1)+P(+5),9.2242,0.10487500000000001,0.000446857,20.0,2.31
goethite-*-Se(+4),goethite,alpha-FeOOH,Se(+4),hpq71,hpq71_f2cb,14,Cl(-1)+Na(+1)+P(+5),9.6213,0.10487500000000001,0.000379916,20.0,2.31
goethite-*-Se(+4),goethite,alpha-FeOOH,Se(+4),hpq71,hpq71_f2cb,15,Cl(-1)+Na(+1)+P(+5),9.9878,0.10487500000000001,0.00027173,20.0,2.31
goethite-*-Se(+4),goethite,alpha-FeOOH,Se(+4),hpq71,hpq71_f2cb,16,Cl(-1)+Na(+1)+P(+5),10.9097,0.10487500000000001,0.000102123,20.0,2.31
goethite-*-Se(+4),goethite,alpha-FeOOH,Se(+4),hpq71,hpq71_f2cc,1,Cl(-1)+Na(+1)+P(+5),3.1243,0.109625,0.000771886,20.0,2.31
goethite-*-Se(+4),goethite,alpha-FeOOH,Se(+4),hpq71,hpq71_f2cc,2,Cl(-1)+Na(+1)+P(+5),3.4294,0.109625,0.000778899,20.0,2.31
goethite-*-Se(+4),goethite,alpha-FeOOH,Se(+4),hpq71,hpq71_f2cc,3,Cl(-1)+Na(+1)+P(+5),4.3071,0.109625,0.000729016,20.0,2.31
goethite-*-Se(+4),goethite,alpha-FeOOH,Se(+4),hpq71,hpq71_f2cc,4,Cl(-1)+Na(+1)+P(+5),5.0331,0.109625,0.000691221,20.0,2.31
goethite-*-Se(+4),goethite,alpha-FeOOH,Se(+4),hpq71,hpq71_f2cc,5,Cl(-1)+Na(+1)+P(+5),5.6014,0.109625,0.000660482,20.0,2.31
goethite-*-Se(+4),goethite,alpha-FeOOH,Se(+4),hpq71,hpq71_f2cc,6,Cl(-1)+Na(+1)+P(+5),5.9325,0.109625,0.000628258,20.0,2.31
goethite-*-Se(+4),goethite,alpha-FeOOH,Se(+4),hpq71,hpq71_f2cc,7,Cl(-1)+Na(+1)+P(+5),6.6461,0.109625,0.000569839,20.0,2.31
goethite-*-Se(+4),goethite,alpha-FeOOH,Se(+4),hpq71,hpq71_f2cc,8,Cl(-1)+Na(+1)+P(+5),6.995,0.109625,0.000551193,20.0,2.31
goethite-*-Se(+4),goethite,alpha-FeOOH,Se(+4),hpq71,hpq71_f2cc,9,Cl(-1)+Na(+1)+P(+5),7.4455,0.109625,0.000531533,20.0,2.31
goethite-*-Se(+4),goethite,alpha-FeOOH,Se(+4),hpq71,hpq71_f2cc,10,Cl(-1)+Na(+1)+P(+5),7.9638,0.109625,0.000514885,20.0,2.31
goethite-*-Se(+4),goethite,alpha-FeOOH,Se(+4),hpq71,hpq71_f2cc,11,Cl(-1)+Na(+1)+P(+5),8.4352,0.109625,0.000467052,20.0,2.31
goethite-*-Se(+4),goethite,alpha-FeOOH,Se(+4),hpq71,hpq71_f2cc,12,Cl(-1)+Na(+1)+P(+5),8.8444,0.109625,0.00041671,20.0,2.31
goethite-*-Se(+4),goethite,alpha-FeOOH,Se(+4),hpq71,hpq71_f2cc,13,Cl(-1)+Na(+1)+P(+5),9.0278,0.109625,0.000363876,20.0,2.31
goethite-*-Se(+4),goethite,alpha-FeOOH,Se(+4),hpq71,hpq71_f2cc,14,Cl(-1)+Na(+1)+P(+5),9.3517,0.109625,0.000302475,20.0,2.31
goethite-*-Se(+4),goethite,alpha-FeOOH,Se(+4),hpq71,hpq71_f2cc,15,Cl(-1)+Na(+1)+P(+5),9.8199,0.109625,0.000197298,20.0,2.31
goethite-*-Se(+4),goethite,alpha-FeOOH,Se(+4),hpq71,hpq71_f2cc,16,Cl(-1)+Na(+1)+P(+5),10.514,0.109625,9.15971e-05,20.0,2.31
goethite-*-Se(+4),goethite,alpha-FeOOH,Se(+4),hpq71,hpq71_f2cd,1,Cl(-1)+Na(+1)+P(+5),3.144,0.116125,0.000719066,20.0,2.31
goethite-*-Se(+4),goethite,alpha-FeOOH,Se(+4),hpq71,hpq71_f2cd,2,Cl(-1)+Na(+1)+P(+5),3.6388,0.116125,0.000686825,20.0,2.31
goethite-*-Se(+4),goethite,alpha-FeOOH,Se(+4),hpq71,hpq71_f2cd,3,Cl(-1)+Na(+1)+P(+5),4.3255,0.116125,0.000652554,20.0,2.31
goethite-*-Se(+4),goethite,alpha-FeOOH,Se(+4),hpq71,hpq71_f2cd,4,Cl(-1)+Na(+1)+P(+5),5.0229,0.116125,0.000608725,20.0,2.31
goethite-*-Se(+4),goethite,alpha-FeOOH,Se(+4),hpq71,hpq71_f2cd,5,Cl(-1)+Na(+1)+P(+5),5.3375,0.116125,0.000581532,20.0,2.31
goethite-*-Se(+4),goethite,alpha-FeOOH,Se(+4),hpq71,hpq71_f2cd,6,Cl(-1)+Na(+1)+P(+5),6.0121,0.116125,0.000533681,20.0,2.31
goethite-*-Se(+4),goethite,alpha-FeOOH,Se(+4),hpq71,hpq71_f2cd,7,Cl(-1)+Na(+1)+P(+5),6.54,0.116125,0.000486346,20.0,2.31
goethite-*-Se(+4),goethite,alpha-FeOOH,Se(+4),hpq71,hpq71_f2cd,8,Cl(-1)+Na(+1)+P(+5),6.9396,0.116125,0.00046669,20.0,2.31
goethite-*-Se(+4),goethite,alpha-FeOOH,Se(+4),hpq71,hpq71_f2cd,9,Cl(-1)+Na(+1)+P(+5),7.3287,0.116125,0.000460114,20.0,2.31
goethite-*-Se(+4),goethite,alpha-FeOOH,Se(+4),hpq71,hpq71_f2cd,10,Cl(-1)+Na(+1)+P(+5),7.8235,0.116125,0.000428377,20.0,2.31
goethite-*-Se(+4),goethite,alpha-FeOOH,Se(+4),hpq71,hpq71_f2cd,11,Cl(-1)+Na(+1)+P(+5),8.2287,0.116125,0.000405702,20.0,2.31
goethite-*-Se(+4),goethite,alpha-FeOOH,Se(+4),hpq71,hpq71_f2cd,12,Cl(-1)+Na(+1)+P(+5),8.7168,0.116125,0.000355857,20.0,2.31
goethite-*-Se(+4),goethite,alpha-FeOOH,Se(+4),hpq71,hpq71_f2cd,13,Cl(-1)+Na(+1)+P(+5),9.0468,0.116125,0.000299486,20.0,2.31
goethite-*-Se(+4),goethite,alpha-FeOOH,Se(+4),hpq71,hpq71_f2cd,14,Cl(-1)+Na(+1)+P(+5),9.3259,0.116125,0.000242618,20.0,2.31
goethite-*-Se(+4),goethite,alpha-FeOOH,Se(+4),hpq71,hpq71_f2cd,15,Cl(-1)+Na(+1)+P(+5),9.7389,0.116125,0.000161088,20.0,2.31
goethite-*-Se(+4),goethite,alpha-FeOOH,Se(+4),hpq71,hpq71_f2ce,1,Cl(-1)+Na(+1)+P(+5),3.3367,0.13225,0.000632527,20.0,2.31
goethite-*-Se(+4),goethite,alpha-FeOOH,Se(+4),hpq71,hpq71_f2ce,2,Cl(-1)+Na(+1)+P(+5),3.8144,0.13225,0.00059576,20.0,2.31
goethite-*-Se(+4),goethite,alpha-FeOOH,Se(+4),hpq71,hpq71_f2ce,3,Cl(-1)+Na(+1)+P(+5),4.208,0.13225,0.00056856,20.0,2.31
goethite-*-Se(+4),goethite,alpha-FeOOH,Se(+4),hpq71,hpq71_f2ce,4,Cl(-1)+Na(+1)+P(+5),3.8122,0.13225,0.000554512,20.0,2.31
goethite-*-Se(+4),goethite,alpha-FeOOH,Se(+4),hpq71,hpq71_f2ce,5,Cl(-1)+Na(+1)+P(+5),4.8314,0.13225,0.000512162,20.0,2.31
goethite-*-Se(+4),goethite,alpha-FeOOH,Se(+4),hpq71,hpq71_f2ce,6,Cl(-1)+Na(+1)+P(+5),5.4106,0.13225,0.00047438,20.0,2.31
goethite-*-Se(+4),goethite,alpha-FeOOH,Se(+4),hpq71,hpq71_f2ce,7,Cl(-1)+Na(+1)+P(+5),5.737,0.13225,0.000458253,20.0,2.31
goethite-*-Se(+4),goethite,alpha-FeOOH,Se(+4),hpq71,hpq71_f2ce,8,Cl(-1)+Na(+1)+P(+5),6.0958,0.13225,0.000414958,20.0,2.31
goethite-*-Se(+4),goethite,alpha-FeOOH,Se(+4),hpq71,hpq71_f2ce,9,Cl(-1)+Na(+1)+P(+5),6.3984,0.13225,0.000374184,20.0,2.31
goethite-*-Se(+4),goethite,alpha-FeOOH,Se(+4),hpq71,hpq71_f2ce,10,Cl(-1)+Na(+1)+P(+5),7.0075,0.13225,0.000366581,20.0,2.31
goethite-*-Se(+4),goethite,alpha-FeOOH,Se(+4),hpq71,hpq71_f2ce,11,Cl(-1)+Na(+1)+P(+5),7.4187,0.13225,0.000352458,20.0,2.31
goethite-*-Se(+4),goethite,alpha-FeOOH,Se(+4),hpq71,hpq71_f2ce,12,Cl(-1)+Na(+1)+P(+5),7.909,0.13225,0.000339333,20.0,2.31
goethite-*-Se(+4),goethite,alpha-FeOOH,Se(+4),hpq71,hpq71_f2ce,13,Cl(-1)+Na(+1)+P(+5),8.3186,0.13225,0.000295531,20.0,2.31
goethite-*-Se(+4),goethite,alpha-FeOOH,Se(+4),hpq71,hpq71_f2ce,14,Cl(-1)+Na(+1)+P(+5),8.734,0.13225,0.000256255,20.0,2.31
goethite-*-Se(+4),goethite,alpha-FeOOH,Se(+4),hpq71,hpq71_f2ce,15,Cl(-1)+Na(+1)+P(+5),8.9304,0.13225,0.000235613,20.0,2.31
goethite-*-Se(+4),goethite,alpha-FeOOH,Se(+4),hpq71,hpq71_f2ce,16,Cl(-1)+Na(+1)+P(+5),9.2217,0.13225,0.00019484,20.0,2.31
goethite-*-Se(+4),goethite,alpha-FeOOH,Se(+4),hpq71,hpq71_f2ce,17,Cl(-1)+Na(+1)+P(+5),10.0181,0.13225,0.000105226,20.0,2.31
goethite-*-Se(+4),goethite,alpha-FeOOH,Se(+4),hpq71,hpq71_f2cf,1,Cl(-1)+Na(+1)+P(+5),3.6356,0.1645,0.000525857,20.0,2.31
goethite-*-Se(+4),goethite,alpha-FeOOH,Se(+4),hpq71,hpq71_f2cf,2,Cl(-1)+Na(+1)+P(+5),3.4032,0.1645,0.000506763,20.0,2.31
goethite-*-Se(+4),goethite,alpha-FeOOH,Se(+4),hpq71,hpq71_f2cf,3,Cl(-1)+Na(+1)+P(+5),3.5603,0.1645,0.000490149,20.0,2.31
goethite-*-Se(+4),goethite,alpha-FeOOH,Se(+4),hpq71,hpq71_f2cf,4,Cl(-1)+Na(+1)+P(+5),4.0904,0.1645,0.000483559,20.0,2.31
goethite-*-Se(+4),goethite,alpha-FeOOH,Se(+4),hpq71,hpq71_f2cf,5,Cl(-1)+Na(+1)+P(+5),4.0273,0.1645,0.000463947,20.0,2.31
goethite-*-Se(+4),goethite,alpha-FeOOH,Se(+4),hpq71,hpq71_f2cf,6,Cl(-1)+Na(+1)+P(+5),4.999,0.1645,0.000380352,20.0,2.31
goethite-*-Se(+4),goethite,alpha-FeOOH,Se(+4),hpq71,hpq71_f2cf,7,Cl(-1)+Na(+1)+P(+5),5.1569,0.1645,0.000376313,20.0,2.31
goethite-*-Se(+4),goethite,alpha-FeOOH,Se(+4),hpq71,hpq71_f2cf,8,Cl(-1)+Na(+1)+P(+5),5.5117,0.1645,0.000362698,20.0,2.31
goethite-*-Se(+4),goethite,alpha-FeOOH,Se(+4),hpq71,hpq71_f2cf,9,Cl(-1)+Na(+1)+P(+5),5.7139,0.1645,0.000345073,20.0,2.31
goethite-*-Se(+4),goethite,alpha-FeOOH,Se(+4),hpq71,hpq71_f2cf,10,Cl(-1)+Na(+1)+P(+5),5.7125,0.1645,0.000319419,20.0,2.31
goethite-*-Se(+4),goethite,alpha-FeOOH,Se(+4),hpq71,hpq71_f2cf,11,Cl(-1)+Na(+1)+P(+5),5.9216,0.1645,0.000325436,20.0,2.31
goethite-*-Se(+4),goethite,alpha-FeOOH,Se(+4),hpq71,hpq71_f2cf,12,Cl(-1)+Na(+1)+P(+5),5.83,0.1645,0.000302305,20.0,2.31
goethite-*-Se(+4),goethite,alpha-FeOOH,Se(+4),hpq71,hpq71_f2cf,13,Cl(-1)+Na(+1)+P(+5),6.2263,0.1645,0.000324401,20.0,2.31
goethite-*-Se(+4),goethite,alpha-FeOOH,Se(+4),hpq71,hpq71_f2cf,14,Cl(-1)+Na(+1)+P(+5),6.1511,0.1645,0.000290705,20.0,2.31
goethite-*-Se(+4),goethite,alpha-FeOOH,Se(+4),hpq71,hpq71_f2cf,15,Cl(-1)+Na(+1)+P(+5),6.6137,0.1645,0.000287643,20.0,2.31
goethite-*-Se(+4),goethite,alpha-FeOOH,Se(+4),hpq71,hpq71_f2cf,16,Cl(-1)+Na(+1)+P(+5),7.3077,0.1645,0.000285062,20.0,2.31
goethite-*-Se(+4),goethite,alpha-FeOOH,Se(+4),hpq71,hpq71_f2cf,17,Cl(-1)+Na(+1)+P(+5),7.9102,0.1645,0.000259351,20.0,2.31
goethite-*-Se(+4),goethite,alpha-FeOOH,Se(+4),hpq71,hpq71_f2cf,18,Cl(-1)+Na(+1)+P(+5),8.063,0.1645,0.000266882,20.0,2.31
goethite-*-Se(+4),goethite,alpha-FeOOH,Se(+4),hpq71,hpq71_f2cf,19,Cl(-1)+Na(+1)+P(+5),8.4843,0.1645,0.000230121,20.0,2.31
goethite-*-Se(+4),goethite,alpha-FeOOH,Se(+4),hpq71,hpq71_f2cf,20,Cl(-1)+Na(+1)+P(+5),8.596,0.1645,0.000208984,20.0,2.31
goethite-*-Se(+4),goethite,alpha-FeOOH,Se(+4),hpq71,hpq71_f2cf,21,Cl(-1)+Na(+1)+P(+5),8.8042,0.1645,0.000197897,20.0,2.31
goethite-*-Se(+4),goethite,alpha-FeOOH,Se(+4),hpq71,hpq71_f2cf,22,Cl(-1)+Na(+1)+P(+5),9.0576,0.1645,0.000188316,20.0,2.31
goethite-*-Se(+4),goethite,alpha-FeOOH,Se(+4),hpq71,hpq71_f2cf,23,Cl(-1)+Na(+1)+P(+5),8.9102,0.1645,0.000177263,20.0,2.31
goethite-*-Se(+4),goethite,alpha-FeOOH,Se(+4),hpq71,hpq71_f2cf,24,Cl(-1)+Na(+1)+P(+5),9.534,0.1645,0.000126901,20.0,2.31
goethite-*-Se(+4),goethite,alpha-FeOOH,Se(+4),hpq71,hpq71_f2cg,1,Cl(-1)+Na(+1)+P(+5),3.1368,0.26125,0.000384049,20.0,2.31
goethite-*-Se(+4),goethite,alpha-FeOOH,Se(+4),hpq71,hpq71_f2cg,2,Cl(-1)+Na(+1)+P(+5),3.638,0.26125,0.000364384,20.0,2.31
goethite-*-Se(+4),goethite,alpha-FeOOH,Se(+4),hpq71,hpq71_f2cg,3,Cl(-1)+Na(+1)+P(+5),4.2064,0.26125,0.000334149,20.0,2.31
goethite-*-Se(+4),goethite,alpha-FeOOH,Se(+4),hpq71,hpq71_f2cg,4,Cl(-1)+Na(+1)+P(+5),4.7791,0.26125,0.000279768,20.0,2.31
goethite-*-Se(+4),goethite,alpha-FeOOH,Se(+4),hpq71,hpq71_f2cg,5,Cl(-1)+Na(+1)+P(+5),5.173,0.26125,0.000260112,20.0,2.31
goethite-*-Se(+4),goethite,alpha-FeOOH,Se(+4),hpq71,hpq71_f2cg,6,Cl(-1)+Na(+1)+P(+5),5.3761,0.26125,0.000260093,20.0,2.31
goethite-*-Se(+4),goethite,alpha-FeOOH,Se(+4),hpq71,hpq71_f2cg,7,Cl(-1)+Na(+1)+P(+5),5.6059,0.26125,0.000230896,20.0,2.31
goethite-*-Se(+4),goethite,alpha-FeOOH,Se(+4),hpq71,hpq71_f2cg,8,Cl(-1)+Na(+1)+P(+5),5.6947,0.26125,0.000202718,20.0,2.31
goethite-*-Se(+4),goethite,alpha-FeOOH,Se(+4),hpq71,hpq71_f2cg,9,Cl(-1)+Na(+1)+P(+5),6.0222,0.26125,0.000204196,20.0,2.31
goethite-*-Se(+4),goethite,alpha-FeOOH,Se(+4),hpq71,hpq71_f2cg,10,Cl(-1)+Na(+1)+P(+5),7.0135,0.26125,0.000168891,20.0,2.31
goethite-*-Se(+4),goethite,alpha-FeOOH,Se(+4),hpq71,hpq71_f2cg,11,Cl(-1)+Na(+1)+P(+5),8.1204,0.26125,0.000181865,20.0,2.31
goethite-*-Se(+4),goethite,alpha-FeOOH,Se(+4),hpq71,hpq71_f2cg,12,Cl(-1)+Na(+1)+P(+5),8.6316,0.26125,0.000138556,20.0,2.31
goethite-*-Se(+4),goethite,alpha-FeOOH,Se(+4),hpq71,hpq71_f2cg,13,Cl(-1)+Na(+1)+P(+5),9.4235,0.26125,6.80574e-05,20.0,2.31
goethite-*-Se(+4),goethite,alpha-FeOOH,Se(+4),hpq71,hpq71_f2cg,14,Cl(-1)+Na(+1)+P(+5),10.6014,0.26125,3.87704e-05,20.0,2.31
goethite-*-Se(+4),goethite,alpha-FeOOH,Se(+4),hpq71,hpq71_f2cg,15,Cl(-1)+Na(+1)+P(+5),11.5373,0.26125,2.20825e-05,20.0,2.31
goethite-*-Se(+4),goethite,alpha-FeOOH,Se(+4),hpq71,hpq71_f2cg,16,Cl(-1)+Na(+1)+P(+5),12.0231,0.26125,2.95822e-05,20.0,2.31
goethite-*-Se(+4),goethite,alpha-FeOOH,Se(+4),dlfjr03,dlfjr03_f3a,1,N(+5)+Na(+1),8.907,0.13,1.91981e-05,,2.31
goethite-*-Se(+4),goethite,alpha-FeOOH,Se(+4),dlfjr03,dlfjr03_f3a,2,N(+5)+Na(+1),9.6438,0.13,1.35573e-05,,2.31
goethite-*-Se(+4),goethite,alpha-FeOOH,Se(+4),dlfjr03,dlfjr03_f3a,3,N(+5)+Na(+1),10.1891,0.13,7.44436e-06,,2.31
goethite-*-Se(+4),goethite,alpha-FeOOH,Se(+4),dlfjr03,dlfjr03_f3a,4,N(+5)+Na(+1),10.5954,0.13,2.97155e-06,,2.31
goethite-*-Se(+4),goethite,alpha-FeOOH,Se(+4),dlfjr03,dlfjr03_f3d,1,N(+5)+Na(+1),3.188,0.13,0.000253648,,2.31
goethite-*-Se(+4),goethite,alpha-FeOOH,Se(+4),dlfjr03,dlfjr03_f3d,2,N(+5)+Na(+1),4.8561,0.13,0.000221533,,2.31
goethite-*-Se(+4),goethite,alpha-FeOOH,Se(+4),dlfjr03,dlfjr03_f3d,3,N(+5)+Na(+1),6.9668,0.13,0.000175293,,2.31
goethite-*-Se(+4),goethite,alpha-FeOOH,Se(+4),dlfjr03,dlfjr03_f3d,4,N(+5)+Na(+1),7.3844,0.13,0.000144638,,2.31
goethite-*-Se(+4),goethite,alpha-FeOOH,Se(+4),dlfjr03,dlfjr03_f3d,5,N(+5)+Na(+1),7.9659,0.13,0.000127688,,2.31
goethite-*-Se(+4),goethite,alpha-FeOOH,Se(+4),dlfjr03,dlfjr03_f3d,6,N(+5)+Na(+1),8.6865,0.13,0.000103835,,2.31
goethite-*-Se(+4),goethite,alpha-FeOOH,Se(+4),dlfjr03,dlfjr03_f3d,7,N(+5)+Na(+1),9.0534,0.13,8.02224e-05,,2.31
goethite-*-Se(+4),goethite,alpha-FeOOH,Se(+4),dlfjr03,dlfjr03_f3d,8,N(+5)+Na(+1),9.5213,0.13,6.23983e-05,,2.31
goethite-*-Se(+4),goethite,alpha-FeOOH,Se(+4),dlfjr03,dlfjr03_f3d,9,N(+5)+Na(+1),10.1162,0.13,3.69484e-05,,2.31
goethite-*-Se(+4),goethite,alpha-FeOOH,Se(+4),dlfjr03,dlfjr03_f3d,10,N(+5)+Na(+1),10.4327,0.13,2.60657e-05,,2.31
goethite-*-Se(+4),goethite,alpha-FeOOH,Se(+4),dlfjr03,dlfjr03_f3d,11,N(+5)+Na(+1),11.0153,0.13,1.11533e-05,,2.31
goethite-*-Se(+4),goethite,alpha-FeOOH,Se(+4),dlfjr03,dlfjr03_f3d,12,N(+5)+Na(+1),11.4082,0.13,5.38694e-06,,2.31
goethite-*-Se(+4),goethite,alpha-FeOOH,Se(+4),dlfjr03,dlfjr03_f3d,13,N(+5)+Na(+1),11.9144,0.13,3.20767e-06,,2.31
goethite-*-Se(+4),goethite,alpha-FeOOH,Se(+4),dlfjr03,dlfjr03_f4a,1,N(+5)+Na(+1),8.8758,0.13,1.92088e-05,,2.31
goethite-*-Se(+4),goethite,alpha-FeOOH,Se(+4),dlfjr03,dlfjr03_f4a,2,N(+5)+Na(+1),9.6711,0.13,1.35191e-05,,2.31
goethite-*-Se(+4),goethite,alpha-FeOOH,Se(+4),dlfjr03,dlfjr03_f4a,3,N(+5)+Na(+1),10.2011,0.13,7.0801e-06,,2.31
goethite-*-Se(+4),goethite,alpha-FeOOH,Se(+4),dlfjr03,dlfjr03_f4a,4,N(+5)+Na(+1),10.5672,0.13,3.00164e-06,,2.31
goethite-*-Se(+4),goethite,alpha-FeOOH,Se(+4),dlfjr03,dlfjr03_f4d,1,N(+5)+Na(+1),3.1809,0.13,0.000254227,,2.31
goethite-*-Se(+4),goethite,alpha-FeOOH,Se(+4),dlfjr03,dlfjr03_f4d,2,N(+5)+Na(+1),4.8068,0.13,0.000225022,,2.31
goethite-*-Se(+4),goethite,alpha-FeOOH,Se(+4),dlfjr03,dlfjr03_f4d,3,N(+5)+Na(+1),6.9621,0.13,0.000176036,,2.31
goethite-*-Se(+4),goethite,alpha-FeOOH,Se(+4),dlfjr03,dlfjr03_f4d,4,N(+5)+Na(+1),7.4159,0.13,0.000146835,,2.31
goethite-*-Se(+4),goethite,alpha-FeOOH,Se(+4),dlfjr03,dlfjr03_f4d,5,N(+5)+Na(+1),7.9832,0.13,0.000127149,,2.31
goethite-*-Se(+4),goethite,alpha-FeOOH,Se(+4),dlfjr03,dlfjr03_f4d,6,N(+5)+Na(+1),8.6638,0.13,0.000102381,,2.31
goethite-*-Se(+4),goethite,alpha-FeOOH,Se(+4),dlfjr03,dlfjr03_f4d,7,N(+5)+Na(+1),9.0673,0.13,8.2035e-05,,2.31
goethite-*-Se(+4),goethite,alpha-FeOOH,Se(+4),dlfjr03,dlfjr03_f4d,8,N(+5)+Na(+1),9.5338,0.13,6.22512e-05,,2.31
goethite-*-Se(+4),goethite,alpha-FeOOH,Se(+4),dlfjr03,dlfjr03_f4d,9,N(+5)+Na(+1),10.0886,0.13,3.5942e-05,,2.31
goethite-*-Se(+4),goethite,alpha-FeOOH,Se(+4),dlfjr03,dlfjr03_f4d,10,N(+5)+Na(+1),10.4039,0.13,2.5358e-05,,2.31
goethite-*-Se(+4),goethite,alpha-FeOOH,Se(+4),dlfjr03,dlfjr03_f4d,11,N(+5)+Na(+1),11.0345,0.13,1.13328e-05,,2.31
goethite-*-Se(+4),goethite,alpha-FeOOH,Se(+4),dlfjr03,dlfjr03_f4d,12,N(+5)+Na(+1),11.4003,0.13,5.48502e-06,,2.31
goethite-*-Se(+4),goethite,alpha-FeOOH,Se(+4),dlfjr03,dlfjr03_f4d,13,N(+5)+Na(+1),11.8417,0.13,3.27048e-06,,2.31
goethite-*-Se(+4),goethite,alpha-FeOOH,Se(+4),hpl88,hpl88_f2aa,1,N(+5)+Na(+1),9.2621,13.0,9.79101e-05,,2.31
goethite-*-Se(+4),goethite,alpha-FeOOH,Se(+4),hpl88,hpl88_f2aa,2,N(+5)+Na(+1),10.2829,13.0,8.53264e-05,,2.31
goethite-*-Se(+4),goethite,alpha-FeOOH,Se(+4),hpl88,hpl88_f2aa,3,N(+5)+Na(+1),10.8866,13.0,4.60355e-05,,2.31
goethite-*-Se(+4),goethite,alpha-FeOOH,Se(+4),hpl88,hpl88_f2aa,4,N(+5)+Na(+1),11.2579,13.0,3.58727e-05,,2.31
goethite-*-Se(+4),goethite,alpha-FeOOH,Se(+4),hpl88,hpl88_f2aa,5,N(+5)+Na(+1),11.4825,13.0,1.38612e-05,,2.31
goethite-*-Se(+4),goethite,alpha-FeOOH,Se(+4),hpl88,hpl88_f2aa,6,N(+5)+Na(+1),11.6526,13.0,7.8106e-06,,2.31
goethite-*-Se(+4),goethite,alpha-FeOOH,Se(+4),hpl88,hpl88_f2aa,7,N(+5)+Na(+1),11.8925,13.0,3.6954e-06,,2.31
goethite-*-Se(+4),goethite,alpha-FeOOH,Se(+4),hpl88,hpl88_f2ab,1,N(+5)+Na(+1),8.9761,1.3,9.85786e-05,,2.31
goethite-*-Se(+4),goethite,alpha-FeOOH,Se(+4),hpl88,hpl88_f2ab,2,N(+5)+Na(+1),9.726,1.3,9.83064e-05,,2.31
goethite-*-Se(+4),goethite,alpha-FeOOH,Se(+4),hpl88,hpl88_f2ab,3,N(+5)+Na(+1),10.2363,1.3,9.37396e-05,,2.31
goethite-*-Se(+4),goethite,alpha-FeOOH,Se(+4),hpl88,hpl88_f2ab,4,N(+5)+Na(+1),10.7004,1.3,7.90415e-05,,2.31
goethite-*-Se(+4),goethite,alpha-FeOOH,Se(+4),hpl88,hpl88_f2ab,5,N(+5)+Na(+1),11.0178,1.3,5.89636e-05,,2.31
goethite-*-Se(+4),goethite,alpha-FeOOH,Se(+4),hpl88,hpl88_f2ab,6,N(+5)+Na(+1),11.3275,1.3,3.60831e-05,,2.31
goethite-*-Se(+4),goethite,alpha-FeOOH,Se(+4),hpl88,hpl88_f2ab,7,N(+5)+Na(+1),11.5518,1.3,2.29125e-05,,2.31
goethite-*-Se(+4),goethite,alpha-FeOOH,Se(+4),hpl88,hpl88_f2ab,8,N(+5)+Na(+1),11.6293,1.3,2.05347e-05,,2.31
goethite-*-Se(+4),goethite,alpha-FeOOH,Se(+4),hpl88,hpl88_f2ac,1,N(+5)+Na(+1),9.9656,0.065,9.74258e-05,,2.31
goethite-*-Se(+4),goethite,alpha-FeOOH,Se(+4),hpl88,hpl88_f2ac,2,N(+5)+Na(+1),10.244,0.065,9.46015e-05,,2.31
goethite-*-Se(+4),goethite,alpha-FeOOH,Se(+4),hpl88,hpl88_f2ac,3,N(+5)+Na(+1),10.5302,0.065,8.89735e-05,,2.31
goethite-*-Se(+4),goethite,alpha-FeOOH,Se(+4),hpl88,hpl88_f2ac,4,N(+5)+Na(+1),10.6926,0.065,8.07671e-05,,2.31
goethite-*-Se(+4),goethite,alpha-FeOOH,Se(+4),hpl88,hpl88_f2ac,5,N(+5)+Na(+1),10.9171,0.065,6.78122e-05,,2.31
goethite-*-Se(+4),goethite,alpha-FeOOH,Se(+4),hpl88,hpl88_f2ac,6,N(+5)+Na(+1),11.0642,0.065,5.59412e-05,,2.31
goethite-*-Se(+4),goethite,alpha-FeOOH,Se(+4),hpl88,hpl88_f2ac,7,N(+5)+Na(+1),11.3197,0.065,3.54368e-05,,2.31
goethite-*-Se(+4),goethite,alpha-FeOOH,Se(+4),hpl88,hpl88_f2ac,8,N(+5)+Na(+1),11.6139,0.065,1.40669e-05,,2.31
goethite-*-Se(+4),goethite,alpha-FeOOH,Se(+4),hpl88,hpl88_f2ac,9,N(+5)+Na(+1),11.8615,0.065,7.7948e-06,,2.31
goethite-*-Se(+4),goethite,alpha-FeOOH,Se(+4),hrbhl87,hrbhl87_f2a,1,N(+5)+Na(+1),7.4375,13.0,9.88689e-05,,2.31
goethite-*-Se(+4),goethite,alpha-FeOOH,Se(+4),hrbhl87,hrbhl87_f2a,2,N(+5)+Na(+1),9.2678,13.0,9.78666e-05,,2.31
goethite-*-Se(+4),goethite,alpha-FeOOH,Se(+4),hrbhl87,hrbhl87_f2a,3,N(+5)+Na(+1),10.2951,13.0,8.53281e-05,,2.31
goethite-*-Se(+4),goethite,alpha-FeOOH,Se(+4),hrbhl87,hrbhl87_f2a,4,N(+5)+Na(+1),10.8907,13.0,4.59199e-05,,2.31
goethite-*-Se(+4),goethite,alpha-FeOOH,Se(+4),hrbhl87,hrbhl87_f2a,5,N(+5)+Na(+1),11.2355,13.0,3.65668e-05,,2.31
goethite-*-Se(+4),goethite,alpha-FeOOH,Se(+4),hrbhl87,hrbhl87_f2a,6,N(+5)+Na(+1),11.4783,13.0,1.41102e-05,,2.31
goethite-*-Se(+4),goethite,alpha-FeOOH,Se(+4),hrbhl87,hrbhl87_f2a,7,N(+5)+Na(+1),11.6596,13.0,8.3025e-06,,2.31
goethite-*-Se(+4),goethite,alpha-FeOOH,Se(+4),hrbhl87,hrbhl87_f2a,8,N(+5)+Na(+1),11.8776,13.0,4.2759e-06,,2.31
goethite-*-Se(+4),goethite,alpha-FeOOH,Se(+4),hrbhl87,hrbhl87_f2c,1,N(+5)+Na(+1),6.709,1.3,9.96257e-05,,2.31
goethite-*-Se(+4),goethite,alpha-FeOOH,Se(+4),hrbhl87,hrbhl87_f2c,2,N(+5)+Na(+1),6.964,1.3,9.89969e-05,,2.31
goethite-*-Se(+4),goethite,alpha-FeOOH,Se(+4),hrbhl87,hrbhl87_f2c,3,N(+5)+Na(+1),7.902,1.3,9.90634e-05,,2.31
goethite-*-Se(+4),goethite,alpha-FeOOH,Se(+4),hrbhl87,hrbhl87_f2c,4,N(+5)+Na(+1),8.9855,1.3,9.83316e-05,,2.31
goethite-*-Se(+4),goethite,alpha-FeOOH,Se(+4),hrbhl87,hrbhl87_f2c,5,N(+5)+Na(+1),9.7412,1.3,9.72533e-05,,2.31
goethite-*-Se(+4),goethite,alpha-FeOOH,Se(+4),hrbhl87,hrbhl87_f2c,6,N(+5)+Na(+1),10.0326,1.3,9.71123e-05,,2.31
goethite-*-Se(+4),goethite,alpha-FeOOH,Se(+4),hrbhl87,hrbhl87_f2c,7,N(+5)+Na(+1),10.278,1.3,9.34109e-05,,2.31
goethite-*-Se(+4),goethite,alpha-FeOOH,Se(+4),hrbhl87,hrbhl87_f2c,8,N(+5)+Na(+1),10.7314,1.3,7.9215e-05,,2.31
goethite-*-Se(+4),goethite,alpha-FeOOH,Se(+4),hrbhl87,hrbhl87_f2c,9,N(+5)+Na(+1),11.0109,1.3,5.91863e-05,,2.31
goethite-*-Se(+4),goethite,alpha-FeOOH,Se(+4),hrbhl87,hrbhl87_f2c,10,N(+5)+Na(+1),11.3083,1.3,3.59252e-05,,2.31
goethite-*-Se(+4),goethite,alpha-FeOOH,Se(+4),hrbhl87,hrbhl87_f2c,11,N(+5)+Na(+1),11.5525,1.3,2.36547e-05,,2.31
goethite-*-Se(+4),goethite,alpha-FeOOH,Se(+4),hrbhl87,hrbhl87_f2c,12,N(+5)+Na(+1),11.5977,1.3,2.12327e-05,,2.31
goethite-*-Se(+4),goethite,alpha-FeOOH,Se(+4),hrbhl87,hrbhl87_f2c,13,N(+5)+Na(+1),11.878,1.3,7.5096e-06,,2.31
goethite-*-Se(+4),goethite,alpha-FeOOH,Se(+4),hrbhl87,hrbhl87_f2f,1,N(+5)+Na(+1),10.0053,0.0875,9.7272e-05,,2.31
goethite-*-Se(+4),goethite,alpha-FeOOH,Se(+4),hrbhl87,hrbhl87_f2f,2,N(+5)+Na(+1),10.2417,0.0875,9.47018e-05,,2.31
goethite-*-Se(+4),goethite,alpha-FeOOH,Se(+4),hrbhl87,hrbhl87_f2f,3,N(+5)+Na(+1),10.5413,0.0875,8.85791e-05,,2.31
goethite-*-Se(+4),goethite,alpha-FeOOH,Se(+4),hrbhl87,hrbhl87_f2f,4,N(+5)+Na(+1),10.9302,0.0875,6.79114e-05,,2.31
goethite-*-Se(+4),goethite,alpha-FeOOH,Se(+4),hrbhl87,hrbhl87_f2f,5,N(+5)+Na(+1),11.0925,0.0875,5.61201e-05,,2.31
goethite-*-Se(+4),goethite,alpha-FeOOH,Se(+4),hrbhl87,hrbhl87_f2f,6,N(+5)+Na(+1),11.3977,0.0875,2.3967e-05,,2.31
goethite-*-Se(+4),goethite,alpha-FeOOH,Se(+4),hrbhl87,hrbhl87_f2f,7,N(+5)+Na(+1),11.8418,0.0875,8.3154e-06,,2.31
montmorillonite-*-U(+6),montmorillonite,,U(+6),mbdsb12,mbdsb12_f2ba,1,C(+4)+Cl(+7)+Na(+1),7.1147,2.508,8.80976e-08,,2.31
montmorillonite-*-U(+6),montmorillonite,,U(+6),mbdsb12,mbdsb12_f2ba,2,C(+4)+Cl(+7)+Na(+1),7.9955,2.508,7.58327e-08,,2.31
montmorillonite-*-U(+6),montmorillonite,,U(+6),mbdsb12,mbdsb12_f2ba,3,C(+4)+Cl(+7)+Na(+1),8.0624,2.508,7.66928e-08,,2.31
montmorillonite-*-U(+6),montmorillonite,,U(+6),mbdsb12,mbdsb12_f2ba,4,C(+4)+Cl(+7)+Na(+1),8.0721,2.508,7.29935e-08,,2.31
montmorillonite-*-U(+6),montmorillonite,,U(+6),mbdsb12,mbdsb12_f2ba,5,C(+4)+Cl(+7)+Na(+1),8.9764,2.508,4.85656e-08,,2.31
montmorillonite-*-U(+6),montmorillonite,,U(+6),mbdsb12,mbdsb12_f2bb,1,C(+4)+Cl(+7)+Na(+1),7.111,2.524,7.69261e-08,,2.31
montmorillonite-*-U(+6),montmorillonite,,U(+6),mbdsb12,mbdsb12_f2bb,2,C(+4)+Cl(+7)+Na(+1),7.1636,2.524,7.6651e-08,,2.31
montmorillonite-*-U(+6),montmorillonite,,U(+6),mbdsb12,mbdsb12_f2bb,3,C(+4)+Cl(+7)+Na(+1),8.0637,2.524,2.92859e-08,,2.31
montmorillonite-*-U(+6),montmorillonite,,U(+6),mbdsb12,mbdsb12_f2bb,4,C(+4)+Cl(+7)+Na(+1),9.0446,2.524,7.34882e-09,,2.31
montmorillonite-*-U(+6),montmorillonite,,U(+6),mbdsb12,mbdsb12_f2bb,5,C(+4)+Cl(+7)+Na(+1),9.0925,2.524,6.56475e-09,,2.31
montmorillonite-*-U(+6),montmorillonite,,U(+6),mbdsb12,mbdsb12_f2bc,1,C(+4)+Cl(+7)+Na(+1),7.1403,2.54,5.94745e-08,,2.31
montmorillonite-*-U(+6),montmorillonite,,U(+6),mbdsb12,mbdsb12_f2bc,2,C(+4)+Cl(+7)+Na(+1),7.1737,2.54,5.94745e-08,,2.31
montmorillonite-*-U(+6),montmorillonite,,U(+6),mbdsb12,mbdsb12_f2bc,3,C(+4)+Cl(+7)+Na(+1),7.8394,2.54,1.62064e-08,,2.31
montmorillonite-*-U(+6),montmorillonite,,U(+6),mbdsb12,mbdsb12_f2bc,4,C(+4)+Cl(+7)+Na(+1),8.069,2.54,1.23953e-08,,2.31
montmorillonite-*-U(+6),montmorillonite,,U(+6),mbdsb12,mbdsb12_f2bc,5,C(+4)+Cl(+7)+Na(+1),8.1076,2.54,7.32554e-09,,2.31
montmorillonite-*-U(+6),montmorillonite,,U(+6),mbdsb12,mbdsb12_f2bc,6,C(+4)+Cl(+7)+Na(+1),9.1214,2.54,4.98174e-09,,2.31
montmorillonite-*-U(+6),montmorillonite,,U(+6),mbdsb12,mbdsb12_f2bc,7,C(+4)+Cl(+7)+Na(+1),9.1505,2.54,1.93235e-09,,2.31
montmorillonite-*-U(+6),montmorillonite,,U(+6),mbdsb12,mbdsb12_f2bc,8,C(+4)+Cl(+7)+Na(+1),9.1126,2.54,1.05605e-09,,2.31
montmorillonite-*-U(+6),montmorillonite,,U(+6),bb05,bb05_fa5aa,1,Cl(+7)+Na(+1),2.67112,0.25,9.62624e-08,,2.31
montmorillonite-*-U(+6),montmorillonite,,U(+6),bb05,bb05_fa5aa,2,Cl(+7)+Na(+1),4.05465,0.25,1.23337e-07,,2.31
montmorillonite-*-U(+6),montmorillonite,,U(+6),bb05,bb05_fa5aa,3,Cl(+7)+Na(+1),4.05374,0.25,1.27321e-07,,2.31
montmorillonite-*-U(+6),montmorillonite,,U(+6),bb05,bb05_fa5aa,4,Cl(+7)+Na(+1),4.8081,0.25,1.37653e-07,,2.31
montmorillonite-*-U(+6),montmorillonite,,U(+6),bb05,bb05_fa5aa,5,Cl(+7)+Na(+1),5.90852,0.25,1.3968e-07,,2.31
montmorillonite-*-U(+6),montmorillonite,,U(+6),bb05,bb05_fa5aa,6,Cl(+7)+Na(+1),6.81762,0.25,1.39577e-07,,2.31
montmorillonite-*-U(+6),montmorillonite,,U(+6),bb05,bb05_fa5aa,7,Cl(+7)+Na(+1),8.10872,0.25,1.38842e-07,,2.31
montmorillonite-*-U(+6),montmorillonite,,U(+6),bb05,bb05_fa5aa,8,Cl(+7)+Na(+1),9.33522,0.25,1.34954e-07,,2.31
montmorillonite-*-U(+6),montmorillonite,,U(+6),bb05,bb05_fa5aa,9,Cl(+7)+Na(+1),10.6461,0.25,1.06974e-07,,2.31
montmorillonite-*-U(+6),montmorillonite,,U(+6),bb05,bb05_fa5ab,1,Cl(+7)+Na(+1),2.61336,2.5,1.68932e-08,,2.31
montmorillonite-*-U(+6),montmorillonite,,U(+6),bb05,bb05_fa5ab,2,Cl(+7)+Na(+1),3.95875,2.5,1.00527e-07,,2.31
montmorillonite-*-U(+6),montmorillonite,,U(+6),bb05,bb05_fa5ab,3,Cl(+7)+Na(+1),4.89185,2.5,1.36538e-07,,2.31
montmorillonite-*-U(+6),montmorillonite,,U(+6),bb05,bb05_fa5ab,4,Cl(+7)+Na(+1),6.02522,2.5,1.39539e-07,,2.31
montmorillonite-*-U(+6),montmorillonite,,U(+6),bb05,bb05_fa5ab,5,Cl(+7)+Na(+1),7.00027,2.5,1.39409e-07,,2.31
montmorillonite-*-U(+6),montmorillonite,,U(+6),bb05,bb05_fa5ab,6,Cl(+7)+Na(+1),8.17669,2.5,1.37819e-07,,2.31
montmorillonite-*-U(+6),montmorillonite,,U(+6),bb05,bb05_fa5ab,7,Cl(+7)+Na(+1),9.399,2.5,1.37599e-07,,2.31
montmorillonite-*-U(+6),montmorillonite,,U(+6),bb05,bb05_fa5ab,8,Cl(+7)+Na(+1),10.6083,2.5,1.31913e-07,,2.31
montmorillonite-*-U(+6),montmorillonite,,U(+6),bb05,bb05_fa9a,1,Cl(+7)+Na(+1),5.0,2.5,1.16569e-07,,2.31
montmorillonite-*-U(+6),montmorillonite,,U(+6),bb05,bb05_fa9a,2,Cl(+7)+Na(+1),5.0,2.5,1.68001e-07,,2.31
montmorillonite-*-U(+6),montmorillonite,,U(+6),bb05,bb05_fa9a,3,Cl(+7)+Na(+1),5.0,2.5,2.65272e-07,,2.31
montmorillonite-*-U(+6),montmorillonite,,U(+6),bb05,bb05_fa9a,4,Cl(+7)+Na(+1),5.0,2.5,6.31599e-07,,2.31
montmorillonite-*-U(+6),montmorillonite,,U(+6),bb05,bb05_fa9a,5,Cl(+7)+Na(+1),5.0,2.5,1.61054e-06,,2.31
montmorillonite-*-U(+6),montmorillonite,,U(+6),bb05,bb05_fa9a,6,Cl(+7)+Na(+1),5.0,2.5,5.15729e-06,,2.31
montmorillonite-*-U(+6),montmorillonite,,U(+6),bb05,bb05_fa9a,7,Cl(+7)+Na(+1),5.0,2.5,5.15657e-06,,2.31
montmorillonite-*-U(+6),montmorillonite,,U(+6),bb05,bb05_fa9a,8,Cl(+7)+Na(+1),5.0,2.5,8.51611e-06,,2.31
montmorillonite-*-U(+6),montmorillonite,,U(+6),bb05,bb05_fa9a,9,Cl(+7)+Na(+1),5.0,2.5,1.47177e-05,,2.31
montmorillonite-*-U(+6),montmorillonite,,U(+6),bb05,bb05_fa9a,10,Cl(+7)+Na(+1),5.0,2.5,1.84808e-05,,2.31
montmorillonite-*-U(+6),montmorillonite,,U(+6),bb05,bb05_fa9a,11,Cl(+7)+Na(+1),5.0,2.5,2.02428e-05,,2.31
montmorillonite-*-U(+6),montmorillonite,,U(+6),bb05,bb05_fa9a,12,Cl(+7)+Na(+1),5.0,2.5,2.48566e-05,,2.31
montmorillonite-*-U(+6),montmorillonite,,U(+6),bb05,bb05_fa9a,13,Cl(+7)+Na(+1),5.0,2.5,3.74629e-05,,2.31
montmorillonite-*-U(+6),montmorillonite,,U(+6),bb05,bb05_fa9b,1,Cl(+7)+Na(+1),6.8,2.5,2.4026e-07,,2.31
montmorillonite-*-U(+6),montmorillonite,,U(+6),bb05,bb05_fa9b,2,Cl(+7)+Na(+1),6.8,2.5,5.09356e-07,,2.31
montmorillonite-*-U(+6),montmorillonite,,U(+6),bb05,bb05_fa9b,3,Cl(+7)+Na(+1),6.8,2.5,1.00865e-06,,2.31
montmorillonite-*-U(+6),montmorillonite,,U(+6),bb05,bb05_fa9b,4,Cl(+7)+Na(+1),6.8,2.5,1.21004e-06,,2.31
montmorillonite-*-U(+6),montmorillonite,,U(+6),bb05,bb05_fa9b,5,Cl(+7)+Na(+1),6.8,2.5,2.45059e-06,,2.31
montmorillonite-*-U(+6),montmorillonite,,U(+6),bb05,bb05_fa9b,6,Cl(+7)+Na(+1),6.8,2.5,4.85189e-06,,2.31
montmorillonite-*-U(+6),montmorillonite,,U(+6),bb05,bb05_fa9b,7,Cl(+7)+Na(+1),6.8,2.5,4.74069e-06,,2.31
montmorillonite-*-U(+6),montmorillonite,,U(+6),bb05,bb05_fa9b,8,Cl(+7)+Na(+1),6.8,2.5,9.38169e-06,,2.31
montmorillonite-*-U(+6),montmorillonite,,U(+6),bb05,bb05_fa9b,9,Cl(+7)+Na(+1),6.8,2.5,1.15057e-05,,2.31
montmorillonite-*-U(+6),montmorillonite,,U(+6),bb05,bb05_fa9b,10,Cl(+7)+Na(+1),6.8,2.5,2.12555e-05,,2.31
montmorillonite-*-U(+6),montmorillonite,,U(+6),kdse04,kdse04_f1a,1,Cl(+7)+Na(+1),2.0625,12.5,1.7535e-05,,2.31
montmorillonite-*-U(+6),montmorillonite,,U(+6),kdse04,kdse04_f1a,2,Cl(+7)+Na(+1),2.325,12.5,1.9029e-05,,2.31
montmorillonite-*-U(+6),montmorillonite,,U(+6),kdse04,kdse04_f1a,3,Cl(+7)+Na(+1),2.8438,12.5,2.2016e-05,,2.31
montmorillonite-*-U(+6),montmorillonite,,U(+6),kdse04,kdse04_f1a,4,Cl(+7)+Na(+1),3.3187,12.5,2.8568e-05,,2.31
montmorillonite-*-U(+6),montmorillonite,,U(+6),kdse04,kdse04_f1a,5,Cl(+7)+Na(+1),3.3875,12.5,2.4261e-05,,2.31
montmorillonite-*-U(+6),montmorillonite,,U(+6),kdse04,kdse04_f1a,6,Cl(+7)+Na(+1),3.75,12.5,3.2741e-05,,2.31
montmorillonite-*-U(+6),montmorillonite,,U(+6),kdse04,kdse04_f1a,7,Cl(+7)+Na(+1),4.25,12.5,4.8804e-05,,2.31
montmorillonite-*-U(+6),montmorillonite,,U(+6),kdse04,kdse04_f1a,8,Cl(+7)+Na(+1),4.375,12.5,4.851e-05,,2.31
montmorillonite-*-U(+6),montmorillonite,,U(+6),kdse04,kdse04_f1a,9,Cl(+7)+Na(+1),4.5812,12.5,6.5158e-05,,2.31
montmorillonite-*-U(+6),montmorillonite,,U(+6),kdse04,kdse04_f1a,10,Cl(+7)+Na(+1),4.9375,12.5,7.2598e-05,,2.31
montmorillonite-*-U(+6),montmorillonite,,U(+6),kdse04,kdse04_f1a,11,Cl(+7)+Na(+1),5.0687,12.5,8.4935e-05,,2.31
montmorillonite-*-U(+6),montmorillonite,,U(+6),kdse04,kdse04_f1a,12,Cl(+7)+Na(+1),5.5062,12.5,9.1783e-05,,2.31
montmorillonite-*-U(+6),montmorillonite,,U(+6),kdse04,kdse04_f1a,13,Cl(+7)+Na(+1),5.675,12.5,9.6097e-05,,2.31
montmorillonite-*-U(+6),montmorillonite,,U(+6),kdse04,kdse04_f1a,14,Cl(+7)+Na(+1),5.9125,12.5,9.7442e-05,,2.31
montmorillonite-*-U(+6),montmorillonite,,U(+6),kdse04,kdse04_f1a,15,Cl(+7)+Na(+1),6.0812,12.5,9.8041e-05,,2.31
montmorillonite-*-U(+6),montmorillonite,,U(+6),kdse04,kdse04_f1a,16,Cl(+7)+Na(+1),6.2375,12.5,9.8046e-05,,2.31
montmorillonite-*-U(+6),montmorillonite,,U(+6),kdse04,kdse04_f1a,17,Cl(+7)+Na(+1),6.4188,12.5,9.9834e-05,,2.31
montmorillonite-*-U(+6),montmorillonite,,U(+6),kdse04,kdse04_f1a,18,Cl(+7)+Na(+1),6.6813,12.5,0.000101179,,2.31
montmorillonite-*-U(+6),montmorillonite,,U(+6),kdse04,kdse04_f1a,19,Cl(+7)+Na(+1),7.0875,12.5,0.000100448,,2.31
montmorillonite-*-U(+6),montmorillonite,,U(+6),kdse04,kdse04_f1a,20,Cl(+7)+Na(+1),7.3063,12.5,0.000100603,,2.31
montmorillonite-*-U(+6),montmorillonite,,U(+6),kdse04,kdse04_f1b,1,Cl(+7)+Na(+1),1.9461,2.5,9.01e-06,,2.31
montmorillonite-*-U(+6),montmorillonite,,U(+6),kdse04,kdse04_f1b,2,Cl(+7)+Na(+1),2.45191,2.5,9.406e-06,,2.31
montmorillonite-*-U(+6),montmorillonite,,U(+6),kdse04,kdse04_f1b,3,Cl(+7)+Na(+1),2.84992,2.5,1.396e-05,,2.31
montmorillonite-*-U(+6),montmorillonite,,U(+6),kdse04,kdse04_f1b,4,Cl(+7)+Na(+1),3.63765,2.5,1.6139e-05,,2.31
montmorillonite-*-U(+6),montmorillonite,,U(+6),kdse04,kdse04_f1b,5,Cl(+7)+Na(+1),3.77446,2.5,1.8911e-05,,2.31
montmorillonite-*-U(+6),montmorillonite,,U(+6),kdse04,kdse04_f1b,6,Cl(+7)+Na(+1),3.92371,2.5,1.8614e-05,,2.31
montmorillonite-*-U(+6),montmorillonite,,U(+6),kdse04,kdse04_f1b,7,Cl(+7)+Na(+1),4.1393,2.5,2.0495e-05,,2.31
montmorillonite-*-U(+6),montmorillonite,,U(+6),kdse04,kdse04_f1b,8,Cl(+7)+Na(+1),4.39635,2.5,2.3861e-05,,2.31
montmorillonite-*-U(+6),montmorillonite,,U(+6),kdse04,kdse04_f1b,9,Cl(+7)+Na(+1),4.47512,2.5,3.099e-05,,2.31
montmorillonite-*-U(+6),montmorillonite,,U(+6),kdse04,kdse04_f1b,10,Cl(+7)+Na(+1),4.57877,2.5,3.4059e-05,,2.31
montmorillonite-*-U(+6),montmorillonite,,U(+6),kdse04,kdse04_f1b,11,Cl(+7)+Na(+1),4.83582,2.5,4.5842e-05,,2.31
montmorillonite-*-U(+6),montmorillonite,,U(+6),kdse04,kdse04_f1b,12,Cl(+7)+Na(+1),5.05141,2.5,7.3168e-05,,2.31
montmorillonite-*-U(+6),montmorillonite,,U(+6),kdse04,kdse04_f1b,13,Cl(+7)+Na(+1),5.50332,2.5,9.6931e-05,,2.31
montmorillonite-*-U(+6),montmorillonite,,U(+6),kdse04,kdse04_f1b,14,Cl(+7)+Na(+1),6.4859,2.5,0.000100792,,2.31
montmorillonite-*-U(+6),montmorillonite,,U(+6),kdse04,kdse04_f1b,15,Cl(+7)+Na(+1),7.01244,2.5,0.000100792,,2.31
montmorillonite-*-U(+6),montmorillonite,,U(+6),kdse04,kdse04_f1b,16,Cl(+7)+Na(+1),7.47678,2.5,0.000100594,,2.31
montmorillonite-*-U(+6),montmorillonite,,U(+6),kdse04,kdse04_f1c,1,Cl(+7)+Na(+1),2.0215,12.5,0.00032653,,2.31
montmorillonite-*-U(+6),montmorillonite,,U(+6),kdse04,kdse04_f1c,2,Cl(+7)+Na(+1),2.1466,12.5,0.0003665,,2.31
montmorillonite-*-U(+6),montmorillonite,,U(+6),kdse04,kdse04_f1c,3,Cl(+7)+Na(+1),2.2575,12.5,0.00035289,,2.31
montmorillonite-*-U(+6),montmorillonite,,U(+6),kdse04,kdse04_f1c,4,Cl(+7)+Na(+1),2.4256,12.5,0.00037075,,2.31
montmorillonite-*-U(+6),montmorillonite,,U(+6),kdse04,kdse04_f1c,5,Cl(+7)+Na(+1),2.7725,12.5,0.00039031,,2.31
montmorillonite-*-U(+6),montmorillonite,,U(+6),kdse04,kdse04_f1c,6,Cl(+7)+Na(+1),2.9478,12.5,0.00041837,,2.31
montmorillonite-*-U(+6),montmorillonite,,U(+6),kdse04,kdse04_f1c,7,Cl(+7)+Na(+1),3.1516,12.5,0.00043452,,2.31
montmorillonite-*-U(+6),montmorillonite,,U(+6),kdse04,kdse04_f1c,8,Cl(+7)+Na(+1),3.402,12.5,0.00044813,,2.31
montmorillonite-*-U(+6),montmorillonite,,U(+6),kdse04,kdse04_f1c,9,Cl(+7)+Na(+1),3.4378,12.5,0.00048044,,2.31
montmorillonite-*-U(+6),montmorillonite,,U(+6),kdse04,kdse04_f1c,10,Cl(+7)+Na(+1),3.5916,12.5,0.0004932,,2.31
montmorillonite-*-U(+6),montmorillonite,,U(+6),kdse04,kdse04_f1c,11,Cl(+7)+Na(+1),3.8383,12.5,0.0005,,2.31
montmorillonite-*-U(+6),montmorillonite,,U(+6),kdse04,kdse04_f1c,12,Cl(+7)+Na(+1),4.103,12.5,0.00055017,,2.31
montmorillonite-*-U(+6),montmorillonite,,U(+6),kdse04,kdse04_f1c,13,Cl(+7)+Na(+1),4.4177,12.5,0.00061054,,2.31
montmorillonite-*-U(+6),montmorillonite,,U(+6),kdse04,kdse04_f1c,14,Cl(+7)+Na(+1),4.8398,12.5,0.00072789,,2.31
montmorillonite-*-U(+6),montmorillonite,,U(+6),kdse04,kdse04_f1c,15,Cl(+7)+Na(+1),5.7375,12.5,0.00095238,,2.31
montmorillonite-*-U(+6),montmorillonite,,U(+6),kdse04,kdse04_f1c,16,Cl(+7)+Na(+1),5.8019,12.5,0.00096259,,2.31
montmorillonite-*-U(+6),montmorillonite,,U(+6),kdse04,kdse04_f1c,17,Cl(+7)+Na(+1),6.0951,12.5,0.00098724,,2.31
montmorillonite-*-U(+6),montmorillonite,,U(+6),kdse04,kdse04_f1c,18,Cl(+7)+Na(+1),6.2668,12.5,0.00097194,,2.31
montmorillonite-*-U(+6),montmorillonite,,U(+6),kdse04,kdse04_f1c,19,Cl(+7)+Na(+1),6.3169,12.5,0.00097279,,2.31
montmorillonite-*-U(+6),montmorillonite,,U(+6),kdse04,kdse04_f1c,20,Cl(+7)+Na(+1),6.3455,12.5,0.00098639,,2.31
montmorillonite-*-U(+6),montmorillonite,,U(+6),kdse04,kdse04_f1c,21,Cl(+7)+Na(+1),6.5601,12.5,0.00100765,,2.31
montmorillonite-*-U(+6),montmorillonite,,U(+6),kdse04,kdse04_f1c,22,Cl(+7)+Na(+1),6.7961,12.5,0.00098299,,2.31
montmorillonite-*-U(+6),montmorillonite,,U(+6),kdse04,kdse04_f1c,23,Cl(+7)+Na(+1),6.9678,12.5,0.00099575,,2.31
montmorillonite-*-U(+6),montmorillonite,,U(+6),kdse04,kdse04_f1d,1,Cl(+7)+Na(+1),2.21937,2.5,3.3663e-07,,2.31
montmorillonite-*-U(+6),montmorillonite,,U(+6),kdse04,kdse04_f1d,2,Cl(+7)+Na(+1),2.53394,2.5,3.6733e-07,,2.31
montmorillonite-*-U(+6),montmorillonite,,U(+6),kdse04,kdse04_f1d,3,Cl(+7)+Na(+1),2.96854,2.5,3.9703e-07,,2.31
montmorillonite-*-U(+6),montmorillonite,,U(+6),kdse04,kdse04_f1d,4,Cl(+7)+Na(+1),3.41556,2.5,4.8218e-07,,2.31
montmorillonite-*-U(+6),montmorillonite,,U(+6),kdse04,kdse04_f1d,5,Cl(+7)+Na(+1),4.02401,2.5,6.8614e-07,,2.31
montmorillonite-*-U(+6),montmorillonite,,U(+6),kdse04,kdse04_f1d,6,Cl(+7)+Na(+1),4.63659,2.5,9.0594e-07,,2.31
montmorillonite-*-U(+6),montmorillonite,,U(+6),kdse04,kdse04_f1d,7,Cl(+7)+Na(+1),4.87252,2.5,9.5545e-07,,2.31
montmorillonite-*-U(+6),montmorillonite,,U(+6),kdse04,kdse04_f1d,8,Cl(+7)+Na(+1),5.18709,2.5,9.8812e-07,,2.31
montmorillonite-*-U(+6),montmorillonite,,U(+6),kdse04,kdse04_f1d,9,Cl(+7)+Na(+1),5.55546,2.5,1.00594e-06,,2.31
montmorillonite-*-U(+6),montmorillonite,,U(+6),kdse04,kdse04_f1d,10,Cl(+7)+Na(+1),5.84934,2.5,1.00198e-06,,2.31
montmorillonite-*-U(+6),montmorillonite,,U(+6),kdse04,kdse04_f1d,11,Cl(+7)+Na(+1),5.99007,2.5,1.00198e-06,,2.31
montmorillonite-*-U(+6),montmorillonite,,U(+6),kdse04,kdse04_f1d,12,Cl(+7)+Na(+1),6.06457,2.5,9.9901e-07,,2.31
montmorillonite-*-U(+6),montmorillonite,,U(+6),kdse04,kdse04_f1d,13,Cl(+7)+Na(+1),6.12666,2.5,1.00099e-06,,2.31
montmorillonite-*-U(+6),montmorillonite,,U(+6),kdse04,kdse04_f1d,14,Cl(+7)+Na(+1),6.19702,2.5,1.00099e-06,,2.31
montmorillonite-*-U(+6),montmorillonite,,U(+6),kdse04,kdse04_f1d,15,Cl(+7)+Na(+1),6.3005,2.5,1.00099e-06,,2.31
montmorillonite-*-U(+6),montmorillonite,,U(+6),kdse04,kdse04_f1d,16,Cl(+7)+Na(+1),6.44123,2.5,9.9802e-07,,2.31
montmorillonite-*-U(+6),montmorillonite,,U(+6),kdse04,kdse04_f1d,17,Cl(+7)+Na(+1),6.56954,2.5,9.9802e-07,,2.31
montmorillonite-*-U(+6),montmorillonite,,U(+6),kdse04,kdse04_f1d,18,Cl(+7)+Na(+1),7.12417,2.5,9.9802e-07,,2.31
montmorillonite-*-U(+6),montmorillonite,,U(+6),kdse04,kdse04_f2a,1,Cl(+7)+Na(+1),2.06105,12.5,1.7453e-05,,2.31
montmorillonite-*-U(+6),montmorillonite,,U(+6),kdse04,kdse04_f2a,2,Cl(+7)+Na(+1),2.32317,12.5,1.8637e-05,,2.31
montmorillonite-*-U(+6),montmorillonite,,U(+6),kdse04,kdse04_f2a,3,Cl(+7)+Na(+1),2.84749,12.5,2.1788e-05,,2.31
montmorillonite-*-U(+6),montmorillonite,,U(+6),kdse04,kdse04_f2a,4,Cl(+7)+Na(+1),3.31773,12.5,2.788e-05,,2.31
montmorillonite-*-U(+6),montmorillonite,,U(+6),kdse04,kdse04_f2a,5,Cl(+7)+Na(+1),3.36677,12.5,2.3862e-05,,2.31
montmorillonite-*-U(+6),montmorillonite,,U(+6),kdse04,kdse04_f2a,6,Cl(+7)+Na(+1),3.74329,12.5,3.2108e-05,,2.31
montmorillonite-*-U(+6),montmorillonite,,U(+6),kdse04,kdse04_f2a,7,Cl(+7)+Na(+1),4.2491,12.5,4.8004e-05,,2.31
montmorillonite-*-U(+6),montmorillonite,,U(+6),kdse04,kdse04_f2a,8,Cl(+7)+Na(+1),4.37265,12.5,4.7615e-05,,2.31
montmorillonite-*-U(+6),montmorillonite,,U(+6),kdse04,kdse04_f2a,9,Cl(+7)+Na(+1),4.57202,12.5,6.419e-05,,2.31
montmorillonite-*-U(+6),montmorillonite,,U(+6),kdse04,kdse04_f2a,10,Cl(+7)+Na(+1),4.92865,12.5,7.116e-05,,2.31
montmorillonite-*-U(+6),montmorillonite,,U(+6),kdse04,kdse04_f2a,11,Cl(+7)+Na(+1),5.06829,12.5,8.3517e-05,,2.31
montmorillonite-*-U(+6),montmorillonite,,U(+6),kdse04,kdse04_f2a,12,Cl(+7)+Na(+1),5.51386,12.5,9.0196e-05,,2.31
montmorillonite-*-U(+6),montmorillonite,,U(+6),kdse04,kdse04_f2a,13,Cl(+7)+Na(+1),5.68237,12.5,9.4515e-05,,2.31
montmorillonite-*-U(+6),montmorillonite,,U(+6),kdse04,kdse04_f2a,14,Cl(+7)+Na(+1),5.91976,12.5,9.56e-05,,2.31
montmorillonite-*-U(+6),montmorillonite,,U(+6),kdse04,kdse04_f2a,15,Cl(+7)+Na(+1),6.07802,12.5,9.6291e-05,,2.31
montmorillonite-*-U(+6),montmorillonite,,U(+6),kdse04,kdse04_f2a,16,Cl(+7)+Na(+1),6.15713,12.5,9.6391e-05,,2.31
montmorillonite-*-U(+6),montmorillonite,,U(+6),kdse04,kdse04_f2a,17,Cl(+7)+Na(+1),6.23622,12.5,9.6295e-05,,2.31
montmorillonite-*-U(+6),montmorillonite,,U(+6),kdse04,kdse04_f2a,18,Cl(+7)+Na(+1),6.42426,12.5,9.8261e-05,,2.31
montmorillonite-*-U(+6),montmorillonite,,U(+6),kdse04,kdse04_f2a,19,Cl(+7)+Na(+1),6.67153,12.5,9.915e-05,,2.31
montmorillonite-*-U(+6),montmorillonite,,U(+6),kdse04,kdse04_f2a,20,Cl(+7)+Na(+1),7.09169,12.5,9.877e-05,,2.31
montmorillonite-*-U(+6),montmorillonite,,U(+6),kdse04,kdse04_f2a,21,Cl(+7)+Na(+1),7.31907,12.5,9.858e-05,,2.31
montmorillonite-*-U(+6),montmorillonite,,U(+6),kdse04,kdse04_f2a,22,Cl(+7)+Na(+1),7.91724,12.5,9.8695e-05,,2.31
montmorillonite-*-U(+6),montmorillonite,,U(+6),kdse04,kdse04_f2a,23,Cl(+7)+Na(+1),8.3425,12.5,9.9884e-05,,2.31
montmorillonite-*-U(+6),montmorillonite,,U(+6),mbdsb12,mbdsb12_f1a,1,Cl(+7)+Na(+1),2.74439,2.5,7.58569e-09,,2.31
montmorillonite-*-U(+6),montmorillonite,,U(+6),mbdsb12,mbdsb12_f1a,2,Cl(+7)+Na(+1),2.75785,2.5,9.76208e-09,,2.31
montmorillonite-*-U(+6),montmorillonite,,U(+6),mbdsb12,mbdsb12_f1a,3,Cl(+7)+Na(+1),3.21525,2.5,1.66731e-08,,2.31
montmorillonite-*-U(+6),montmorillonite,,U(+6),mbdsb12,mbdsb12_f1a,4,Cl(+7)+Na(+1),3.24664,2.5,1.52831e-08,,2.31
montmorillonite-*-U(+6),montmorillonite,,U(+6),mbdsb12,mbdsb12_f1a,5,Cl(+7)+Na(+1),3.25561,2.5,1.81588e-08,,2.31
montmorillonite-*-U(+6),montmorillonite,,U(+6),mbdsb12,mbdsb12_f1a,6,Cl(+7)+Na(+1),3.97758,2.5,5.46016e-08,,2.31
montmorillonite-*-U(+6),montmorillonite,,U(+6),mbdsb12,mbdsb12_f1a,7,Cl(+7)+Na(+1),3.98206,2.5,5.70482e-08,,2.31
montmorillonite-*-U(+6),montmorillonite,,U(+6),mbdsb12,mbdsb12_f1a,8,Cl(+7)+Na(+1),3.98655,2.5,5.60372e-08,,2.31
montmorillonite-*-U(+6),montmorillonite,,U(+6),mbdsb12,mbdsb12_f1a,9,Cl(+7)+Na(+1),4.78475,2.5,7.05681e-08,,2.31
montmorillonite-*-U(+6),montmorillonite,,U(+6),mbdsb12,mbdsb12_f1a,10,Cl(+7)+Na(+1),4.79372,2.5,7.02732e-08,,2.31
montmorillonite-*-U(+6),montmorillonite,,U(+6),mbdsb12,mbdsb12_f1a,11,Cl(+7)+Na(+1),4.80269,2.5,6.66547e-08,,2.31
montmorillonite-*-U(+6),montmorillonite,,U(+6),mbdsb12,mbdsb12_f1a,12,Cl(+7)+Na(+1),5.57399,2.5,8.95041e-08,,2.31
montmorillonite-*-U(+6),montmorillonite,,U(+6),mbdsb12,mbdsb12_f1a,13,Cl(+7)+Na(+1),5.61883,2.5,8.94848e-08,,2.31
montmorillonite-*-U(+6),montmorillonite,,U(+6),mbdsb12,mbdsb12_f1a,14,Cl(+7)+Na(+1),5.63229,2.5,8.93137e-08,,2.31
montmorillonite-*-U(+6),montmorillonite,,U(+6),mbdsb12,mbdsb12_f1a,15,Cl(+7)+Na(+1),6.04484,2.5,8.96385e-08,,2.31
montmorillonite-*-U(+6),montmorillonite,,U(+6),mbdsb12,mbdsb12_f1a,16,Cl(+7)+Na(+1),6.06278,2.5,8.95704e-08,,2.31
montmorillonite-*-U(+6),montmorillonite,,U(+6),mbdsb12,mbdsb12_f1a,17,Cl(+7)+Na(+1),6.08072,2.5,8.96059e-08,,2.31
montmorillonite-*-U(+6),montmorillonite,,U(+6),mbdsb12,mbdsb12_f1a,18,Cl(+7)+Na(+1),6.52018,2.5,8.94994e-08,,2.31
montmorillonite-*-U(+6),montmorillonite,,U(+6),mbdsb12,mbdsb12_f1a,19,Cl(+7)+Na(+1),6.60987,2.5,8.94994e-08,,2.31
montmorillonite-*-U(+6),montmorillonite,,U(+6),mbdsb12,mbdsb12_f1a,20,Cl(+7)+Na(+1),6.67265,2.5,8.94994e-08,,2.31
montmorillonite-*-U(+6),montmorillonite,,U(+6),mbdsb12,mbdsb12_f1a,21,Cl(+7)+Na(+1),7.02691,2.5,8.93137e-08,,2.31
montmorillonite-*-U(+6),montmorillonite,,U(+6),mbdsb12,mbdsb12_f1a,22,Cl(+7)+Na(+1),7.08072,2.5,8.93519e-08,,2.31
montmorillonite-*-U(+6),montmorillonite,,U(+6),mbdsb12,mbdsb12_f1a,23,Cl(+7)+Na(+1),7.48879,2.5,8.85858e-08,,2.31
montmorillonite-*-U(+6),montmorillonite,,U(+6),mbdsb12,mbdsb12_f1a,24,Cl(+7)+Na(+1),7.49327,2.5,8.87616e-08,,2.31
montmorillonite-*-U(+6),montmorillonite,,U(+6),mbdsb12,mbdsb12_f1a,25,Cl(+7)+Na(+1),7.5426,2.5,8.88738e-08,,2.31
montmorillonite-*-U(+6),montmorillonite,,U(+6),mbdsb12,mbdsb12_f1a,26,Cl(+7)+Na(+1),7.88341,2.5,8.85724e-08,,2.31
montmorillonite-*-U(+6),montmorillonite,,U(+6),mbdsb12,mbdsb12_f1a,27,Cl(+7)+Na(+1),7.88789,2.5,8.83702e-08,,2.31
montmorillonite-*-U(+6),montmorillonite,,U(+6),mbdsb12,mbdsb12_f1a,28,Cl(+7)+Na(+1),7.90135,2.5,8.86766e-08,,2.31
montmorillonite-*-U(+6),montmorillonite,,U(+6),mbdsb12,mbdsb12_f1a,29,Cl(+7)+Na(+1),7.99552,2.5,8.82089e-08,,2.31
montmorillonite-*-U(+6),montmorillonite,,U(+6),mbdsb12,mbdsb12_f1a,30,Cl(+7)+Na(+1),8.01345,2.5,8.88077e-08,,2.31
montmorillonite-*-U(+6),montmorillonite,,U(+6),mbdsb12,mbdsb12_f1a,31,Cl(+7)+Na(+1),8.03139,2.5,8.88301e-08,,2.31
montmorillonite-*-U(+6),montmorillonite,,U(+6),mbdsb12,mbdsb12_f1a,32,Cl(+7)+Na(+1),8.75336,2.5,8.57012e-08,,2.31
montmorillonite-*-U(+6),montmorillonite,,U(+6),mbdsb12,mbdsb12_f1a,33,Cl(+7)+Na(+1),8.86099,2.5,8.69451e-08,,2.31
montmorillonite-*-U(+6),montmorillonite,,U(+6),mbdsb12,mbdsb12_f1a,34,Cl(+7)+Na(+1),8.92377,2.5,8.69733e-08,,2.31
montmorillonite-*-U(+6),montmorillonite,,U(+6),mbdsb12,mbdsb12_f1a,35,Cl(+7)+Na(+1),9.00448,2.5,8.77971e-08,,2.31
montmorillonite-*-U(+6),montmorillonite,,U(+6),mbdsb12,mbdsb12_f1a,36,Cl(+7)+Na(+1),9.01794,2.5,8.78783e-08,,2.31
montmorillonite-*-U(+6),montmorillonite,,U(+6),mbdsb12,mbdsb12_f1a,37,Cl(+7)+Na(+1),9.36323,2.5,8.4504e-08,,2.31
montmorillonite-*-U(+6),montmorillonite,,U(+6),mbdsb12,mbdsb12_f1a,38,Cl(+7)+Na(+1),9.38565,2.5,8.60056e-08,,2.31
montmorillonite-*-U(+6),montmorillonite,,U(+6),mbdsb12,mbdsb12_f1d,1,Cl(+7)+Na(+1),8.0,2.5,2.86154e-07,,2.31
montmorillonite-*-U(+6),montmorillonite,,U(+6),mbdsb12,mbdsb12_f1d,2,Cl(+7)+Na(+1),8.0,2.5,2.82293e-07,,2.31
montmorillonite-*-U(+6),montmorillonite,,U(+6),mbdsb12,mbdsb12_f1d,3,Cl(+7)+Na(+1),8.0,2.5,4.71194e-07,,2.31
montmorillonite-*-U(+6),montmorillonite,,U(+6),mbdsb12,mbdsb12_f1d,4,Cl(+7)+Na(+1),8.0,2.5,4.52376e-07,,2.31
montmorillonite-*-U(+6),montmorillonite,,U(+6),mbdsb12,mbdsb12_f1d,5,Cl(+7)+Na(+1),8.0,2.5,6.8691e-07,,2.31
montmorillonite-*-U(+6),montmorillonite,,U(+6),mbdsb12,mbdsb12_f1d,6,Cl(+7)+Na(+1),8.0,2.5,1.17733e-06,,2.31
montmorillonite-*-U(+6),montmorillonite,,U(+6),mbdsb12,mbdsb12_f1d,7,Cl(+7)+Na(+1),8.0,2.5,1.24251e-06,,2.31
montmorillonite-*-U(+6),montmorillonite,,U(+6),mbdsb12,mbdsb12_f1d,8,Cl(+7)+Na(+1),8.0,2.5,1.60509e-06,,2.31
montmorillonite-*-U(+6),montmorillonite,,U(+6),mbdsb12,mbdsb12_f1d,9,Cl(+7)+Na(+1),8.0,2.5,1.64892e-06,,2.31
montmorillonite-*-U(+6),montmorillonite,,U(+6),mbdsb12,mbdsb12_f1d,10,Cl(+7)+Na(+1),8.0,2.5,1.32892e-06,,2.31
montmorillonite-*-U(+6),montmorillonite,,U(+6),mbdsb12,mbdsb12_f1d,11,Cl(+7)+Na(+1),8.0,2.5,2.10136e-06,,2.31
montmorillonite-*-U(+6),montmorillonite,,U(+6),mbdsb12,mbdsb12_f1d,12,Cl(+7)+Na(+1),8.0,2.5,2.30887e-06,,2.31
montmorillonite-*-U(+6),montmorillonite,,U(+6),mbdsb12,mbdsb12_f1d,13,Cl(+7)+Na(+1),8.0,2.5,2.33991e-06,,2.31
montmorillonite-*-U(+6),montmorillonite,,U(+6),mbdsb12,mbdsb12_f1d,14,Cl(+7)+Na(+1),8.0,2.5,5.39511e-06,,2.31
montmorillonite-*-U(+6),montmorillonite,,U(+6),mbdsb12,mbdsb12_f1d,15,Cl(+7)+Na(+1),8.0,2.5,5.32108e-06,,2.31
montmorillonite-*-U(+6),montmorillonite,,U(+6),mbdsb12,mbdsb12_f1d,16,Cl(+7)+Na(+1),8.0,2.5,4.84172e-06,,2.31
montmorillonite-*-U(+6),montmorillonite,,U(+6),mbdsb12,mbdsb12_f1d,17,Cl(+7)+Na(+1),8.0,2.5,7.55266e-06,,2.31
montmorillonite-*-U(+6),montmorillonite,,U(+6),mbdsb12,mbdsb12_f1d,18,Cl(+7)+Na(+1),8.0,2.5,7.6542e-06,,2.31
montmorillonite-*-U(+6),montmorillonite,,U(+6),mbdsb12,mbdsb12_f1d,19,Cl(+7)+Na(+1),8.0,2.5,9.36915e-06,,2.31
montmorillonite-*-U(+6),montmorillonite,,U(+6),mbdsb12,mbdsb12_f1d,20,Cl(+7)+Na(+1),8.0,2.5,9.36699e-06,,2.31
montmorillonite-*-U(+6),montmorillonite,,U(+6),mbdsb12,mbdsb12_f1d,21,Cl(+7)+Na(+1),8.0,2.5,1.54348e-05,,2.31
montmorillonite-*-U(+6),montmorillonite,,U(+6),mbdsb12,mbdsb12_f1d,22,Cl(+7)+Na(+1),8.0,2.5,7.44732e-06,,2.31
montmorillonite-*-U(+6),montmorillonite,,U(+6),mbdsb12,mbdsb12_f1d,23,Cl(+7)+Na(+1),8.0,2.5,9.35837e-06,,2.31
montmorillonite-*-U(+6),montmorillonite,,U(+6),mbdsb12,mbdsb12_f1d,24,Cl(+7)+Na(+1),8.0,2.5,9.35621e-06,,2.31
montmorillonite-*-U(+6),montmorillonite,,U(+6),mbdsb12,mbdsb12_f1d,25,Cl(+7)+Na(+1),8.0,2.5,1.38293e-05,,2.31
montmorillonite-*-U(+6),montmorillonite,,U(+6),mbdsb12,mbdsb12_f2a,1,Cl(+7)+Na(+1),4.0735,2.5,7.29557e-08,,2.31
montmorillonite-*-U(+6),montmorillonite,,U(+6),mbdsb12,mbdsb12_f2a,2,Cl(+7)+Na(+1),4.084,2.5,7.544e-08,,2.31
montmorillonite-*-U(+6),montmorillonite,,U(+6),mbdsb12,mbdsb12_f2a,3,Cl(+7)+Na(+1),4.2572,2.5,7.3901e-08,,2.31
montmorillonite-*-U(+6),montmorillonite,,U(+6),mbdsb12,mbdsb12_f2a,4,Cl(+7)+Na(+1),5.0499,2.5,8.84524e-08,,2.31
montmorillonite-*-U(+6),montmorillonite,,U(+6),mbdsb12,mbdsb12_f2a,5,Cl(+7)+Na(+1),5.0656,2.5,8.73431e-08,,2.31
montmorillonite-*-U(+6),montmorillonite,,U(+6),mbdsb12,mbdsb12_f2a,6,Cl(+7)+Na(+1),5.6693,2.5,8.97097e-08,,2.31
montmorillonite-*-U(+6),montmorillonite,,U(+6),mbdsb12,mbdsb12_f2a,7,Cl(+7)+Na(+1),5.7165,2.5,8.97976e-08,,2.31
montmorillonite-*-U(+6),montmorillonite,,U(+6),mbdsb12,mbdsb12_f2a,8,Cl(+7)+Na(+1),6.0682,2.5,8.97975e-08,,2.31
montmorillonite-*-U(+6),montmorillonite,,U(+6),mbdsb12,mbdsb12_f2a,9,Cl(+7)+Na(+1),6.1155,2.5,8.97974e-08,,2.31
montmorillonite-*-U(+6),montmorillonite,,U(+6),mbdsb12,mbdsb12_f2a,10,Cl(+7)+Na(+1),6.147,2.5,8.97783e-08,,2.31
montmorillonite-*-U(+6),montmorillonite,,U(+6),mbdsb12,mbdsb12_f2a,11,Cl(+7)+Na(+1),6.5407,2.5,8.97522e-08,,2.31
montmorillonite-*-U(+6),montmorillonite,,U(+6),mbdsb12,mbdsb12_f2a,12,Cl(+7)+Na(+1),6.6247,2.5,8.98012e-08,,2.31
montmorillonite-*-U(+6),montmorillonite,,U(+6),mbdsb12,mbdsb12_f2a,13,Cl(+7)+Na(+1),6.6404,2.5,8.9709e-08,,2.31
montmorillonite-*-U(+6),montmorillonite,,U(+6),mbdsb12,mbdsb12_f2a,14,Cl(+7)+Na(+1),7.0551,2.5,8.94794e-08,,2.31
montmorillonite-*-U(+6),montmorillonite,,U(+6),mbdsb12,mbdsb12_f2a,15,Cl(+7)+Na(+1),7.1969,2.5,8.92831e-08,,2.31
montmorillonite-*-U(+6),montmorillonite,,U(+6),mbdsb12,mbdsb12_f2a,16,Cl(+7)+Na(+1),7.2756,2.5,8.95426e-08,,2.31
montmorillonite-*-U(+6),montmorillonite,,U(+6),mbdsb12,mbdsb12_f2a,17,Cl(+7)+Na(+1),7.6483,2.5,8.8194e-08,,2.31
montmorillonite-*-U(+6),montmorillonite,,U(+6),mbdsb12,mbdsb12_f2a,18,Cl(+7)+Na(+1),7.6745,2.5,8.8176e-08,,2.31
montmorillonite-*-U(+6),montmorillonite,,U(+6),mbdsb12,mbdsb12_f2a,19,Cl(+7)+Na(+1),7.7743,2.5,8.78646e-08,,2.31
montmorillonite-*-U(+6),montmorillonite,,U(+6),mbdsb12,mbdsb12_f2a,20,Cl(+7)+Na(+1),7.9948,2.5,7.70798e-08,,2.31
montmorillonite-*-U(+6),montmorillonite,,U(+6),mbdsb12,mbdsb12_f2a,21,Cl(+7)+Na(+1),8.0367,2.5,7.63967e-08,,2.31
montmorillonite-*-U(+6),montmorillonite,,U(+6),mbdsb12,mbdsb12_f2a,22,Cl(+7)+Na(+1),8.1102,2.5,7.61605e-08,,2.31
montmorillonite-*-U(+6),montmorillonite,,U(+6),mbdsb12,mbdsb12_f2a,23,Cl(+7)+Na(+1),8.5092,2.5,1.53251e-08,,2.31
montmorillonite-*-U(+6),montmorillonite,,U(+6),mbdsb12,mbdsb12_f2a,24,Cl(+7)+Na(+1),8.6562,2.5,1.58386e-08,,2.31
montmorillonite-*-U(+6),montmorillonite,,U(+6),mbdsb12,mbdsb12_f2a,25,Cl(+7)+Na(+1),8.6614,2.5,1.26e-08,,2.31
montmorillonite-*-U(+6),montmorillonite,,U(+6),mbdsb12,mbdsb12_f2a,26,Cl(+7)+Na(+1),9.2231,2.5,1.93562e-09,,2.31
montmorillonite-*-U(+6),montmorillonite,,U(+6),mbdsb12,mbdsb12_f2a,27,Cl(+7)+Na(+1),9.2861,2.5,2.03283e-09,,2.31
montmorillonite-*-U(+6),montmorillonite,,U(+6),mbdsb12,mbdsb12_f2a,28,Cl(+7)+Na(+1),9.2966,2.5,1.58894e-09,,2.31
montmorillonite-*-U(+6),montmorillonite,,U(+6),mbdsb12,mbdsb12_f2a,29,Cl(+7)+Na(+1),9.8268,2.5,3.06067e-09,,2.31
montmorillonite-*-U(+6),montmorillonite,,U(+6),mbdsb12,mbdsb12_f2a,30,Cl(+7)+Na(+1),9.832,2.5,5.5852e-10,,2.31
montmorillonite-*-U(+6),montmorillonite,,U(+6),mbdsb12,mbdsb12_f5,1,Cl(+7)+Na(+1),8.0,2.5,4.35442e-08,,2.31
montmorillonite-*-U(+6),montmorillonite,,U(+6),mbdsb12,mbdsb12_f5,2,Cl(+7)+Na(+1),8.0,2.5,4.271e-08,,2.31
montmorillonite-*-U(+6),montmorillonite,,U(+6),mbdsb12,mbdsb12_f5,3,Cl(+7)+Na(+1),8.0,2.5,9.00596e-08,,2.31
montmorillonite-*-U(+6),montmorillonite,,U(+6),mbdsb12,mbdsb12_f5,4,Cl(+7)+Na(+1),8.0,2.5,9.18819e-08,,2.31
montmorillonite-*-U(+6),montmorillonite,,U(+6),mbdsb12,mbdsb12_f5,5,Cl(+7)+Na(+1),8.0,2.5,1.82738e-07,,2.31
montmorillonite-*-U(+6),montmorillonite,,U(+6),mbdsb12,mbdsb12_f5,6,Cl(+7)+Na(+1),8.0,2.5,2.76013e-07,,2.31
montmorillonite-*-U(+6),montmorillonite,,U(+6),mbdsb12,mbdsb12_f5,7,Cl(+7)+Na(+1),8.0,2.5,3.63354e-07,,2.31
montmorillonite-*-U(+6),montmorillonite,,U(+6),mbdsb12,mbdsb12_f5,8,Cl(+7)+Na(+1),8.0,2.5,3.63354e-07,,2.31
montmorillonite-*-U(+6),montmorillonite,,U(+6),mbdsb12,mbdsb12_f5,9,Cl(+7)+Na(+1),8.0,2.5,8.62442e-07,,2.31
montmorillonite-*-U(+6),montmorillonite,,U(+6),mbdsb12,mbdsb12_f5,10,Cl(+7)+Na(+1),8.0,2.5,1.68202e-06,,2.31
montmorillonite-*-U(+6),montmorillonite,,U(+6),mbdsb12,mbdsb12_f5,11,Cl(+7)+Na(+1),8.0,2.5,2.64259e-06,,2.31
montmorillonite-*-U(+6),montmorillonite,,U(+6),mbdsb12,mbdsb12_f5,12,Cl(+7)+Na(+1),8.0,2.5,3.41216e-06,,2.31
montmorillonite-*-U(+6),montmorillonite,,U(+6),mbdsb12,mbdsb12_f5,13,Cl(+7)+Na(+1),8.0,2.5,3.9942e-06,,2.31
montmorillonite-*-U(+6),montmorillonite,,U(+6),mbdsb12,mbdsb12_f5,14,Cl(+7)+Na(+1),8.0,2.5,4.23672e-06,,2.31
montmorillonite-*-U(+6),montmorillonite,,U(+6),mbdsb12,mbdsb12_f5,15,Cl(+7)+Na(+1),8.0,2.5,6.27524e-06,,2.31
montmorillonite-*-U(+6),montmorillonite,,U(+6),mbdsb12,mbdsb12_f5,16,Cl(+7)+Na(+1),8.0,2.5,8.42617e-06,,2.31
montmorillonite-*-U(+6),montmorillonite,,U(+6),mbdsb12,mbdsb12_f5,17,Cl(+7)+Na(+1),8.0,2.5,1.61076e-05,,2.31
montmorillonite-*-U(+6),montmorillonite,,U(+6),mbdsb12,mbdsb12_f5,18,Cl(+7)+Na(+1),8.0,2.5,2.2046e-05,,2.31
montmorillonite-*-U(+6),montmorillonite,,U(+6),mbdsb12,mbdsb12_f5,19,Cl(+7)+Na(+1),8.0,2.5,1.77758e-05,,2.31
montmorillonite-*-U(+6),montmorillonite,,U(+6),mbdsb12,mbdsb12_f5,20,Cl(+7)+Na(+1),8.0,2.5,2.73861e-05,,2.31
montmorillonite-*-U(+6),montmorillonite,,U(+6),mbdsb12,mbdsb12_f5,21,Cl(+7)+Na(+1),8.0,2.5,2.29631e-05,,2.31
montmorillonite-*-U(+6),montmorillonite,,U(+6),mzst95,mzst95_f4a,1,Cl(+7)+Na(+1),4.10326,0.025,7.90457e-06,,2.31
montmorillonite-*-U(+6),montmorillonite,,U(+6),mzst95,mzst95_f4a,2,Cl(+7)+Na(+1),4.10367,0.025,7.7469e-06,,2.31
montmorillonite-*-U(+6),montmorillonite,,U(+6),mzst95,mzst95_f4a,3,Cl(+7)+Na(+1),4.60426,0.025,7.85954e-06,,2.31
montmorillonite-*-U(+6),montmorillonite,,U(+6),mzst95,mzst95_f4a,4,Cl(+7)+Na(+1),5.00781,0.025,7.79192e-06,,2.31
montmorillonite-*-U(+6),montmorillonite,,U(+6),mzst95,mzst95_f4a,5,Cl(+7)+Na(+1),5.10101,0.025,7.7469e-06,,2.31
montmorillonite-*-U(+6),montmorillonite,,U(+6),mzst95,mzst95_f4a,6,Cl(+7)+Na(+1),5.50468,0.025,7.63434e-06,,2.31
montmorillonite-*-U(+6),montmorillonite,,U(+6),mzst95,mzst95_f4a,7,Cl(+7)+Na(+1),5.60244,0.025,7.54421e-06,,2.31
montmorillonite-*-U(+6),montmorillonite,,U(+6),mzst95,mzst95_f4a,8,Cl(+7)+Na(+1),6.00649,0.025,7.28524e-06,,2.31
montmorillonite-*-U(+6),montmorillonite,,U(+6),mzst95,mzst95_f4a,9,Cl(+7)+Na(+1),6.10412,0.025,7.24021e-06,,2.31
montmorillonite-*-U(+6),montmorillonite,,U(+6),mzst95,mzst95_f4a,10,Cl(+7)+Na(+1),6.40709,0.025,6.65473e-06,,2.31
montmorillonite-*-U(+6),montmorillonite,,U(+6),mzst95,mzst95_f4a,11,Cl(+7)+Na(+1),6.50035,0.025,6.58711e-06,,2.31
montmorillonite-*-U(+6),montmorillonite,,U(+6),mzst95,mzst95_f4a,12,Cl(+7)+Na(+1),6.70553,0.025,6.10294e-06,,2.31
montmorillonite-*-U(+6),montmorillonite,,U(+6),mzst95,mzst95_f4a,13,Cl(+7)+Na(+1),6.71017,0.025,6.02414e-06,,2.31
montmorillonite-*-U(+6),montmorillonite,,U(+6),mzst95,mzst95_f4a,14,Cl(+7)+Na(+1),6.81185,0.025,6.12545e-06,,2.31
montmorillonite-*-U(+6),montmorillonite,,U(+6),mzst95,mzst95_f4a,15,Cl(+7)+Na(+1),6.90494,0.025,6.12545e-06,,2.31
montmorillonite-*-U(+6),montmorillonite,,U(+6),mzst95,mzst95_f4a,16,Cl(+7)+Na(+1),7.00695,0.025,6.10294e-06,,2.31
montmorillonite-*-U(+6),montmorillonite,,U(+6),mzst95,mzst95_f4a,17,Cl(+7)+Na(+1),7.40431,0.025,6.69976e-06,,2.31
montmorillonite-*-U(+6),montmorillonite,,U(+6),mzst95,mzst95_f4a,18,Cl(+7)+Na(+1),7.40966,0.025,6.35065e-06,,2.31
montmorillonite-*-U(+6),montmorillonite,,U(+6),mzst95,mzst95_f4b,1,Cl(+7)+Na(+1),4.40943,0.25,6.10294e-06,,2.31
montmorillonite-*-U(+6),montmorillonite,,U(+6),mzst95,mzst95_f4b,2,Cl(+7)+Na(+1),4.90556,0.25,6.22684e-06,,2.31
montmorillonite-*-U(+6),montmorillonite,,U(+6),mzst95,mzst95_f4b,3,Cl(+7)+Na(+1),4.91032,0.25,6.10294e-06,,2.31
montmorillonite-*-U(+6),montmorillonite,,U(+6),mzst95,mzst95_f4b,4,Cl(+7)+Na(+1),5.7081,0.25,6.1367e-06,,2.31
montmorillonite-*-U(+6),montmorillonite,,U(+6),mzst95,mzst95_f4b,5,Cl(+7)+Na(+1),5.7084,0.25,6.02414e-06,,2.31
montmorillonite-*-U(+6),montmorillonite,,U(+6),mzst95,mzst95_f4b,6,Cl(+7)+Na(+1),6.20488,0.25,6.01289e-06,,2.31
montmorillonite-*-U(+6),montmorillonite,,U(+6),mzst95,mzst95_f4b,7,Cl(+7)+Na(+1),6.30713,0.25,5.90024e-06,,2.31
montmorillonite-*-U(+6),montmorillonite,,U(+6),mzst95,mzst95_f4b,8,Cl(+7)+Na(+1),6.31581,0.25,5.96786e-06,,2.31
montmorillonite-*-U(+6),montmorillonite,,U(+6),mzst95,mzst95_f4b,9,Cl(+7)+Na(+1),6.51094,0.25,5.93401e-06,,2.31
montmorillonite-*-U(+6),montmorillonite,,U(+6),mzst95,mzst95_f4b,10,Cl(+7)+Na(+1),7.1034,0.25,6.50832e-06,,2.31
montmorillonite-*-U(+6),montmorillonite,,U(+6),mzst95,mzst95_f4b,11,Cl(+7)+Na(+1),7.10399,0.25,6.28312e-06,,2.31
montmorillonite-*-U(+6),montmorillonite,,U(+6),mzst95,mzst95_f4b,12,Cl(+7)+Na(+1),7.20532,0.25,6.51958e-06,,2.31
montmorillonite-*-U(+6),montmorillonite,,U(+6),mzst95,mzst95_f4b,13,Cl(+7)+Na(+1),7.30771,0.25,6.35065e-06,,2.31
montmorillonite-*-U(+6),montmorillonite,,U(+6),mzst95,mzst95_f4b,14,Cl(+7)+Na(+1),7.39937,0.25,6.89119e-06,,2.31
montmorillonite-*-U(+6),montmorillonite,,U(+6),mzst95,mzst95_f4b,15,Cl(+7)+Na(+1),7.69969,0.25,7.30775e-06,,2.31
montmorillonite-*-U(+6),montmorillonite,,U(+6),mzst95,mzst95_f4b,16,Cl(+7)+Na(+1),7.9957,0.25,7.67936e-06,,2.31
montmorillonite-*-U(+6),montmorillonite,,U(+6),mzst95,mzst95_f4b,17,Cl(+7)+Na(+1),8.09759,0.25,7.70188e-06,,2.31
montmorillonite-*-U(+6),montmorillonite,,U(+6),mzst95,mzst95_f4c,1,Cl(+7)+Na(+1),4.19878,2.5,2.58972e-07,,2.31
montmorillonite-*-U(+6),montmorillonite,,U(+6),mzst95,mzst95_f4c,2,Cl(+7)+Na(+1),4.19899,2.5,1.8018e-07,,2.31
montmorillonite-*-U(+6),montmorillonite,,U(+6),mzst95,mzst95_f4c,3,Cl(+7)+Na(+1),4.80859,2.5,9.79608e-07,,2.31
montmorillonite-*-U(+6),montmorillonite,,U(+6),mzst95,mzst95_f4c,4,Cl(+7)+Na(+1),4.80894,2.5,8.44536e-07,,2.31
montmorillonite-*-U(+6),montmorillonite,,U(+6),mzst95,mzst95_f4c,5,Cl(+7)+Na(+1),5.10846,2.5,1.56517e-06,,2.31
montmorillonite-*-U(+6),montmorillonite,,U(+6),mzst95,mzst95_f4c,6,Cl(+7)+Na(+1),5.10852,2.5,1.54266e-06,,2.31
montmorillonite-*-U(+6),montmorillonite,,U(+6),mzst95,mzst95_f4c,7,Cl(+7)+Na(+1),5.60111,2.5,3.00644e-06,,2.31
montmorillonite-*-U(+6),montmorillonite,,U(+6),mzst95,mzst95_f4c,8,Cl(+7)+Na(+1),5.6051,2.5,3.17537e-06,,2.31
montmorillonite-*-U(+6),montmorillonite,,U(+6),mzst95,mzst95_f4c,9,Cl(+7)+Na(+1),6.30215,2.5,4.4252e-06,,2.31
montmorillonite-*-U(+6),montmorillonite,,U(+6),mzst95,mzst95_f4c,10,Cl(+7)+Na(+1),6.30221,2.5,4.40269e-06,,2.31
montmorillonite-*-U(+6),montmorillonite,,U(+6),mzst95,mzst95_f4c,11,Cl(+7)+Na(+1),7.10842,2.5,6.28312e-06,,2.31
montmorillonite-*-U(+6),montmorillonite,,U(+6),mzst95,mzst95_f4c,12,Cl(+7)+Na(+1),7.49552,2.5,7.40914e-06,,2.31
montmorillonite-*-U(+6),montmorillonite,,U(+6),mzst95,mzst95_f4c,13,Cl(+7)+Na(+1),7.4996,2.5,7.54421e-06,,2.31
montmorillonite-*-U(+6),montmorillonite,,U(+6),bb05,bb05_fa5aapsi,1,Cl(+7)+Na(+1),2.64,0.25,9.67167e-08,,2.31
montmorillonite-*-U(+6),montmorillonite,,U(+6),bb05,bb05_fa5aapsi,2,Cl(+7)+Na(+1),2.66,0.25,9.80815e-08,,2.31
montmorillonite-*-U(+6),montmorillonite,,U(+6),bb05,bb05_fa5aapsi,3,Cl(+7)+Na(+1),4.05,0.25,1.28029e-07,,2.31
montmorillonite-*-U(+6),montmorillonite,,U(+6),bb05,bb05_fa5aapsi,4,Cl(+7)+Na(+1),4.05,0.25,1.22991e-07,,2.31
montmorillonite-*-U(+6),montmorillonite,,U(+6),bb05,bb05_fa5aapsi,5,Cl(+7)+Na(+1),4.87,0.25,1.37604e-07,,2.31
montmorillonite-*-U(+6),montmorillonite,,U(+6),bb05,bb05_fa5aapsi,6,Cl(+7)+Na(+1),5.93,0.25,1.39701e-07,,2.31
montmorillonite-*-U(+6),montmorillonite,,U(+6),bb05,bb05_fa5aapsi,7,Cl(+7)+Na(+1),5.93,0.25,1.39727e-07,,2.31
montmorillonite-*-U(+6),montmorillonite,,U(+6),bb05,bb05_fa5aapsi,8,Cl(+7)+Na(+1),6.92,0.25,1.39597e-07,,2.31
montmorillonite-*-U(+6),montmorillonite,,U(+6),bb05,bb05_fa5aapsi,9,Cl(+7)+Na(+1),6.93,0.25,1.39615e-07,,2.31
montmorillonite-*-U(+6),montmorillonite,,U(+6),bb05,bb05_fa5aapsi,10,Cl(+7)+Na(+1),6.99,0.25,1.39615e-07,,2.31
montmorillonite-*-U(+6),montmorillonite,,U(+6),bb05,bb05_fa5aapsi,11,Cl(+7)+Na(+1),8.1,0.25,1.38703e-07,,2.31
montmorillonite-*-U(+6),montmorillonite,,U(+6),bb05,bb05_fa5aapsi,12,Cl(+7)+Na(+1),8.15,0.25,1.38843e-07,,2.31
montmorillonite-*-U(+6),montmorillonite,,U(+6),bb05,bb05_fa5aapsi,13,Cl(+7)+Na(+1),9.36,0.25,1.35194e-07,,2.31
montmorillonite-*-U(+6),montmorillonite,,U(+6),bb05,bb05_fa5aapsi,14,Cl(+7)+Na(+1),9.36,0.25,1.35505e-07,,2.31
montmorillonite-*-U(+6),montmorillonite,,U(+6),bb05,bb05_fa5aapsi,15,Cl(+7)+Na(+1),10.71,0.25,1.08616e-07,,2.31
montmorillonite-*-U(+6),montmorillonite,,U(+6),bb05,bb05_fa5aapsi,16,Cl(+7)+Na(+1),10.71,0.25,1.06902e-07,,2.31
montmorillonite-*-U(+6),montmorillonite,,U(+6),bb05,bb05_fa5abpsi,1,Cl(+7)+Na(+1),2.59,2.5,1.40996e-08,,2.31
montmorillonite-*-U(+6),montmorillonite,,U(+6),bb05,bb05_fa5abpsi,2,Cl(+7)+Na(+1),2.6,2.5,1.43943e-08,,2.31
montmorillonite-*-U(+6),montmorillonite,,U(+6),bb05,bb05_fa5abpsi,3,Cl(+7)+Na(+1),2.61,2.5,1.5628e-08,,2.31
montmorillonite-*-U(+6),montmorillonite,,U(+6),bb05,bb05_fa5abpsi,4,Cl(+7)+Na(+1),3.97,2.5,9.74022e-08,,2.31
montmorillonite-*-U(+6),montmorillonite,,U(+6),bb05,bb05_fa5abpsi,5,Cl(+7)+Na(+1),3.97,2.5,9.60252e-08,,2.31
montmorillonite-*-U(+6),montmorillonite,,U(+6),bb05,bb05_fa5abpsi,6,Cl(+7)+Na(+1),4.87,2.5,1.36155e-07,,2.31
montmorillonite-*-U(+6),montmorillonite,,U(+6),bb05,bb05_fa5abpsi,7,Cl(+7)+Na(+1),4.87,2.5,1.36241e-07,,2.31
montmorillonite-*-U(+6),montmorillonite,,U(+6),bb05,bb05_fa5abpsi,8,Cl(+7)+Na(+1),4.9,2.5,1.3664e-07,,2.31
montmorillonite-*-U(+6),montmorillonite,,U(+6),bb05,bb05_fa5abpsi,9,Cl(+7)+Na(+1),6.02,2.5,1.39587e-07,,2.31
montmorillonite-*-U(+6),montmorillonite,,U(+6),bb05,bb05_fa5abpsi,10,Cl(+7)+Na(+1),6.03,2.5,1.39558e-07,,2.31
montmorillonite-*-U(+6),montmorillonite,,U(+6),bb05,bb05_fa5abpsi,11,Cl(+7)+Na(+1),7.01,2.5,1.39431e-07,,2.31
montmorillonite-*-U(+6),montmorillonite,,U(+6),bb05,bb05_fa5abpsi,12,Cl(+7)+Na(+1),7.01,2.5,1.39418e-07,,2.31
montmorillonite-*-U(+6),montmorillonite,,U(+6),bb05,bb05_fa5abpsi,13,Cl(+7)+Na(+1),7.02,2.5,1.39316e-07,,2.31
montmorillonite-*-U(+6),montmorillonite,,U(+6),bb05,bb05_fa5abpsi,14,Cl(+7)+Na(+1),8.14,2.5,1.37909e-07,,2.31
montmorillonite-*-U(+6),montmorillonite,,U(+6),bb05,bb05_fa5abpsi,15,Cl(+7)+Na(+1),8.2,2.5,1.37909e-07,,2.31
montmorillonite-*-U(+6),montmorillonite,,U(+6),bb05,bb05_fa5abpsi,16,Cl(+7)+Na(+1),9.43,2.5,1.3771e-07,,2.31
montmorillonite-*-U(+6),montmorillonite,,U(+6),bb05,bb05_fa5abpsi,17,Cl(+7)+Na(+1),9.43,2.5,1.37604e-07,,2.31
montmorillonite-*-U(+6),montmorillonite,,U(+6),bb05,bb05_fa5abpsi,18,Cl(+7)+Na(+1),10.68,2.5,1.32369e-07,,2.31
montmorillonite-*-U(+6),montmorillonite,,U(+6),bb05,bb05_fa9apsi,1,Cl(+7)+Na(+1)+Sorbate,5.0,2.5,3.75823e-05,,2.31
montmorillonite-*-U(+6),montmorillonite,,U(+6),bb05,bb05_fa9apsi,2,Cl(+7)+Na(+1)+Sorbate,5.0,2.5,3.7413e-05,,2.31
montmorillonite-*-U(+6),montmorillonite,,U(+6),bb05,bb05_fa9apsi,3,Cl(+7)+Na(+1)+Sorbate,5.0,2.5,2.18969e-05,,2.31
montmorillonite-*-U(+6),montmorillonite,,U(+6),bb05,bb05_fa9apsi,4,Cl(+7)+Na(+1)+Sorbate,5.0,2.5,2.19287e-05,,2.31
montmorillonite-*-U(+6),montmorillonite,,U(+6),bb05,bb05_fa9apsi,5,Cl(+7)+Na(+1)+Sorbate,5.0,2.5,1.89218e-05,,2.31
montmorillonite-*-U(+6),montmorillonite,,U(+6),bb05,bb05_fa9apsi,6,Cl(+7)+Na(+1)+Sorbate,5.0,2.5,1.89218e-05,,2.31
montmorillonite-*-U(+6),montmorillonite,,U(+6),bb05,bb05_fa9apsi,7,Cl(+7)+Na(+1)+Sorbate,5.0,2.5,1.65244e-05,,2.31
montmorillonite-*-U(+6),montmorillonite,,U(+6),bb05,bb05_fa9apsi,8,Cl(+7)+Na(+1)+Sorbate,5.0,2.5,1.67829e-05,,2.31
montmorillonite-*-U(+6),montmorillonite,,U(+6),bb05,bb05_fa9apsi,9,Cl(+7)+Na(+1)+Sorbate,5.0,2.5,1.28127e-05,,2.31
montmorillonite-*-U(+6),montmorillonite,,U(+6),bb05,bb05_fa9apsi,10,Cl(+7)+Na(+1)+Sorbate,5.0,2.5,1.27818e-05,,2.31
montmorillonite-*-U(+6),montmorillonite,,U(+6),bb05,bb05_fa9apsi,11,Cl(+7)+Na(+1)+Sorbate,5.0,2.5,7.02296e-06,,2.31
montmorillonite-*-U(+6),montmorillonite,,U(+6),bb05,bb05_fa9apsi,12,Cl(+7)+Na(+1)+Sorbate,5.0,2.5,7.01104e-06,,2.31
montmorillonite-*-U(+6),montmorillonite,,U(+6),bb05,bb05_fa9apsi,13,Cl(+7)+Na(+1)+Sorbate,5.0,2.5,4.25999e-06,,2.31
montmorillonite-*-U(+6),montmorillonite,,U(+6),bb05,bb05_fa9apsi,14,Cl(+7)+Na(+1)+Sorbate,5.0,2.5,4.26266e-06,,2.31
montmorillonite-*-U(+6),montmorillonite,,U(+6),bb05,bb05_fa9apsi,15,Cl(+7)+Na(+1)+Sorbate,5.0,2.5,1.30147e-06,,2.31
montmorillonite-*-U(+6),montmorillonite,,U(+6),bb05,bb05_fa9apsi,16,Cl(+7)+Na(+1)+Sorbate,5.0,2.5,1.30082e-06,,2.31
montmorillonite-*-U(+6),montmorillonite,,U(+6),bb05,bb05_fa9apsi,17,Cl(+7)+Na(+1)+Sorbate,5.0,2.5,5.18319e-07,,2.31
montmorillonite-*-U(+6),montmorillonite,,U(+6),bb05,bb05_fa9apsi,18,Cl(+7)+Na(+1)+Sorbate,5.0,2.5,5.17963e-07,,2.31
montmorillonite-*-U(+6),montmorillonite,,U(+6),bb05,bb05_fa9apsi,19,Cl(+7)+Na(+1)+Sorbate,5.0,2.5,2.15285e-07,,2.31
montmorillonite-*-U(+6),montmorillonite,,U(+6),bb05,bb05_fa9apsi,20,Cl(+7)+Na(+1)+Sorbate,5.0,2.5,2.16209e-07,,2.31
montmorillonite-*-U(+6),montmorillonite,,U(+6),bb05,bb05_fa9apsi,21,Cl(+7)+Na(+1)+Sorbate,5.0,2.5,1.37188e-07,,2.31
montmorillonite-*-U(+6),montmorillonite,,U(+6),bb05,bb05_fa9apsi,22,Cl(+7)+Na(+1)+Sorbate,5.0,2.5,1.36074e-07,,2.31
montmorillonite-*-U(+6),montmorillonite,,U(+6),bb05,bb05_fa9apsi,23,Cl(+7)+Na(+1)+Sorbate,5.0,2.5,9.42705e-08,,2.31
montmorillonite-*-U(+6),montmorillonite,,U(+6),bb05,bb05_fa9apsi,24,Cl(+7)+Na(+1)+Sorbate,5.0,2.5,9.42705e-08,,2.31
montmorillonite-*-U(+6),montmorillonite,,U(+6),bb05,bb05_fa9bpsi,1,Cl(+7)+Na(+1)+Sorbate,6.8,2.5,1.72533e-05,,2.31
montmorillonite-*-U(+6),montmorillonite,,U(+6),bb05,bb05_fa9bpsi,2,Cl(+7)+Na(+1)+Sorbate,6.8,2.5,1.73275e-05,,2.31
montmorillonite-*-U(+6),montmorillonite,,U(+6),bb05,bb05_fa9bpsi,3,Cl(+7)+Na(+1)+Sorbate,6.8,2.5,1.72533e-05,,2.31
montmorillonite-*-U(+6),montmorillonite,,U(+6),bb05,bb05_fa9bpsi,4,Cl(+7)+Na(+1)+Sorbate,6.8,2.5,9.23077e-06,,2.31
montmorillonite-*-U(+6),montmorillonite,,U(+6),bb05,bb05_fa9bpsi,5,Cl(+7)+Na(+1)+Sorbate,6.8,2.5,9.50769e-06,,2.31
montmorillonite-*-U(+6),montmorillonite,,U(+6),bb05,bb05_fa9bpsi,6,Cl(+7)+Na(+1)+Sorbate,6.8,2.5,9.50769e-06,,2.31
montmorillonite-*-U(+6),montmorillonite,,U(+6),bb05,bb05_fa9bpsi,7,Cl(+7)+Na(+1)+Sorbate,6.8,2.5,7.63665e-06,,2.31
montmorillonite-*-U(+6),montmorillonite,,U(+6),bb05,bb05_fa9bpsi,8,Cl(+7)+Na(+1)+Sorbate,6.8,2.5,7.63665e-06,,2.31
montmorillonite-*-U(+6),montmorillonite,,U(+6),bb05,bb05_fa9bpsi,9,Cl(+7)+Na(+1)+Sorbate,6.8,2.5,7.63255e-06,,2.31
montmorillonite-*-U(+6),montmorillonite,,U(+6),bb05,bb05_fa9bpsi,10,Cl(+7)+Na(+1)+Sorbate,6.8,2.5,3.8962e-06,,2.31
montmorillonite-*-U(+6),montmorillonite,,U(+6),bb05,bb05_fa9bpsi,11,Cl(+7)+Na(+1)+Sorbate,6.8,2.5,3.90652e-06,,2.31
montmorillonite-*-U(+6),montmorillonite,,U(+6),bb05,bb05_fa9bpsi,12,Cl(+7)+Na(+1)+Sorbate,6.8,2.5,3.81509e-06,,2.31
montmorillonite-*-U(+6),montmorillonite,,U(+6),bb05,bb05_fa9bpsi,13,Cl(+7)+Na(+1)+Sorbate,6.8,2.5,1.9133e-06,,2.31
montmorillonite-*-U(+6),montmorillonite,,U(+6),bb05,bb05_fa9bpsi,14,Cl(+7)+Na(+1)+Sorbate,6.8,2.5,1.90377e-06,,2.31
montmorillonite-*-U(+6),montmorillonite,,U(+6),bb05,bb05_fa9bpsi,15,Cl(+7)+Na(+1)+Sorbate,6.8,2.5,1.9133e-06,,2.31
montmorillonite-*-U(+6),montmorillonite,,U(+6),bb05,bb05_fa9bpsi,16,Cl(+7)+Na(+1)+Sorbate,6.8,2.5,9.78095e-07,,2.31
montmorillonite-*-U(+6),montmorillonite,,U(+6),bb05,bb05_fa9bpsi,17,Cl(+7)+Na(+1)+Sorbate,6.8,2.5,9.56486e-07,,2.31
montmorillonite-*-U(+6),montmorillonite,,U(+6),bb05,bb05_fa9bpsi,18,Cl(+7)+Na(+1)+Sorbate,6.8,2.5,9.56358e-07,,2.31
montmorillonite-*-U(+6),montmorillonite,,U(+6),bb05,bb05_fa9bpsi,19,Cl(+7)+Na(+1)+Sorbate,6.8,2.5,7.59621e-07,,2.31
montmorillonite-*-U(+6),montmorillonite,,U(+6),bb05,bb05_fa9bpsi,20,Cl(+7)+Na(+1)+Sorbate,6.8,2.5,7.76724e-07,,2.31
montmorillonite-*-U(+6),montmorillonite,,U(+6),bb05,bb05_fa9bpsi,21,Cl(+7)+Na(+1)+Sorbate,6.8,2.5,7.76724e-07,,2.31
montmorillonite-*-U(+6),montmorillonite,,U(+6),bb05,bb05_fa9bpsi,22,Cl(+7)+Na(+1)+Sorbate,6.8,2.5,3.88955e-07,,2.31
montmorillonite-*-U(+6),montmorillonite,,U(+6),bb05,bb05_fa9bpsi,23,Cl(+7)+Na(+1)+Sorbate,6.8,2.5,3.8095e-07,,2.31
montmorillonite-*-U(+6),montmorillonite,,U(+6),bb05,bb05_fa9bpsi,24,Cl(+7)+Na(+1)+Sorbate,6.8,2.5,3.80903e-07,,2.31
montmorillonite-*-U(+6),montmorillonite,,U(+6),bb05,bb05_fa9bpsi,25,Cl(+7)+Na(+1)+Sorbate,6.8,2.5,1.91164e-07,,2.31
montmorillonite-*-U(+6),montmorillonite,,U(+6),bb05,bb05_fa9bpsi,26,Cl(+7)+Na(+1)+Sorbate,6.8,2.5,1.95221e-07,,2.31
montmorillonite-*-U(+6),montmorillonite,,U(+6),bb05,bb05_fa9bpsi,27,Cl(+7)+Na(+1)+Sorbate,6.8,2.5,1.95166e-07,,2.31
montmorillonite-*-U(+6),montmorillonite,,U(+6),bm11,bm11_f3ca,1,Cl(-1)+Na(+1),3.99783,0.001,3.29491e-07,,2.31
montmorillonite-*-U(+6),montmorillonite,,U(+6),bm11,bm11_f3ca,2,Cl(-1)+Na(+1),4.48631,0.001,3.68585e-07,,2.31
montmorillonite-*-U(+6),montmorillonite,,U(+6),bm11,bm11_f3ca,3,Cl(-1)+Na(+1),4.99255,0.001,3.99054e-07,,2.31
montmorillonite-*-U(+6),montmorillonite,,U(+6),bm11,bm11_f3ca,4,Cl(-1)+Na(+1),5.49821,0.001,4.11496e-07,,2.31
montmorillonite-*-U(+6),montmorillonite,,U(+6),bm11,bm11_f3ca,5,Cl(-1)+Na(+1),5.99446,0.001,4.11398e-07,,2.31
montmorillonite-*-U(+6),montmorillonite,,U(+6),bm11,bm11_f3ca,6,Cl(-1)+Na(+1),6.49039,0.001,4.01896e-07,,2.31
montmorillonite-*-U(+6),montmorillonite,,U(+6),bm11,bm11_f3ca,7,Cl(-1)+Na(+1),6.9768,0.001,3.76719e-07,,2.31
montmorillonite-*-U(+6),montmorillonite,,U(+6),bm11,bm11_f3ca,8,Cl(-1)+Na(+1),7.48079,0.001,3.3743e-07,,2.31
montmorillonite-*-U(+6),montmorillonite,,U(+6),bm11,bm11_f3ca,9,Cl(-1)+Na(+1),7.99356,0.001,2.90301e-07,,2.31
montmorillonite-*-U(+6),montmorillonite,,U(+6),bm11,bm11_f3ca,10,Cl(-1)+Na(+1),8.48816,0.001,2.39257e-07,,2.31
montmorillonite-*-U(+6),montmorillonite,,U(+6),bm11,bm11_f3ca,11,Cl(-1)+Na(+1),8.98275,0.001,1.88213e-07,,2.31
montmorillonite-*-U(+6),montmorillonite,,U(+6),bm11,bm11_f3cb,1,Cl(-1)+Na(+1),4.00456,0.01,2.58163e-07,,2.31
montmorillonite-*-U(+6),montmorillonite,,U(+6),bm11,bm11_f3cb,2,Cl(-1)+Na(+1),4.48492,0.01,3.25476e-07,,2.31
montmorillonite-*-U(+6),montmorillonite,,U(+6),bm11,bm11_f3cb,3,Cl(-1)+Na(+1),5.00097,0.01,3.80241e-07,,2.31
montmorillonite-*-U(+6),montmorillonite,,U(+6),bm11,bm11_f3cb,4,Cl(-1)+Na(+1),5.49779,0.01,3.98171e-07,,2.31
montmorillonite-*-U(+6),montmorillonite,,U(+6),bm11,bm11_f3cb,5,Cl(-1)+Na(+1),5.99405,0.01,3.98858e-07,,2.31
montmorillonite-*-U(+6),montmorillonite,,U(+6),bm11,bm11_f3cb,6,Cl(-1)+Na(+1),6.49059,0.01,4.08166e-07,,2.31
montmorillonite-*-U(+6),montmorillonite,,U(+6),bm11,bm11_f3cb,7,Cl(-1)+Na(+1),7.00467,0.01,4.01795e-07,,2.31
montmorillonite-*-U(+6),montmorillonite,,U(+6),bm11,bm11_f3cb,8,Cl(-1)+Na(+1),7.50871,0.01,3.64074e-07,,2.31
montmorillonite-*-U(+6),montmorillonite,,U(+6),bm11,bm11_f3cb,9,Cl(-1)+Na(+1),8.00349,0.01,3.18516e-07,,2.31
montmorillonite-*-U(+6),montmorillonite,,U(+6),bm11,bm11_f3cb,10,Cl(-1)+Na(+1),8.51629,0.01,2.72171e-07,,2.31
montmorillonite-*-U(+6),montmorillonite,,U(+6),bm11,bm11_f3cb,11,Cl(-1)+Na(+1),9.01086,0.01,2.20344e-07,,2.31
montmorillonite-*-U(+6),montmorillonite,,U(+6),bm11,bm11_f3cc,1,Cl(-1)+Na(+1),4.01229,0.025,2.18188e-07,,2.31
montmorillonite-*-U(+6),montmorillonite,,U(+6),bm11,bm11_f3cc,2,Cl(-1)+Na(+1),4.51093,0.025,2.92551e-07,,2.31
montmorillonite-*-U(+6),montmorillonite,,U(+6),bm11,bm11_f3cc,3,Cl(-1)+Na(+1),5.00024,0.025,3.57511e-07,,2.31
montmorillonite-*-U(+6),montmorillonite,,U(+6),bm11,bm11_f3cc,4,Cl(-1)+Na(+1),5.48803,0.025,3.75443e-07,,2.31
montmorillonite-*-U(+6),montmorillonite,,U(+6),bm11,bm11_f3cc,5,Cl(-1)+Na(+1),5.99346,0.025,3.8083e-07,,2.31
montmorillonite-*-U(+6),montmorillonite,,U(+6),bm11,bm11_f3cc,6,Cl(-1)+Na(+1),6.51766,0.025,4.08161e-07,,2.31
montmorillonite-*-U(+6),montmorillonite,,U(+6),bm11,bm11_f3cc,7,Cl(-1)+Na(+1),7.0052,0.025,4.18254e-07,,2.31
montmorillonite-*-U(+6),montmorillonite,,U(+6),bm11,bm11_f3cc,8,Cl(-1)+Na(+1),7.50085,0.025,4.0013e-07,,2.31
montmorillonite-*-U(+6),montmorillonite,,U(+6),bm11,bm11_f3cc,9,Cl(-1)+Na(+1),8.00476,0.025,3.57706e-07,,2.31
montmorillonite-*-U(+6),montmorillonite,,U(+6),bm11,bm11_f3cc,10,Cl(-1)+Na(+1),8.49945,0.025,3.09797e-07,,2.31
montmorillonite-*-U(+6),montmorillonite,,U(+6),bm11,bm11_f3cc,11,Cl(-1)+Na(+1),8.98483,0.025,2.52485e-07,,2.31
montmorillonite-*-U(+6),montmorillonite,,U(+6),bm11,bm11_f3da,1,Cl(-1)+Na(+1),3.99128,0.001,3.78152e-07,,2.31
montmorillonite-*-U(+6),montmorillonite,,U(+6),bm11,bm11_f3da,2,Cl(-1)+Na(+1),4.48754,0.001,3.79687e-07,,2.31
montmorillonite-*-U(+6),montmorillonite,,U(+6),bm11,bm11_f3da,3,Cl(-1)+Na(+1),5.00185,0.001,3.82005e-07,,2.31
montmorillonite-*-U(+6),montmorillonite,,U(+6),bm11,bm11_f3da,4,Cl(-1)+Na(+1),5.48008,0.001,3.85892e-07,,2.31
montmorillonite-*-U(+6),montmorillonite,,U(+6),bm11,bm11_f3da,5,Cl(-1)+Na(+1),6.0033,0.001,3.77236e-07,,2.31
montmorillonite-*-U(+6),montmorillonite,,U(+6),bm11,bm11_f3da,6,Cl(-1)+Na(+1),6.49924,0.001,3.48987e-07,,2.31
montmorillonite-*-U(+6),montmorillonite,,U(+6),bm11,bm11_f3da,7,Cl(-1)+Na(+1),7.00409,0.001,3.10548e-07,,2.31
montmorillonite-*-U(+6),montmorillonite,,U(+6),bm11,bm11_f3da,8,Cl(-1)+Na(+1),7.48179,0.001,2.65056e-07,,2.31
montmorillonite-*-U(+6),montmorillonite,,U(+6),bm11,bm11_f3da,9,Cl(-1)+Na(+1),7.98647,0.001,2.10157e-07,,2.31
montmorillonite-*-U(+6),montmorillonite,,U(+6),bm11,bm11_f3da,10,Cl(-1)+Na(+1),8.47312,0.001,1.57611e-07,,2.31
montmorillonite-*-U(+6),montmorillonite,,U(+6),bm11,bm11_f3da,11,Cl(-1)+Na(+1),8.99573,0.001,9.25214e-08,,2.31
montmorillonite-*-U(+6),montmorillonite,,U(+6),bm11,bm11_f3db,1,Cl(-1)+Na(+1),4.00909,0.01,3.56204e-07,,2.31
montmorillonite-*-U(+6),montmorillonite,,U(+6),bm11,bm11_f3db,2,Cl(-1)+Na(+1),4.50546,0.01,3.69496e-07,,2.31
montmorillonite-*-U(+6),montmorillonite,,U(+6),bm11,bm11_f3db,3,Cl(-1)+Na(+1),5.01074,0.01,3.70247e-07,,2.31
montmorillonite-*-U(+6),montmorillonite,,U(+6),bm11,bm11_f3db,4,Cl(-1)+Na(+1),5.48891,0.01,3.67864e-07,,2.31
montmorillonite-*-U(+6),montmorillonite,,U(+6),bm11,bm11_f3db,5,Cl(-1)+Na(+1),5.98509,0.01,3.61562e-07,,2.31
montmorillonite-*-U(+6),montmorillonite,,U(+6),bm11,bm11_f3db,6,Cl(-1)+Na(+1),6.48117,0.01,3.47421e-07,,2.31
montmorillonite-*-U(+6),montmorillonite,,U(+6),bm11,bm11_f3db,7,Cl(-1)+Na(+1),6.99515,0.01,3.18387e-07,,2.31
montmorillonite-*-U(+6),montmorillonite,,U(+6),bm11,bm11_f3db,8,Cl(-1)+Na(+1),7.50003,0.01,2.83083e-07,,2.31
montmorillonite-*-U(+6),montmorillonite,,U(+6),bm11,bm11_f3db,9,Cl(-1)+Na(+1),8.00484,0.01,2.40724e-07,,2.31
montmorillonite-*-U(+6),montmorillonite,,U(+6),bm11,bm11_f3db,10,Cl(-1)+Na(+1),8.50047,0.01,1.83475e-07,,2.31
montmorillonite-*-U(+6),montmorillonite,,U(+6),bm11,bm11_f3db,11,Cl(-1)+Na(+1),8.98705,0.01,1.24658e-07,,2.31
montmorillonite-*-U(+6),montmorillonite,,U(+6),bm11,bm11_f3dc,1,Cl(-1)+Na(+1),3.99966,0.025,3.18582e-07,,2.31
montmorillonite-*-U(+6),montmorillonite,,U(+6),bm11,bm11_f3dc,2,Cl(-1)+Na(+1),4.50521,0.025,3.45198e-07,,2.31
montmorillonite-*-U(+6),montmorillonite,,U(+6),bm11,bm11_f3dc,3,Cl(-1)+Na(+1),4.99255,0.025,3.5614e-07,,2.31
montmorillonite-*-U(+6),montmorillonite,,U(+6),bm11,bm11_f3dc,4,Cl(-1)+Na(+1),5.47973,0.025,3.52973e-07,,2.31
montmorillonite-*-U(+6),montmorillonite,,U(+6),bm11,bm11_f3dc,5,Cl(-1)+Na(+1),5.99387,0.025,3.39615e-07,,2.31
montmorillonite-*-U(+6),montmorillonite,,U(+6),bm11,bm11_f3dc,6,Cl(-1)+Na(+1),6.49922,0.025,3.4742e-07,,2.31
montmorillonite-*-U(+6),montmorillonite,,U(+6),bm11,bm11_f3dc,7,Cl(-1)+Na(+1),6.9863,0.025,3.34847e-07,,2.31
montmorillonite-*-U(+6),montmorillonite,,U(+6),bm11,bm11_f3dc,8,Cl(-1)+Na(+1),7.49082,0.025,2.65056e-07,,2.31
montmorillonite-*-U(+6),montmorillonite,,U(+6),bm11,bm11_f3dc,9,Cl(-1)+Na(+1),7.9863,0.025,1.94481e-07,,2.31
montmorillonite-*-U(+6),montmorillonite,,U(+6),bm11,bm11_f3dc,10,Cl(-1)+Na(+1),8.49131,0.025,1.70934e-07,,2.31
montmorillonite-*-U(+6),montmorillonite,,U(+6),bm11,bm11_f3dc,11,Cl(-1)+Na(+1),8.99644,0.025,1.59144e-07,,2.31
montmorillonite-*-U(+6),montmorillonite,,U(+6),hchk01,hchk01_f2aa,1,N(+5)+Na(+1),3.8027,0.013000000000000001,8.21469e-08,,2.31
montmorillonite-*-U(+6),montmorillonite,,U(+6),hchk01,hchk01_f2aa,2,N(+5)+Na(+1),4.0609,0.013000000000000001,8.92655e-08,,2.31
montmorillonite-*-U(+6),montmorillonite,,U(+6),hchk01,hchk01_f2aa,3,N(+5)+Na(+1),4.3191,0.013000000000000001,9.09605e-08,,2.31
montmorillonite-*-U(+6),montmorillonite,,U(+6),hchk01,hchk01_f2aa,4,N(+5)+Na(+1),4.7527,0.013000000000000001,9.49153e-08,,2.31
montmorillonite-*-U(+6),montmorillonite,,U(+6),hchk01,hchk01_f2aa,5,N(+5)+Na(+1),6.078,0.013000000000000001,9.53672e-08,,2.31
montmorillonite-*-U(+6),montmorillonite,,U(+6),hchk01,hchk01_f2aa,6,N(+5)+Na(+1),5.3228,0.013000000000000001,9.51412e-08,,2.31
montmorillonite-*-U(+6),montmorillonite,,U(+6),hchk01,hchk01_f2aa,7,N(+5)+Na(+1),6.4628,0.013000000000000001,9.53672e-08,,2.31
montmorillonite-*-U(+6),montmorillonite,,U(+6),hchk01,hchk01_f2aa,8,N(+5)+Na(+1),6.8672,0.013000000000000001,9.55932e-08,,2.31
montmorillonite-*-U(+6),montmorillonite,,U(+6),hchk01,hchk01_f2aa,9,N(+5)+Na(+1),7.5445,0.013000000000000001,9.15253e-08,,2.31
montmorillonite-*-U(+6),montmorillonite,,U(+6),hchk01,hchk01_f2aa,10,N(+5)+Na(+1),8.6456,0.013000000000000001,7.9548e-08,,2.31
montmorillonite-*-U(+6),montmorillonite,,U(+6),hchk01,hchk01_f2aa,11,N(+5)+Na(+1),8.8599,0.013000000000000001,7.41243e-08,,2.31
montmorillonite-*-U(+6),montmorillonite,,U(+6),hchk01,hchk01_f2aa,12,N(+5)+Na(+1),9.2741,0.013000000000000001,6.75706e-08,,2.31
montmorillonite-*-U(+6),montmorillonite,,U(+6),hchk01,hchk01_f2ab,1,N(+5)+Na(+1),3.9245,0.013000000000000001,9.38982e-06,,2.31
montmorillonite-*-U(+6),montmorillonite,,U(+6),hchk01,hchk01_f2ab,2,N(+5)+Na(+1),4.2071,0.013000000000000001,9.53672e-06,,2.31
montmorillonite-*-U(+6),montmorillonite,,U(+6),hchk01,hchk01_f2ab,3,N(+5)+Na(+1),4.6017,0.013000000000000001,9.67231e-06,,2.31
montmorillonite-*-U(+6),montmorillonite,,U(+6),hchk01,hchk01_f2ab,4,N(+5)+Na(+1),5.0987,0.013000000000000001,9.67231e-06,,2.31
montmorillonite-*-U(+6),montmorillonite,,U(+6),hchk01,hchk01_f2ab,5,N(+5)+Na(+1),5.7174,0.013000000000000001,9.83051e-06,,2.31
montmorillonite-*-U(+6),montmorillonite,,U(+6),hchk01,hchk01_f2ab,6,N(+5)+Na(+1),6.268,0.013000000000000001,9.69492e-06,,2.31
montmorillonite-*-U(+6),montmorillonite,,U(+6),hchk01,hchk01_f2ab,7,N(+5)+Na(+1),6.7747,0.013000000000000001,9.49153e-06,,2.31
montmorillonite-*-U(+6),montmorillonite,,U(+6),hchk01,hchk01_f2ab,8,N(+5)+Na(+1),7.3496,0.013000000000000001,9.33333e-06,,2.31
montmorillonite-*-U(+6),montmorillonite,,U(+6),hchk01,hchk01_f2ab,9,N(+5)+Na(+1),8.1973,0.013000000000000001,8.63277e-06,,2.31
montmorillonite-*-U(+6),montmorillonite,,U(+6),hchk01,hchk01_f2ab,10,N(+5)+Na(+1),8.9817,0.013000000000000001,6.93785e-06,,2.31
montmorillonite-*-U(+6),montmorillonite,,U(+6),hchk01,hchk01_f2ab,11,N(+5)+Na(+1),9.1766,0.013000000000000001,6.88136e-06,,2.31
montmorillonite-*-U(+6),montmorillonite,,U(+6),hchk01,hchk01_f2ab,12,N(+5)+Na(+1),9.542,0.013000000000000001,5.40113e-06,,2.31
montmorillonite-*-U(+6),montmorillonite,,U(+6),hchk01,hchk01_f2ac,1,N(+5)+Na(+1),2.8819,0.013000000000000001,8.94915e-05,,2.31
montmorillonite-*-U(+6),montmorillonite,,U(+6),hchk01,hchk01_f2ac,2,N(+5)+Na(+1),2.9548,0.013000000000000001,8.97175e-05,,2.31
montmorillonite-*-U(+6),montmorillonite,,U(+6),hchk01,hchk01_f2ac,3,N(+5)+Na(+1),3.1742,0.013000000000000001,9.09605e-05,,2.31
montmorillonite-*-U(+6),montmorillonite,,U(+6),hchk01,hchk01_f2ac,4,N(+5)+Na(+1),3.3252,0.013000000000000001,9.26554e-05,,2.31
montmorillonite-*-U(+6),montmorillonite,,U(+6),hchk01,hchk01_f2ac,5,N(+5)+Na(+1),3.4421,0.013000000000000001,9.32203e-05,,2.31
montmorillonite-*-U(+6),montmorillonite,,U(+6),hchk01,hchk01_f2ac,6,N(+5)+Na(+1),3.6273,0.013000000000000001,9.40113e-05,,2.31
montmorillonite-*-U(+6),montmorillonite,,U(+6),hchk01,hchk01_f2ac,7,N(+5)+Na(+1),3.8319,0.013000000000000001,9.50282e-05,,2.31
montmorillonite-*-U(+6),montmorillonite,,U(+6),hchk01,hchk01_f2ac,8,N(+5)+Na(+1),4.0658,0.013000000000000001,9.25424e-05,,2.31
montmorillonite-*-U(+6),montmorillonite,,U(+6),hchk01,hchk01_f2ac,9,N(+5)+Na(+1),4.3971,0.013000000000000001,9.59322e-05,,2.31
montmorillonite-*-U(+6),montmorillonite,,U(+6),hchk01,hchk01_f2ac,10,N(+5)+Na(+1),4.7429,0.013000000000000001,9.63841e-05,,2.31
montmorillonite-*-U(+6),montmorillonite,,U(+6),hchk01,hchk01_f2ac,11,N(+5)+Na(+1),5.2594,0.013000000000000001,9.53672e-05,,2.31
montmorillonite-*-U(+6),montmorillonite,,U(+6),hchk01,hchk01_f2ac,12,N(+5)+Na(+1),5.7856,0.013000000000000001,9.12993e-05,,2.31
montmorillonite-*-U(+6),montmorillonite,,U(+6),hchk01,hchk01_f2ac,13,N(+5)+Na(+1),6.3849,0.013000000000000001,8.38418e-05,,2.31
montmorillonite-*-U(+6),montmorillonite,,U(+6),hchk01,hchk01_f2ac,14,N(+5)+Na(+1),7.4421,0.013000000000000001,8.0678e-05,,2.31
montmorillonite-*-U(+6),montmorillonite,,U(+6),hchk01,hchk01_f2ad,1,N(+5)+Na(+1),3.447,0.13,8.15819e-05,,2.31
montmorillonite-*-U(+6),montmorillonite,,U(+6),hchk01,hchk01_f2ad,2,N(+5)+Na(+1),3.8855,0.13,9.19774e-05,,2.31
montmorillonite-*-U(+6),montmorillonite,,U(+6),hchk01,hchk01_f2ad,3,N(+5)+Na(+1),3.9878,0.13,9.01695e-05,,2.31
montmorillonite-*-U(+6),montmorillonite,,U(+6),hchk01,hchk01_f2ad,4,N(+5)+Na(+1),4.6162,0.13,9.37852e-05,,2.31
montmorillonite-*-U(+6),montmorillonite,,U(+6),hchk01,hchk01_f2ad,5,N(+5)+Na(+1),5.0061,0.13,9.62711e-05,,2.31
montmorillonite-*-U(+6),montmorillonite,,U(+6),hchk01,hchk01_f2ad,6,N(+5)+Na(+1),5.4641,0.13,9.64971e-05,,2.31
montmorillonite-*-U(+6),montmorillonite,,U(+6),hchk01,hchk01_f2ad,7,N(+5)+Na(+1),5.8246,0.13,9.60452e-05,,2.31
montmorillonite-*-U(+6),montmorillonite,,U(+6),hchk01,hchk01_f2ad,8,N(+5)+Na(+1),6.3605,0.13,9.48023e-05,,2.31
montmorillonite-*-U(+6),montmorillonite,,U(+6),hchk01,hchk01_f2ad,9,N(+5)+Na(+1),6.604,0.13,9.32203e-05,,2.31
montmorillonite-*-U(+6),montmorillonite,,U(+6),hchk01,hchk01_f2ad,10,N(+5)+Na(+1),6.8721,0.13,9.17513e-05,,2.31
montmorillonite-*-U(+6),montmorillonite,,U(+6),hchk01,hchk01_f2ad,11,N(+5)+Na(+1),7.1401,0.13,8.92655e-05,,2.31
montmorillonite-*-U(+6),montmorillonite,,U(+6),hchk01,hchk01_f2ad,12,N(+5)+Na(+1),7.3642,0.13,8.58757e-05,,2.31
montmorillonite-*-U(+6),montmorillonite,,U(+6),hchk01,hchk01_f2ad,13,N(+5)+Na(+1),8.1827,0.13,7.02825e-05,,2.31
montmorillonite-*-U(+6),montmorillonite,,U(+6),hchk01,hchk01_f2ad,14,N(+5)+Na(+1),8.5773,0.13,6.20339e-05,,2.31
montmorillonite-*-U(+6),montmorillonite,,U(+6),hchk01,hchk01_f2ba,1,N(+5)+Na(+1),3.2637,1.3,1.43535e-08,,2.31
montmorillonite-*-U(+6),montmorillonite,,U(+6),hchk01,hchk01_f2ba,2,N(+5)+Na(+1),3.3512,1.3,2.45026e-08,,2.31
montmorillonite-*-U(+6),montmorillonite,,U(+6),hchk01,hchk01_f2ba,3,N(+5)+Na(+1),3.5358,1.3,4.97614e-08,,2.31
montmorillonite-*-U(+6),montmorillonite,,U(+6),hchk01,hchk01_f2ba,4,N(+5)+Na(+1),3.7205,1.3,6.69031e-08,,2.31
montmorillonite-*-U(+6),montmorillonite,,U(+6),hchk01,hchk01_f2ba,5,N(+5)+Na(+1),4.0996,1.3,8.83343e-08,,2.31
montmorillonite-*-U(+6),montmorillonite,,U(+6),hchk01,hchk01_f2ba,6,N(+5)+Na(+1),5.1203,1.3,9.67058e-08,,2.31
montmorillonite-*-U(+6),montmorillonite,,U(+6),hchk01,hchk01_f2ba,7,N(+5)+Na(+1),5.791,1.3,9.67247e-08,,2.31
montmorillonite-*-U(+6),montmorillonite,,U(+6),hchk01,hchk01_f2ba,8,N(+5)+Na(+1),6.1701,1.3,9.67353e-08,,2.31
montmorillonite-*-U(+6),montmorillonite,,U(+6),hchk01,hchk01_f2ba,9,N(+5)+Na(+1),6.5298,1.3,9.67455e-08,,2.31
montmorillonite-*-U(+6),montmorillonite,,U(+6),hchk01,hchk01_f2ba,10,N(+5)+Na(+1),6.87,1.3,9.67551e-08,,2.31
montmorillonite-*-U(+6),montmorillonite,,U(+6),hchk01,hchk01_f2bb,1,N(+5)+Na(+1),2.7388,1.3,9.8292e-07,,2.31
montmorillonite-*-U(+6),montmorillonite,,U(+6),hchk01,hchk01_f2bb,2,N(+5)+Na(+1),3.0693,1.3,1.59264e-06,,2.31
montmorillonite-*-U(+6),montmorillonite,,U(+6),hchk01,hchk01_f2bb,3,N(+5)+Na(+1),3.2928,1.3,2.45009e-06,,2.31
montmorillonite-*-U(+6),montmorillonite,,U(+6),hchk01,hchk01_f2bb,4,N(+5)+Na(+1),3.4484,1.3,3.35245e-06,,2.31
montmorillonite-*-U(+6),montmorillonite,,U(+6),hchk01,hchk01_f2bb,5,N(+5)+Na(+1),3.5358,1.3,4.05168e-06,,2.31
montmorillonite-*-U(+6),montmorillonite,,U(+6),hchk01,hchk01_f2bb,6,N(+5)+Na(+1),3.7205,1.3,6.1717e-06,,2.31
montmorillonite-*-U(+6),montmorillonite,,U(+6),hchk01,hchk01_f2bb,7,N(+5)+Na(+1),4.1774,1.3,7.59351e-06,,2.31
montmorillonite-*-U(+6),montmorillonite,,U(+6),hchk01,hchk01_f2bb,8,N(+5)+Na(+1),4.5175,1.3,9.01499e-06,,2.31
montmorillonite-*-U(+6),montmorillonite,,U(+6),hchk01,hchk01_f2bb,9,N(+5)+Na(+1),5.5577,1.3,9.82964e-06,,2.31
montmorillonite-*-U(+6),montmorillonite,,U(+6),hchk01,hchk01_f2bb,10,N(+5)+Na(+1),6.1118,1.3,9.78611e-06,,2.31
montmorillonite-*-U(+6),montmorillonite,,U(+6),hchk01,hchk01_f2bb,11,N(+5)+Na(+1),6.588,1.3,9.51688e-06,,2.31
montmorillonite-*-U(+6),montmorillonite,,U(+6),hchk01,hchk01_f2bb,12,N(+5)+Na(+1),7.0255,1.3,8.63874e-06,,2.31
montmorillonite-*-U(+6),montmorillonite,,U(+6),hchk01,hchk01_f2bc,1,N(+5)+Na(+1),2.7388,1.3,8.4763e-06,,2.31
montmorillonite-*-U(+6),montmorillonite,,U(+6),hchk01,hchk01_f2bc,2,N(+5)+Na(+1),3.0304,1.3,1.27686e-05,,2.31
montmorillonite-*-U(+6),montmorillonite,,U(+6),hchk01,hchk01_f2bc,3,N(+5)+Na(+1),3.1665,1.3,1.84094e-05,,2.31
montmorillonite-*-U(+6),montmorillonite,,U(+6),hchk01,hchk01_f2bc,4,N(+5)+Na(+1),3.6524,1.3,3.82652e-05,,2.31
montmorillonite-*-U(+6),montmorillonite,,U(+6),hchk01,hchk01_f2bc,5,N(+5)+Na(+1),4.2649,1.3,4.21157e-05,,2.31
montmorillonite-*-U(+6),montmorillonite,,U(+6),hchk01,hchk01_f2bc,6,N(+5)+Na(+1),4.6343,1.3,5.15962e-05,,2.31
montmorillonite-*-U(+6),montmorillonite,,U(+6),hchk01,hchk01_f2bc,7,N(+5)+Na(+1),4.6926,1.3,5.56564e-05,,2.31
montmorillonite-*-U(+6),montmorillonite,,U(+6),hchk01,hchk01_f2bc,8,N(+5)+Na(+1),7.1713,1.3,7.35392e-05,,2.31
montmorillonite-*-U(+6),montmorillonite,,U(+6),hchk01,hchk01_f2bc,9,N(+5)+Na(+1),6.8505,1.3,8.18729e-05,,2.31
montmorillonite-*-U(+6),montmorillonite,,U(+6),hchk01,hchk01_f2bc,10,N(+5)+Na(+1),6.5103,1.3,8.5471e-05,,2.31
montmorillonite-*-U(+6),montmorillonite,,U(+6),hchk01,hchk01_f2bc,11,N(+5)+Na(+1),5.5091,1.3,8.25114e-05,,2.31
montmorillonite-*-U(+6),montmorillonite,,U(+6),hchk01,hchk01_f2bc,12,N(+5)+Na(+1),5.5577,1.3,8.09344e-05,,2.31
montmorillonite-*-U(+6),montmorillonite,,U(+6),hchk01,hchk01_f4a,1,N(+5)+Na(+1),3.7877,0.013000000000000001,7.78733e-08,,2.31
montmorillonite-*-U(+6),montmorillonite,,U(+6),hchk01,hchk01_f4a,2,N(+5)+Na(+1),4.158,0.013000000000000001,8.46402e-08,,2.31
montmorillonite-*-U(+6),montmorillonite,,U(+6),hchk01,hchk01_f4a,3,N(+5)+Na(+1),4.5284,0.013000000000000001,8.60365e-08,,2.31
montmorillonite-*-U(+6),montmorillonite,,U(+6),hchk01,hchk01_f4a,4,N(+5)+Na(+1),4.9727,0.013000000000000001,9.0333e-08,,2.31
montmorillonite-*-U(+6),montmorillonite,,U(+6),hchk01,hchk01_f4a,5,N(+5)+Na(+1),5.6741,0.013000000000000001,9.04404e-08,,2.31
montmorillonite-*-U(+6),montmorillonite,,U(+6),hchk01,hchk01_f4a,6,N(+5)+Na(+1),6.2814,0.013000000000000001,9.0333e-08,,2.31
montmorillonite-*-U(+6),montmorillonite,,U(+6),hchk01,hchk01_f4a,7,N(+5)+Na(+1),6.6568,0.013000000000000001,9.01182e-08,,2.31
montmorillonite-*-U(+6),montmorillonite,,U(+6),hchk01,hchk01_f4a,8,N(+5)+Na(+1),7.1605,0.013000000000000001,9.0333e-08,,2.31
montmorillonite-*-U(+6),montmorillonite,,U(+6),hchk01,hchk01_f4a,9,N(+5)+Na(+1),7.8765,0.013000000000000001,8.65735e-08,,2.31
montmorillonite-*-U(+6),montmorillonite,,U(+6),hchk01,hchk01_f4a,10,N(+5)+Na(+1),9.4617,0.013000000000000001,6.39098e-08,,2.31
montmorillonite-*-U(+6),montmorillonite,,U(+6),hchk01,hchk01_f4a,11,N(+5)+Na(+1),9.0617,0.013000000000000001,7.00322e-08,,2.31
montmorillonite-*-U(+6),montmorillonite,,U(+6),hchk01,hchk01_f4a,12,N(+5)+Na(+1),8.8938,0.013000000000000001,7.55102e-08,,2.31
montmorillonite-*-U(+6),montmorillonite,,U(+6),hchk01,hchk01_f4b,1,N(+5)+Na(+1),3.2428,1.3,1.3484e-08,,2.31
montmorillonite-*-U(+6),montmorillonite,,U(+6),hchk01,hchk01_f4b,2,N(+5)+Na(+1),3.3249,1.3,2.30266e-08,,2.31
montmorillonite-*-U(+6),montmorillonite,,U(+6),hchk01,hchk01_f4b,3,N(+5)+Na(+1),3.4985,1.3,4.90086e-08,,2.31
montmorillonite-*-U(+6),montmorillonite,,U(+6),hchk01,hchk01_f4b,4,N(+5)+Na(+1),3.6823,1.3,6.64851e-08,,2.31
montmorillonite-*-U(+6),montmorillonite,,U(+6),hchk01,hchk01_f4b,5,N(+5)+Na(+1),4.065,1.3,8.76455e-08,,2.31
montmorillonite-*-U(+6),montmorillonite,,U(+6),hchk01,hchk01_f4b,6,N(+5)+Na(+1),5.0846,1.3,9.61806e-08,,2.31
montmorillonite-*-U(+6),montmorillonite,,U(+6),hchk01,hchk01_f4b,7,N(+5)+Na(+1),5.7694,1.3,9.62003e-08,,2.31
montmorillonite-*-U(+6),montmorillonite,,U(+6),hchk01,hchk01_f4b,8,N(+5)+Na(+1),6.1386,1.3,9.64408e-08,,2.31
montmorillonite-*-U(+6),montmorillonite,,U(+6),hchk01,hchk01_f4b,9,N(+5)+Na(+1),6.498,1.3,9.64511e-08,,2.31
montmorillonite-*-U(+6),montmorillonite,,U(+6),hchk01,hchk01_f4b,10,N(+5)+Na(+1),6.838,1.3,9.65758e-08,,2.31
montmorillonite-*-U(+6),montmorillonite,,U(+6),hchk01,hchk01_f5a,1,N(+5)+Na(+1),3.9167,0.013000000000000001,9.46803e-06,,2.31
montmorillonite-*-U(+6),montmorillonite,,U(+6),hchk01,hchk01_f5a,2,N(+5)+Na(+1),4.1961,0.013000000000000001,9.60493e-06,,2.31
montmorillonite-*-U(+6),montmorillonite,,U(+6),hchk01,hchk01_f5a,3,N(+5)+Na(+1),4.5815,0.013000000000000001,9.76476e-06,,2.31
montmorillonite-*-U(+6),montmorillonite,,U(+6),hchk01,hchk01_f5a,4,N(+5)+Na(+1),5.092,0.013000000000000001,9.71998e-06,,2.31
montmorillonite-*-U(+6),montmorillonite,,U(+6),hchk01,hchk01_f5a,5,N(+5)+Na(+1),5.7086,0.013000000000000001,9.88013e-06,,2.31
montmorillonite-*-U(+6),montmorillonite,,U(+6),hchk01,hchk01_f5a,6,N(+5)+Na(+1),6.2576,0.013000000000000001,9.7899e-06,,2.31
montmorillonite-*-U(+6),montmorillonite,,U(+6),hchk01,hchk01_f5a,7,N(+5)+Na(+1),6.7487,0.013000000000000001,9.56307e-06,,2.31
montmorillonite-*-U(+6),montmorillonite,,U(+6),hchk01,hchk01_f5a,8,N(+5)+Na(+1),7.3074,0.013000000000000001,9.42734e-06,,2.31
montmorillonite-*-U(+6),montmorillonite,,U(+6),hchk01,hchk01_f5a,9,N(+5)+Na(+1),8.1451,0.013000000000000001,8.70043e-06,,2.31
montmorillonite-*-U(+6),montmorillonite,,U(+6),hchk01,hchk01_f5a,10,N(+5)+Na(+1),8.9245,0.013000000000000001,6.97229e-06,,2.31
montmorillonite-*-U(+6),montmorillonite,,U(+6),hchk01,hchk01_f5a,11,N(+5)+Na(+1),9.1075,0.013000000000000001,6.97256e-06,,2.31
montmorillonite-*-U(+6),montmorillonite,,U(+6),hchk01,hchk01_f5a,12,N(+5)+Na(+1),9.4921,0.013000000000000001,5.47141e-06,,2.31
montmorillonite-*-U(+6),montmorillonite,,U(+6),hchk01,hchk01_f5b,1,N(+5)+Na(+1),2.7383,1.3,8.5819e-07,,2.31
montmorillonite-*-U(+6),montmorillonite,,U(+6),hchk01,hchk01_f5b,2,N(+5)+Na(+1),3.0466,1.3,1.47578e-06,,2.31
montmorillonite-*-U(+6),montmorillonite,,U(+6),hchk01,hchk01_f5b,3,N(+5)+Na(+1),3.2721,1.3,2.33325e-06,,2.31
montmorillonite-*-U(+6),montmorillonite,,U(+6),hchk01,hchk01_f5b,4,N(+5)+Na(+1),3.4391,1.3,3.28206e-06,,2.31
montmorillonite-*-U(+6),montmorillonite,,U(+6),hchk01,hchk01_f5b,5,N(+5)+Na(+1),3.5276,1.3,3.94504e-06,,2.31
montmorillonite-*-U(+6),montmorillonite,,U(+6),hchk01,hchk01_f5b,6,N(+5)+Na(+1),3.7056,1.3,6.15101e-06,,2.31
montmorillonite-*-U(+6),montmorillonite,,U(+6),hchk01,hchk01_f5b,7,N(+5)+Na(+1),4.1612,1.3,7.5688e-06,,2.31
montmorillonite-*-U(+6),montmorillonite,,U(+6),hchk01,hchk01_f5b,8,N(+5)+Na(+1),4.5045,1.3,8.99786e-06,,2.31
montmorillonite-*-U(+6),montmorillonite,,U(+6),hchk01,hchk01_f5b,9,N(+5)+Na(+1),5.5408,1.3,9.84506e-06,,2.31
montmorillonite-*-U(+6),montmorillonite,,U(+6),hchk01,hchk01_f5b,10,N(+5)+Na(+1),6.0877,1.3,9.80013e-06,,2.31
montmorillonite-*-U(+6),montmorillonite,,U(+6),hchk01,hchk01_f5b,11,N(+5)+Na(+1),6.5807,1.3,9.52654e-06,,2.31
montmorillonite-*-U(+6),montmorillonite,,U(+6),hchk01,hchk01_f5b,12,N(+5)+Na(+1),7.0145,1.3,8.61288e-06,,2.31
montmorillonite-*-U(+6),montmorillonite,,U(+6),hchk01,hchk01_f6a,1,N(+5)+Na(+1),3.1658,0.013000000000000001,9.12911e-05,,2.31
montmorillonite-*-U(+6),montmorillonite,,U(+6),hchk01,hchk01_f6a,2,N(+5)+Na(+1),3.292,0.013000000000000001,9.26707e-05,,2.31
montmorillonite-*-U(+6),montmorillonite,,U(+6),hchk01,hchk01_f6a,3,N(+5)+Na(+1),3.4183,0.013000000000000001,9.32465e-05,,2.31
montmorillonite-*-U(+6),montmorillonite,,U(+6),hchk01,hchk01_f6a,4,N(+5)+Na(+1),3.6029,0.013000000000000001,9.43973e-05,,2.31
montmorillonite-*-U(+6),montmorillonite,,U(+6),hchk01,hchk01_f6a,5,N(+5)+Na(+1),3.8166,0.013000000000000001,9.54336e-05,,2.31
montmorillonite-*-U(+6),montmorillonite,,U(+6),hchk01,hchk01_f6a,6,N(+5)+Na(+1),4.0401,0.013000000000000001,9.26814e-05,,2.31
montmorillonite-*-U(+6),montmorillonite,,U(+6),hchk01,hchk01_f6a,7,N(+5)+Na(+1),4.3704,0.013000000000000001,9.63601e-05,,2.31
montmorillonite-*-U(+6),montmorillonite,,U(+6),hchk01,hchk01_f6a,8,N(+5)+Na(+1),4.7201,0.013000000000000001,9.67095e-05,,2.31
montmorillonite-*-U(+6),montmorillonite,,U(+6),hchk01,hchk01_f6a,9,N(+5)+Na(+1),2.8646,0.013000000000000001,8.95646e-05,,2.31
montmorillonite-*-U(+6),montmorillonite,,U(+6),hchk01,hchk01_f6a,10,N(+5)+Na(+1),2.9423,0.013000000000000001,8.99102e-05,,2.31
montmorillonite-*-U(+6),montmorillonite,,U(+6),hchk01,hchk01_f6a,11,N(+5)+Na(+1),5.2349,0.013000000000000001,9.56836e-05,,2.31
montmorillonite-*-U(+6),montmorillonite,,U(+6),hchk01,hchk01_f6a,12,N(+5)+Na(+1),5.7596,0.013000000000000001,9.16728e-05,,2.31
montmorillonite-*-U(+6),montmorillonite,,U(+6),hchk01,hchk01_f6a,13,N(+5)+Na(+1),6.3618,0.013000000000000001,8.39891e-05,,2.31
montmorillonite-*-U(+6),montmorillonite,,U(+6),hchk01,hchk01_f6a,14,N(+5)+Na(+1),7.4208,0.013000000000000001,8.11341e-05,,2.31
montmorillonite-*-U(+6),montmorillonite,,U(+6),hchk01,hchk01_f6b,1,N(+5)+Na(+1),2.7368,1.3,7.2436e-06,,2.31
montmorillonite-*-U(+6),montmorillonite,,U(+6),hchk01,hchk01_f6b,2,N(+5)+Na(+1),3.025,1.3,1.1955e-05,,2.31
montmorillonite-*-U(+6),montmorillonite,,U(+6),hchk01,hchk01_f6b,3,N(+5)+Na(+1),3.1618,1.3,1.72383e-05,,2.31
montmorillonite-*-U(+6),montmorillonite,,U(+6),hchk01,hchk01_f6b,4,N(+5)+Na(+1),3.6505,1.3,3.73371e-05,,2.31
montmorillonite-*-U(+6),montmorillonite,,U(+6),hchk01,hchk01_f6b,5,N(+5)+Na(+1),4.2557,1.3,4.13642e-05,,2.31
montmorillonite-*-U(+6),montmorillonite,,U(+6),hchk01,hchk01_f6b,6,N(+5)+Na(+1),4.6318,1.3,5.1358e-05,,2.31
montmorillonite-*-U(+6),montmorillonite,,U(+6),hchk01,hchk01_f6b,7,N(+5)+Na(+1),4.6806,1.3,5.51475e-05,,2.31
montmorillonite-*-U(+6),montmorillonite,,U(+6),hchk01,hchk01_f6b,8,N(+5)+Na(+1),6.487,1.3,8.5139e-05,,2.31
montmorillonite-*-U(+6),montmorillonite,,U(+6),hchk01,hchk01_f6b,9,N(+5)+Na(+1),6.838,1.3,8.18146e-05,,2.31
montmorillonite-*-U(+6),montmorillonite,,U(+6),hchk01,hchk01_f6b,10,N(+5)+Na(+1),7.1499,1.3,7.28638e-05,,2.31
montmorillonite-*-U(+6),montmorillonite,,U(+6),hchk01,hchk01_f6b,11,N(+5)+Na(+1),5.5405,1.3,8.01886e-05,,2.31
montmorillonite-*-U(+6),montmorillonite,,U(+6),hchk01,hchk01_f6b,12,N(+5)+Na(+1),5.4821,1.3,8.21395e-05,,2.31
montmorillonite-*-U(+6),montmorillonite,,U(+6),bb05,bb05_fa5ba,1,N(+5)+Na(+1),1.94009,1.3,3.44775e-10,,2.31
montmorillonite-*-U(+6),montmorillonite,,U(+6),bb05,bb05_fa5ba,2,N(+5)+Na(+1),2.48544,1.3,7.99433e-10,,2.31
montmorillonite-*-U(+6),montmorillonite,,U(+6),bb05,bb05_fa5ba,3,N(+5)+Na(+1),2.20355,1.3,1.94203e-09,,2.31
montmorillonite-*-U(+6),montmorillonite,,U(+6),bb05,bb05_fa5ba,4,N(+5)+Na(+1),3.50971,1.3,6.01676e-09,,2.31
montmorillonite-*-U(+6),montmorillonite,,U(+6),bb05,bb05_fa5ba,5,N(+5)+Na(+1),3.7252,1.3,3.38895e-09,,2.31
montmorillonite-*-U(+6),montmorillonite,,U(+6),bb05,bb05_fa5ba,6,N(+5)+Na(+1),3.84087,1.3,4.03991e-09,,2.31
montmorillonite-*-U(+6),montmorillonite,,U(+6),bb05,bb05_fa5ba,7,N(+5)+Na(+1),4.00636,1.3,3.84339e-09,,2.31
montmorillonite-*-U(+6),montmorillonite,,U(+6),bb05,bb05_fa5ba,8,N(+5)+Na(+1),3.26316,1.3,6.5294e-10,,2.31
montmorillonite-*-U(+6),montmorillonite,,U(+6),bb05,bb05_fa5ba,9,N(+5)+Na(+1),4.65028,1.3,2.15412e-08,,2.31
montmorillonite-*-U(+6),montmorillonite,,U(+6),bb05,bb05_fa5ba,10,N(+5)+Na(+1),4.86502,1.3,3.21886e-08,,2.31
montmorillonite-*-U(+6),montmorillonite,,U(+6),bb05,bb05_fa5ba,11,N(+5)+Na(+1),7.03145,1.3,7.77218e-08,,2.31
montmorillonite-*-U(+6),montmorillonite,,U(+6),bb05,bb05_fa5ba,12,N(+5)+Na(+1),7.23006,1.3,7.28059e-08,,2.31
montmorillonite-*-U(+6),montmorillonite,,U(+6),bb05,bb05_fa5ba,13,N(+5)+Na(+1),7.01504,1.3,6.91931e-08,,2.31
montmorillonite-*-U(+6),montmorillonite,,U(+6),bb05,bb05_fa5ba,14,N(+5)+Na(+1),6.2041,1.3,8.78957e-08,,2.31
montmorillonite-*-U(+6),montmorillonite,,U(+6),bb05,bb05_fa5ba,15,N(+5)+Na(+1),6.50204,1.3,7.76851e-08,,2.31
montmorillonite-*-U(+6),montmorillonite,,U(+6),bb05,bb05_fa5ba,16,N(+5)+Na(+1),6.80017,1.3,5.68254e-08,,2.31
montmorillonite-*-U(+6),montmorillonite,,U(+6),bb05,bb05_fa5ba,17,N(+5)+Na(+1),7.23044,1.3,4.97518e-08,,2.31
montmorillonite-*-U(+6),montmorillonite,,U(+6),bb05,bb05_fa5ba,18,N(+5)+Na(+1),7.62777,1.3,3.67067e-08,,2.31
montmorillonite-*-U(+6),montmorillonite,,U(+6),bb05,bb05_fa5ba,19,N(+5)+Na(+1),7.62812,1.3,2.42272e-08,,2.31
montmorillonite-*-U(+6),montmorillonite,,U(+6),bb05,bb05_fa5ba,20,N(+5)+Na(+1),7.81035,1.3,1.79749e-08,,2.31
montmorillonite-*-U(+6),montmorillonite,,U(+6),bb05,bb05_fa5ba,21,N(+5)+Na(+1),8.12542,1.3,6.85259e-09,,2.31
montmorillonite-*-U(+6),montmorillonite,,U(+6),bb05,bb05_fa5ba,22,N(+5)+Na(+1),8.60556,1.3,4.16983e-09,,2.31
montmorillonite-*-U(+6),montmorillonite,,U(+6),bb05,bb05_fa5ba,23,N(+5)+Na(+1),8.93841,1.3,2.76827e-10,,2.31
montmorillonite-*-U(+6),montmorillonite,,U(+6),bb05,bb05_fa5bb,1,N(+5)+Na(+1),2.1713,1.3,5.57484e-09,,2.31
montmorillonite-*-U(+6),montmorillonite,,U(+6),bb05,bb05_fa5bb,2,N(+5)+Na(+1),3.29579,1.3,1.10972e-08,,2.31
montmorillonite-*-U(+6),montmorillonite,,U(+6),bb05,bb05_fa5bb,3,N(+5)+Na(+1),2.7175,1.3,4.03432e-09,,2.31
montmorillonite-*-U(+6),montmorillonite,,U(+6),bb05,bb05_fa5bb,4,N(+5)+Na(+1),2.96571,1.3,3.74359e-09,,2.31
montmorillonite-*-U(+6),montmorillonite,,U(+6),bb05,bb05_fa5bb,5,N(+5)+Na(+1),3.94035,1.3,2.57501e-08,,2.31
montmorillonite-*-U(+6),montmorillonite,,U(+6),bb05,bb05_fa5bb,6,N(+5)+Na(+1),5.29504,1.3,1.39299e-07,,2.31
montmorillonite-*-U(+6),montmorillonite,,U(+6),bb05,bb05_fa5bb,7,N(+5)+Na(+1),5.74153,1.3,1.51318e-07,,2.31
montmorillonite-*-U(+6),montmorillonite,,U(+6),bb05,bb05_fa5bb,8,N(+5)+Na(+1),6.02274,1.3,1.5336e-07,,2.31
montmorillonite-*-U(+6),montmorillonite,,U(+6),bb05,bb05_fa5bb,9,N(+5)+Na(+1),5.87357,1.3,1.66923e-07,,2.31
montmorillonite-*-U(+6),montmorillonite,,U(+6),bb05,bb05_fa5bb,10,N(+5)+Na(+1),6.155,1.3,1.58211e-07,,2.31
montmorillonite-*-U(+6),montmorillonite,,U(+6),bb05,bb05_fa5bb,11,N(+5)+Na(+1),6.70079,1.3,1.66146e-07,,2.31
montmorillonite-*-U(+6),montmorillonite,,U(+6),bb05,bb05_fa5bb,12,N(+5)+Na(+1),6.86677,1.3,1.35903e-07,,2.31
montmorillonite-*-U(+6),montmorillonite,,U(+6),bb05,bb05_fa5bb,13,N(+5)+Na(+1),7.1811,1.3,1.37099e-07,,2.31
montmorillonite-*-U(+6),montmorillonite,,U(+6),bb05,bb05_fa5bb,14,N(+5)+Na(+1),7.08219,1.3,1.13412e-07,,2.31
montmorillonite-*-U(+6),montmorillonite,,U(+6),bb05,bb05_fa5bb,15,N(+5)+Na(+1),7.51239,1.3,1.09526e-07,,2.31
montmorillonite-*-U(+6),montmorillonite,,U(+6),bb05,bb05_fa5bb,16,N(+5)+Na(+1),7.59616,1.3,4.22886e-08,,2.31
montmorillonite-*-U(+6),montmorillonite,,U(+6),bb05,bb05_fa5bb,17,N(+5)+Na(+1),7.94455,1.3,1.32113e-08,,2.31
montmorillonite-*-U(+6),montmorillonite,,U(+6),bb05,bb05_fa5bb,18,N(+5)+Na(+1),8.87436,1.3,1.35606e-10,,2.31
montmorillonite-*-U(+6),montmorillonite,,U(+6),bb05,bb05_fa5bb,19,N(+5)+Na(+1),4.22112,1.3,4.47526e-08,,2.31
montmorillonite-*-U(+6),montmorillonite,,U(+6),bb05,bb05_fa5bc,1,N(+5)+Na(+1),1.69233,1.3,2.37098e-08,,2.31
montmorillonite-*-U(+6),montmorillonite,,U(+6),bb05,bb05_fa5bc,2,N(+5)+Na(+1),2.18841,1.3,3.18482e-08,,2.31
montmorillonite-*-U(+6),montmorillonite,,U(+6),bb05,bb05_fa5bc,3,N(+5)+Na(+1),2.50268,1.3,3.47993e-08,,2.31
montmorillonite-*-U(+6),montmorillonite,,U(+6),bb05,bb05_fa5bc,4,N(+5)+Na(+1),3.2631,1.3,6.80817e-08,,2.31
montmorillonite-*-U(+6),montmorillonite,,U(+6),bb05,bb05_fa5bc,5,N(+5)+Na(+1),3.59354,1.3,1.01763e-07,,2.31
montmorillonite-*-U(+6),montmorillonite,,U(+6),bb05,bb05_fa5bc,6,N(+5)+Na(+1),4.13886,1.3,1.55499e-07,,2.31
montmorillonite-*-U(+6),montmorillonite,,U(+6),bb05,bb05_fa5bc,7,N(+5)+Na(+1),4.27103,1.3,1.69455e-07,,2.31
montmorillonite-*-U(+6),montmorillonite,,U(+6),bb05,bb05_fa5bc,8,N(+5)+Na(+1),4.63421,1.3,2.13291e-07,,2.31
montmorillonite-*-U(+6),montmorillonite,,U(+6),bb05,bb05_fa5bc,9,N(+5)+Na(+1),4.91502,1.3,2.2674e-07,,2.31
montmorillonite-*-U(+6),montmorillonite,,U(+6),bb05,bb05_fa5bc,10,N(+5)+Na(+1),6.9497,1.3,2.31652e-07,,2.31
montmorillonite-*-U(+6),montmorillonite,,U(+6),bb05,bb05_fa5bc,11,N(+5)+Na(+1),7.8608,1.3,1.89215e-07,,2.31
montmorillonite-*-U(+6),montmorillonite,,U(+6),bb05,bb05_fa5bc,12,N(+5)+Na(+1),7.94398,1.3,1.57248e-07,,2.31
montmorillonite-*-U(+6),montmorillonite,,U(+6),bb05,bb05_fa5bc,13,N(+5)+Na(+1),8.15944,1.3,1.25411e-07,,2.31
montmorillonite-*-U(+6),montmorillonite,,U(+6),bb05,bb05_fa5bc,14,N(+5)+Na(+1),8.20979,1.3,6.84272e-08,,2.31
montmorillonite-*-U(+6),montmorillonite,,U(+6),bb05,bb05_fa5bc,15,N(+5)+Na(+1),8.45889,1.3,2.33709e-08,,2.31
montmorillonite-*-U(+6),montmorillonite,,U(+6),bb05,bb05_fa5bc,16,N(+5)+Na(+1),8.70688,1.3,2.8709e-08,,2.31
montmorillonite-*-U(+6),montmorillonite,,U(+6),bb05,bb05_fa5bc,17,N(+5)+Na(+1),8.741,1.3,7.54634e-09,,2.31
montmorillonite-*-U(+6),montmorillonite,,U(+6),bb05,bb05_fa5bc,18,N(+5)+Na(+1),9.00633,1.3,3.22692e-09,,2.31
montmorillonite-*-U(+6),montmorillonite,,U(+6),bb05,bb05_fa5bc,19,N(+5)+Na(+1),6.60099,1.3,2.42657e-07,,2.31
montmorillonite-*-U(+6),montmorillonite,,U(+6),bb05,bb05_fa5bc,20,N(+5)+Na(+1),6.22076,1.3,2.41578e-07,,2.31
montmorillonite-*-U(+6),montmorillonite,,U(+6),bb05,bb05_fa5bc,21,N(+5)+Na(+1),6.12155,1.3,2.41309e-07,,2.31
montmorillonite-*-U(+6),montmorillonite,,U(+6),bb05,bb05_fa5bc,22,N(+5)+Na(+1),7.51261,1.3,2.22533e-07,,2.31
montmorillonite-*-U(+6),montmorillonite,,U(+6),bb05,bb05_fa5bc,23,N(+5)+Na(+1),6.50259,1.3,2.37391e-07,,2.31
montmorillonite-*-U(+6),montmorillonite,,U(+6),bb05,bb05_fa5bc,24,N(+5)+Na(+1),6.41969,1.3,2.39063e-07,,2.31
montmorillonite-*-U(+6),montmorillonite,,U(+6),bb05,bb05_fa5bc,25,N(+5)+Na(+1),6.38621,1.3,2.41491e-07,,2.31
montmorillonite-*-U(+6),montmorillonite,,U(+6),bb05,bb05_fa5bc,26,N(+5)+Na(+1),7.26413,1.3,2.29953e-07,,2.31
montmorillonite-*-U(+6),montmorillonite,,U(+6),bb05,bb05_fa5bc,27,N(+5)+Na(+1),7.69445,1.3,2.25928e-07,,2.31
montmorillonite-*-U(+6),montmorillonite,,U(+6),bb05,bb05_fa5bc,28,N(+5)+Na(+1),7.62904,1.3,1.9751e-07,,2.31
montmorillonite-*-U(+6),montmorillonite,,U(+6),bb05,bb05_fa5bc,29,N(+5)+Na(+1),1.99012,1.3,2.37189e-08,,2.31
montmorillonite-*-U(+6),montmorillonite,,U(+6),ptbp98,ptbp98_f8ba,1,N(+5)+Na(+1),1.6549,1.3,2.35175e-08,,2.31
montmorillonite-*-U(+6),montmorillonite,,U(+6),ptbp98,ptbp98_f8ba,2,N(+5)+Na(+1),1.8584,1.3,2.47352e-08,,2.31
montmorillonite-*-U(+6),montmorillonite,,U(+6),ptbp98,ptbp98_f8ba,3,N(+5)+Na(+1),2.177,1.3,3.00664e-08,,2.31
montmorillonite-*-U(+6),montmorillonite,,U(+6),ptbp98,ptbp98_f8ba,4,N(+5)+Na(+1),2.4602,1.3,3.29794e-08,,2.31
montmorillonite-*-U(+6),montmorillonite,,U(+6),ptbp98,ptbp98_f8ba,5,N(+5)+Na(+1),2.8938,1.3,5.13618e-08,,2.31
montmorillonite-*-U(+6),montmorillonite,,U(+6),ptbp98,ptbp98_f8ba,6,N(+5)+Na(+1),3.0354,1.3,6.321e-08,,2.31
montmorillonite-*-U(+6),montmorillonite,,U(+6),ptbp98,ptbp98_f8ba,7,N(+5)+Na(+1),3.2212,1.3,6.80512e-08,,2.31
montmorillonite-*-U(+6),montmorillonite,,U(+6),ptbp98,ptbp98_f8ba,8,N(+5)+Na(+1),3.6726,1.3,1.0214e-07,,2.31
montmorillonite-*-U(+6),montmorillonite,,U(+6),ptbp98,ptbp98_f8ba,9,N(+5)+Na(+1),4.1062,1.3,1.49759e-07,,2.31
montmorillonite-*-U(+6),montmorillonite,,U(+6),ptbp98,ptbp98_f8ba,10,N(+5)+Na(+1),4.2655,1.3,1.58706e-07,,2.31
montmorillonite-*-U(+6),montmorillonite,,U(+6),ptbp98,ptbp98_f8ba,11,N(+5)+Na(+1),4.6637,1.3,2.07049e-07,,2.31
montmorillonite-*-U(+6),montmorillonite,,U(+6),ptbp98,ptbp98_f8ba,12,N(+5)+Na(+1),4.9292,1.3,2.25667e-07,,2.31
montmorillonite-*-U(+6),montmorillonite,,U(+6),ptbp98,ptbp98_f8ba,13,N(+5)+Na(+1),5.1681,1.3,2.35345e-07,,2.31
montmorillonite-*-U(+6),montmorillonite,,U(+6),ptbp98,ptbp98_f8ba,14,N(+5)+Na(+1),5.8319,1.3,2.43591e-07,,2.31
montmorillonite-*-U(+6),montmorillonite,,U(+6),ptbp98,ptbp98_f8ba,15,N(+5)+Na(+1),6.0885,1.3,2.43604e-07,,2.31
montmorillonite-*-U(+6),montmorillonite,,U(+6),ptbp98,ptbp98_f8ba,16,N(+5)+Na(+1),6.1327,1.3,2.41913e-07,,2.31
montmorillonite-*-U(+6),montmorillonite,,U(+6),ptbp98,ptbp98_f8ba,17,N(+5)+Na(+1),6.2655,1.3,2.39745e-07,,2.31
montmorillonite-*-U(+6),montmorillonite,,U(+6),ptbp98,ptbp98_f8ba,18,N(+5)+Na(+1),6.4425,1.3,2.4048e-07,,2.31
montmorillonite-*-U(+6),montmorillonite,,U(+6),ptbp98,ptbp98_f8ba,19,N(+5)+Na(+1),6.4867,1.3,2.39272e-07,,2.31
montmorillonite-*-U(+6),montmorillonite,,U(+6),ptbp98,ptbp98_f8ba,20,N(+5)+Na(+1),6.5398,1.3,2.38792e-07,,2.31
montmorillonite-*-U(+6),montmorillonite,,U(+6),ptbp98,ptbp98_f8ba,21,N(+5)+Na(+1),6.6018,1.3,2.48219e-07,,2.31
montmorillonite-*-U(+6),montmorillonite,,U(+6),ptbp98,ptbp98_f8ba,22,N(+5)+Na(+1),6.6106,1.3,2.43385e-07,,2.31
montmorillonite-*-U(+6),montmorillonite,,U(+6),ptbp98,ptbp98_f8ba,23,N(+5)+Na(+1),6.8053,1.3,2.36873e-07,,2.31
montmorillonite-*-U(+6),montmorillonite,,U(+6),ptbp98,ptbp98_f8ba,24,N(+5)+Na(+1),6.9292,1.3,2.30596e-07,,2.31
montmorillonite-*-U(+6),montmorillonite,,U(+6),ptbp98,ptbp98_f8ba,25,N(+5)+Na(+1),7.2478,1.3,2.2602e-07,,2.31
montmorillonite-*-U(+6),montmorillonite,,U(+6),ptbp98,ptbp98_f8ba,26,N(+5)+Na(+1),7.4513,1.3,2.19265e-07,,2.31
montmorillonite-*-U(+6),montmorillonite,,U(+6),ptbp98,ptbp98_f8ba,27,N(+5)+Na(+1),7.531,1.3,2.24344e-07,,2.31
montmorillonite-*-U(+6),montmorillonite,,U(+6),ptbp98,ptbp98_f8ba,28,N(+5)+Na(+1),7.6106,1.3,1.89311e-07,,2.31
montmorillonite-*-U(+6),montmorillonite,,U(+6),ptbp98,ptbp98_f8ba,29,N(+5)+Na(+1),7.8938,1.3,1.81837e-07,,2.31
montmorillonite-*-U(+6),montmorillonite,,U(+6),ptbp98,ptbp98_f8ba,30,N(+5)+Na(+1),7.9204,1.3,1.50185e-07,,2.31
montmorillonite-*-U(+6),montmorillonite,,U(+6),ptbp98,ptbp98_f8ba,31,N(+5)+Na(+1),8.1504,1.3,1.20236e-07,,2.31
montmorillonite-*-U(+6),montmorillonite,,U(+6),ptbp98,ptbp98_f8ba,32,N(+5)+Na(+1),8.177,1.3,6.97392e-08,,2.31
montmorillonite-*-U(+6),montmorillonite,,U(+6),ptbp98,ptbp98_f8ba,33,N(+5)+Na(+1),8.4336,1.3,2.11876e-08,,2.31
montmorillonite-*-U(+6),montmorillonite,,U(+6),ptbp98,ptbp98_f8ba,34,N(+5)+Na(+1),8.6991,1.3,2.79643e-08,,2.31
montmorillonite-*-U(+6),montmorillonite,,U(+6),ptbp98,ptbp98_f8ba,35,N(+5)+Na(+1),8.7168,1.3,6.7032e-09,,2.31
montmorillonite-*-U(+6),montmorillonite,,U(+6),ptbp98,ptbp98_f8ba,36,N(+5)+Na(+1),8.9292,1.3,3.332e-09,,2.31
montmorillonite-*-U(+6),montmorillonite,,U(+6),ptbp98,ptbp98_f8bb,1,N(+5)+Na(+1),1.9027,1.3,2.10944e-09,,2.31
montmorillonite-*-U(+6),montmorillonite,,U(+6),ptbp98,ptbp98_f8bb,2,N(+5)+Na(+1),1.9204,1.3,-1.751e-09,,2.31
montmorillonite-*-U(+6),montmorillonite,,U(+6),ptbp98,ptbp98_f8bb,3,N(+5)+Na(+1),2.1858,1.3,5.57436e-09,,2.31
montmorillonite-*-U(+6),montmorillonite,,U(+6),ptbp98,ptbp98_f8bb,4,N(+5)+Na(+1),2.5133,1.3,-2.74186e-09,,2.31
montmorillonite-*-U(+6),montmorillonite,,U(+6),ptbp98,ptbp98_f8bb,5,N(+5)+Na(+1),2.7611,1.3,4.3775e-09,,2.31
montmorillonite-*-U(+6),montmorillonite,,U(+6),ptbp98,ptbp98_f8bb,6,N(+5)+Na(+1),2.9823,1.3,4.3878e-09,,2.31
montmorillonite-*-U(+6),montmorillonite,,U(+6),ptbp98,ptbp98_f8bb,7,N(+5)+Na(+1),3.3097,1.3,1.2121e-08,,2.31
montmorillonite-*-U(+6),montmorillonite,,U(+6),ptbp98,ptbp98_f8bb,8,N(+5)+Na(+1),3.6283,1.3,1.21334e-08,,2.31
montmorillonite-*-U(+6),montmorillonite,,U(+6),ptbp98,ptbp98_f8bb,9,N(+5)+Na(+1),3.9646,1.3,2.35231e-08,,2.31
montmorillonite-*-U(+6),montmorillonite,,U(+6),ptbp98,ptbp98_f8bb,10,N(+5)+Na(+1),4.2212,1.3,4.22238e-08,,2.31
montmorillonite-*-U(+6),montmorillonite,,U(+6),ptbp98,ptbp98_f8bb,11,N(+5)+Na(+1),4.2301,1.3,4.30375e-08,,2.31
montmorillonite-*-U(+6),montmorillonite,,U(+6),ptbp98,ptbp98_f8bb,12,N(+5)+Na(+1),5.2655,1.3,1.37954e-07,,2.31
montmorillonite-*-U(+6),montmorillonite,,U(+6),ptbp98,ptbp98_f8bb,13,N(+5)+Na(+1),5.531,1.3,1.62141e-07,,2.31
montmorillonite-*-U(+6),montmorillonite,,U(+6),ptbp98,ptbp98_f8bb,14,N(+5)+Na(+1),5.5398,1.3,1.59702e-07,,2.31
montmorillonite-*-U(+6),montmorillonite,,U(+6),ptbp98,ptbp98_f8bb,15,N(+5)+Na(+1),5.7788,1.3,1.5504e-07,,2.31
montmorillonite-*-U(+6),montmorillonite,,U(+6),ptbp98,ptbp98_f8bb,16,N(+5)+Na(+1),5.7876,1.3,1.65402e-07,,2.31
montmorillonite-*-U(+6),montmorillonite,,U(+6),ptbp98,ptbp98_f8bb,17,N(+5)+Na(+1),5.8053,1.3,1.60324e-07,,2.31
montmorillonite-*-U(+6),montmorillonite,,U(+6),ptbp98,ptbp98_f8bb,18,N(+5)+Na(+1),5.9381,1.3,1.69876e-07,,2.31
montmorillonite-*-U(+6),montmorillonite,,U(+6),ptbp98,ptbp98_f8bb,19,N(+5)+Na(+1),6.0088,1.3,1.60738e-07,,2.31
montmorillonite-*-U(+6),montmorillonite,,U(+6),ptbp98,ptbp98_f8bb,20,N(+5)+Na(+1),6.0531,1.3,1.77397e-07,,2.31
montmorillonite-*-U(+6),montmorillonite,,U(+6),ptbp98,ptbp98_f8bb,21,N(+5)+Na(+1),6.1504,1.3,1.61759e-07,,2.31
montmorillonite-*-U(+6),montmorillonite,,U(+6),ptbp98,ptbp98_f8bb,22,N(+5)+Na(+1),6.2478,1.3,1.68873e-07,,2.31
montmorillonite-*-U(+6),montmorillonite,,U(+6),ptbp98,ptbp98_f8bb,23,N(+5)+Na(+1),6.3894,1.3,1.60346e-07,,2.31
montmorillonite-*-U(+6),montmorillonite,,U(+6),ptbp98,ptbp98_f8bb,24,N(+5)+Na(+1),6.6195,1.3,1.62998e-07,,2.31
montmorillonite-*-U(+6),montmorillonite,,U(+6),ptbp98,ptbp98_f8bb,25,N(+5)+Na(+1),6.6283,1.3,1.66248e-07,,2.31
montmorillonite-*-U(+6),montmorillonite,,U(+6),ptbp98,ptbp98_f8bb,26,N(+5)+Na(+1),6.8584,1.3,1.4899e-07,,2.31
montmorillonite-*-U(+6),montmorillonite,,U(+6),ptbp98,ptbp98_f8bb,27,N(+5)+Na(+1),7.0619,1.3,1.18726e-07,,2.31
montmorillonite-*-U(+6),montmorillonite,,U(+6),ptbp98,ptbp98_f8bb,28,N(+5)+Na(+1),7.0708,1.3,1.12429e-07,,2.31
montmorillonite-*-U(+6),montmorillonite,,U(+6),ptbp98,ptbp98_f8bb,29,N(+5)+Na(+1),7.1327,1.3,1.35591e-07,,2.31
montmorillonite-*-U(+6),montmorillonite,,U(+6),ptbp98,ptbp98_f8bb,30,N(+5)+Na(+1),7.1416,1.3,1.31733e-07,,2.31
montmorillonite-*-U(+6),montmorillonite,,U(+6),ptbp98,ptbp98_f8bb,31,N(+5)+Na(+1),7.4513,1.3,1.06554e-07,,2.31
montmorillonite-*-U(+6),montmorillonite,,U(+6),ptbp98,ptbp98_f8bb,32,N(+5)+Na(+1),7.6018,1.3,4.37832e-08,,2.31
montmorillonite-*-U(+6),montmorillonite,,U(+6),ptbp98,ptbp98_f8bb,33,N(+5)+Na(+1),7.6106,1.3,4.17521e-08,,2.31
montmorillonite-*-U(+6),montmorillonite,,U(+6),ptbp98,ptbp98_f8bb,34,N(+5)+Na(+1),7.8761,1.3,1.27123e-08,,2.31
montmorillonite-*-U(+6),montmorillonite,,U(+6),ptbp98,ptbp98_f8bb,35,N(+5)+Na(+1),8.2301,1.3,-9.21438e-09,,2.31
montmorillonite-*-U(+6),montmorillonite,,U(+6),ptbp98,ptbp98_f8bb,36,N(+5)+Na(+1),8.6195,1.3,-1.16369e-08,,2.31
montmorillonite-*-U(+6),montmorillonite,,U(+6),ptbp98,ptbp98_f8bc,1,N(+5)+Na(+1),1.9513,1.3,4.956e-10,,2.31
montmorillonite-*-U(+6),montmorillonite,,U(+6),ptbp98,ptbp98_f8bc,2,N(+5)+Na(+1),2.1858,1.3,2.058e-09,,2.31
montmorillonite-*-U(+6),montmorillonite,,U(+6),ptbp98,ptbp98_f8bc,3,N(+5)+Na(+1),2.4336,1.3,1.239e-09,,2.31
montmorillonite-*-U(+6),montmorillonite,,U(+6),ptbp98,ptbp98_f8bc,4,N(+5)+Na(+1),2.708,1.3,-1.0269e-09,,2.31
montmorillonite-*-U(+6),montmorillonite,,U(+6),ptbp98,ptbp98_f8bc,5,N(+5)+Na(+1),2.9469,1.3,-1.1214e-09,,2.31
montmorillonite-*-U(+6),montmorillonite,,U(+6),ptbp98,ptbp98_f8bc,6,N(+5)+Na(+1),3.2124,1.3,9.618e-10,,2.31
montmorillonite-*-U(+6),montmorillonite,,U(+6),ptbp98,ptbp98_f8bc,7,N(+5)+Na(+1),3.4867,1.3,5.943e-09,,2.31
montmorillonite-*-U(+6),montmorillonite,,U(+6),ptbp98,ptbp98_f8bc,8,N(+5)+Na(+1),3.7655,1.3,3.3663e-09,,2.31
montmorillonite-*-U(+6),montmorillonite,,U(+6),ptbp98,ptbp98_f8bc,9,N(+5)+Na(+1),4.0044,1.3,3.3768e-09,,2.31
montmorillonite-*-U(+6),montmorillonite,,U(+6),ptbp98,ptbp98_f8bc,10,N(+5)+Na(+1),4.3142,1.3,7.4277e-09,,2.31
montmorillonite-*-U(+6),montmorillonite,,U(+6),ptbp98,ptbp98_f8bc,11,N(+5)+Na(+1),4.6239,1.3,1.92444e-08,,2.31
montmorillonite-*-U(+6),montmorillonite,,U(+6),ptbp98,ptbp98_f8bc,12,N(+5)+Na(+1),4.6372,1.3,1.9971e-08,,2.31
montmorillonite-*-U(+6),montmorillonite,,U(+6),ptbp98,ptbp98_f8bc,13,N(+5)+Na(+1),4.9204,1.3,3.08553e-08,,2.31
montmorillonite-*-U(+6),montmorillonite,,U(+6),ptbp98,ptbp98_f8bc,14,N(+5)+Na(+1),5.2655,1.3,6.69039e-08,,2.31
montmorillonite-*-U(+6),montmorillonite,,U(+6),ptbp98,ptbp98_f8bc,15,N(+5)+Na(+1),5.4071,1.3,4.20588e-08,,2.31
montmorillonite-*-U(+6),montmorillonite,,U(+6),ptbp98,ptbp98_f8bc,16,N(+5)+Na(+1),5.7345,1.3,7.62426e-08,,2.31
montmorillonite-*-U(+6),montmorillonite,,U(+6),ptbp98,ptbp98_f8bc,17,N(+5)+Na(+1),5.7434,1.3,6.31974e-08,,2.31
montmorillonite-*-U(+6),montmorillonite,,U(+6),ptbp98,ptbp98_f8bc,18,N(+5)+Na(+1),5.8319,1.3,6.13368e-08,,2.31
montmorillonite-*-U(+6),montmorillonite,,U(+6),ptbp98,ptbp98_f8bc,19,N(+5)+Na(+1),5.9912,1.3,6.92118e-08,,2.31
montmorillonite-*-U(+6),montmorillonite,,U(+6),ptbp98,ptbp98_f8bc,20,N(+5)+Na(+1),6.1858,1.3,9.0552e-08,,2.31
montmorillonite-*-U(+6),montmorillonite,,U(+6),ptbp98,ptbp98_f8bc,21,N(+5)+Na(+1),6.3717,1.3,7.15071e-08,,2.31
montmorillonite-*-U(+6),montmorillonite,,U(+6),ptbp98,ptbp98_f8bc,22,N(+5)+Na(+1),6.5133,1.3,8.60097e-08,,2.31
montmorillonite-*-U(+6),montmorillonite,,U(+6),ptbp98,ptbp98_f8bc,23,N(+5)+Na(+1),6.531,1.3,7.8141e-08,,2.31
montmorillonite-*-U(+6),montmorillonite,,U(+6),ptbp98,ptbp98_f8bc,24,N(+5)+Na(+1),6.708,1.3,7.40061e-08,,2.31
montmorillonite-*-U(+6),montmorillonite,,U(+6),ptbp98,ptbp98_f8bc,25,N(+5)+Na(+1),6.9823,1.3,6.61479e-08,,2.31
montmorillonite-*-U(+6),montmorillonite,,U(+6),ptbp98,ptbp98_f8bc,26,N(+5)+Na(+1),7.0,1.3,7.77462e-08,,2.31
montmorillonite-*-U(+6),montmorillonite,,U(+6),ptbp98,ptbp98_f8bc,27,N(+5)+Na(+1),7.2478,1.3,5.24895e-08,,2.31
montmorillonite-*-U(+6),montmorillonite,,U(+6),ptbp98,ptbp98_f8bc,28,N(+5)+Na(+1),7.6018,1.3,3.48999e-08,,2.31
montmorillonite-*-U(+6),montmorillonite,,U(+6),ptbp98,ptbp98_f8bc,29,N(+5)+Na(+1),7.6106,1.3,2.4339e-08,,2.31
montmorillonite-*-U(+6),montmorillonite,,U(+6),ptbp98,ptbp98_f8bc,30,N(+5)+Na(+1),7.7788,1.3,1.70982e-08,,2.31
montmorillonite-*-U(+6),montmorillonite,,U(+6),ptbp98,ptbp98_f8bc,31,N(+5)+Na(+1),8.0531,1.3,8.4105e-09,,2.31
montmorillonite-*-U(+6),montmorillonite,,U(+6),ptbp98,ptbp98_f8bc,32,N(+5)+Na(+1),8.3628,1.3,-4.83e-10,,2.31
montmorillonite-*-U(+6),montmorillonite,,U(+6),ptbp98,ptbp98_f8bc,33,N(+5)+Na(+1),8.6018,1.3,4.4982e-09,,2.31
montmorillonite-*-U(+6),montmorillonite,,U(+6),ptbp98,ptbp98_f8bc,34,N(+5)+Na(+1),8.9115,1.3,-2.3226e-09,,2.31
montmorillonite-*-U(+6),montmorillonite,,U(+6),ptbp98,ptbp98_f8bc,35,N(+5)+Na(+1),8.9204,1.3,5.775e-10,,2.31
montmorillonite-*-U(+6),montmorillonite,,U(+6),ptbp98,ptbp98_f14,1,N(+5)+Na(+1),1.8418,1.3,6.88824e-08,,2.31
montmorillonite-*-U(+6),montmorillonite,,U(+6),ptbp98,ptbp98_f14,2,N(+5)+Na(+1),2.0993,1.3,5.94864e-08,,2.31
montmorillonite-*-U(+6),montmorillonite,,U(+6),ptbp98,ptbp98_f14,3,N(+5)+Na(+1),2.365,1.3,2.65464e-08,,2.31
montmorillonite-*-U(+6),montmorillonite,,U(+6),ptbp98,ptbp98_f14,4,N(+5)+Na(+1),2.6383,1.3,6.76512e-08,,2.31
montmorillonite-*-U(+6),montmorillonite,,U(+6),ptbp98,ptbp98_f14,5,N(+5)+Na(+1),2.9602,1.3,4.83408e-08,,2.31
montmorillonite-*-U(+6),montmorillonite,,U(+6),ptbp98,ptbp98_f14,6,N(+5)+Na(+1),3.3383,1.3,4.9356e-08,,2.31
montmorillonite-*-U(+6),montmorillonite,,U(+6),ptbp98,ptbp98_f14,7,N(+5)+Na(+1),3.9329,1.3,1.51891e-07,,2.31
montmorillonite-*-U(+6),montmorillonite,,U(+6),ptbp98,ptbp98_f14,8,N(+5)+Na(+1),4.0446,1.3,2.76674e-07,,2.31
montmorillonite-*-U(+6),montmorillonite,,U(+6),ptbp98,ptbp98_f14,9,N(+5)+Na(+1),4.2936,1.3,3.27823e-07,,2.31
montmorillonite-*-U(+6),montmorillonite,,U(+6),ptbp98,ptbp98_f14,10,N(+5)+Na(+1),4.9504,1.3,7.23233e-07,,2.31
montmorillonite-*-U(+6),montmorillonite,,U(+6),ptbp98,ptbp98_f14,11,N(+5)+Na(+1),5.661,1.3,1.44515e-06,,2.31
montmorillonite-*-U(+6),montmorillonite,,U(+6),ptbp98,ptbp98_f14,12,N(+5)+Na(+1),5.9495,1.3,1.60069e-06,,2.31
montmorillonite-*-U(+6),montmorillonite,,U(+6),ptbp98,ptbp98_f14,13,N(+5)+Na(+1),6.0383,1.3,1.55382e-06,,2.31
montmorillonite-*-U(+6),montmorillonite,,U(+6),ptbp98,ptbp98_f14,14,N(+5)+Na(+1),6.3439,1.3,1.56475e-06,,2.31
montmorillonite-*-U(+6),montmorillonite,,U(+6),ptbp98,ptbp98_f14,15,N(+5)+Na(+1),6.3602,1.3,1.53788e-06,,2.31
montmorillonite-*-U(+6),montmorillonite,,U(+6),ptbp98,ptbp98_f14,16,N(+5)+Na(+1),6.3933,1.3,1.4202e-06,,2.31
montmorillonite-*-U(+6),montmorillonite,,U(+6),ptbp98,ptbp98_f14,17,N(+5)+Na(+1),6.4968,1.3,1.55842e-06,,2.31
montmorillonite-*-U(+6),montmorillonite,,U(+6),ptbp98,ptbp98_f14,18,N(+5)+Na(+1),6.5625,1.3,1.39037e-06,,2.31
montmorillonite-*-U(+6),montmorillonite,,U(+6),ptbp98,ptbp98_f14,19,N(+5)+Na(+1),6.578,1.3,1.46781e-06,,2.31
montmorillonite-*-U(+6),montmorillonite,,U(+6),ptbp98,ptbp98_f14,20,N(+5)+Na(+1),6.9095,1.3,1.23654e-06,,2.31
montmorillonite-*-U(+6),montmorillonite,,U(+6),ptbp98,ptbp98_f14,21,N(+5)+Na(+1),7.2646,1.3,1.09618e-06,,2.31
montmorillonite-*-U(+6),montmorillonite,,U(+6),ptbp98,ptbp98_f14,22,N(+5)+Na(+1),7.4123,1.3,7.06298e-07,,2.31
montmorillonite-*-U(+6),montmorillonite,,U(+6),ptbp98,ptbp98_f14,23,N(+5)+Na(+1),7.8996,1.3,8.51904e-08,,2.31
montmorillonite-*-U(+6),montmorillonite,,U(+6),ptbp98,ptbp98_f14,24,N(+5)+Na(+1),8.1658,1.3,-1.50336e-08,,2.31
montmorillonite-*-U(+6),montmorillonite,,U(+6),ptbp98,ptbp98_f14,25,N(+5)+Na(+1),8.455,1.3,4.63104e-08,,2.31
montmorillonite-*-U(+6),montmorillonite,,U(+6),ptbp98,ptbp98_f14,26,N(+5)+Na(+1),8.6886,1.3,9.936e-09,,2.31
montmorillonite-*-U(+6),montmorillonite,,U(+6),ptbp98,ptbp98_f14,27,N(+5)+Na(+1),8.994,1.3,5.11272e-08,,2.31
montmorillonite-*-U(+6),montmorillonite,,U(+6),pt97,pt97_f2a,1,N(+5)+Na(+1),1.6676,1.3,2.1987e-08,25.0,2.31
montmorillonite-*-U(+6),montmorillonite,,U(+6),pt97,pt97_f2a,2,N(+5)+Na(+1),1.8979,1.3,2.35942e-08,25.0,2.31
montmorillonite-*-U(+6),montmorillonite,,U(+6),pt97,pt97_f2a,3,N(+5)+Na(+1),2.1562,1.3,2.88475e-08,25.0,2.31
montmorillonite-*-U(+6),montmorillonite,,U(+6),pt97,pt97_f2a,4,N(+5)+Na(+1),2.4438,1.3,3.24774e-08,25.0,2.31
montmorillonite-*-U(+6),montmorillonite,,U(+6),pt97,pt97_f2a,5,N(+5)+Na(+1),2.8588,1.3,4.90693e-08,25.0,2.31
montmorillonite-*-U(+6),montmorillonite,,U(+6),pt97,pt97_f2a,6,N(+5)+Na(+1),3.044,1.3,6.08117e-08,25.0,2.31
montmorillonite-*-U(+6),montmorillonite,,U(+6),pt97,pt97_f2a,7,N(+5)+Na(+1),3.2447,1.3,6.68786e-08,25.0,2.31
montmorillonite-*-U(+6),montmorillonite,,U(+6),pt97,pt97_f2a,8,N(+5)+Na(+1),3.6854,1.3,1.00491e-07,25.0,2.31
montmorillonite-*-U(+6),montmorillonite,,U(+6),pt97,pt97_f2a,9,N(+5)+Na(+1),4.0805,1.3,1.48292e-07,25.0,2.31
montmorillonite-*-U(+6),montmorillonite,,U(+6),pt97,pt97_f2a,10,N(+5)+Na(+1),4.2516,1.3,1.58414e-07,25.0,2.31
montmorillonite-*-U(+6),montmorillonite,,U(+6),pt97,pt97_f2a,11,N(+5)+Na(+1),4.6606,1.3,2.0824e-07,25.0,2.31
montmorillonite-*-U(+6),montmorillonite,,U(+6),pt97,pt97_f2a,12,N(+5)+Na(+1),4.96,1.3,2.2646e-07,25.0,2.31
montmorillonite-*-U(+6),montmorillonite,,U(+6),pt97,pt97_f2a,13,N(+5)+Na(+1),5.2466,1.3,2.35764e-07,25.0,2.31
montmorillonite-*-U(+6),montmorillonite,,U(+6),pt97,pt97_f2a,14,N(+5)+Na(+1),5.8791,1.3,2.44237e-07,25.0,2.31
montmorillonite-*-U(+6),montmorillonite,,U(+6),pt97,pt97_f2a,15,N(+5)+Na(+1),6.124,1.3,2.44627e-07,25.0,2.31
montmorillonite-*-U(+6),montmorillonite,,U(+6),pt97,pt97_f2a,16,N(+5)+Na(+1),6.6282,1.3,2.45002e-07,25.0,2.31
montmorillonite-*-U(+6),montmorillonite,,U(+6),pt97,pt97_f2a,17,N(+5)+Na(+1),6.6423,1.3,2.47028e-07,25.0,2.31
montmorillonite-*-U(+6),montmorillonite,,U(+6),pt97,pt97_f2a,18,N(+5)+Na(+1),6.962,1.3,2.31607e-07,25.0,2.31
montmorillonite-*-U(+6),montmorillonite,,U(+6),pt97,pt97_f2a,19,N(+5)+Na(+1),7.2078,1.3,2.26729e-07,25.0,2.31
montmorillonite-*-U(+6),montmorillonite,,U(+6),pt97,pt97_f2a,20,N(+5)+Na(+1),7.6116,1.3,2.25083e-07,25.0,2.31
montmorillonite-*-U(+6),montmorillonite,,U(+6),pt97,pt97_f2a,21,N(+5)+Na(+1),7.4686,1.3,2.18607e-07,25.0,2.31
montmorillonite-*-U(+6),montmorillonite,,U(+6),pt97,pt97_f2a,22,N(+5)+Na(+1),7.6465,1.3,1.89821e-07,25.0,2.31
montmorillonite-*-U(+6),montmorillonite,,U(+6),pt97,pt97_f2a,23,N(+5)+Na(+1),7.9364,1.3,1.80886e-07,25.0,2.31
montmorillonite-*-U(+6),montmorillonite,,U(+6),pt97,pt97_f2a,24,N(+5)+Na(+1),7.9564,1.3,1.49272e-07,25.0,2.31
montmorillonite-*-U(+6),montmorillonite,,U(+6),pt97,pt97_f2a,25,N(+5)+Na(+1),8.1777,1.3,1.20078e-07,25.0,2.31
montmorillonite-*-U(+6),montmorillonite,,U(+6),pt97,pt97_f2a,26,N(+5)+Na(+1),8.2013,1.3,6.77932e-08,25.0,2.31
montmorillonite-*-U(+6),montmorillonite,,U(+6),pt97,pt97_f2a,27,N(+5)+Na(+1),8.6987,1.3,2.52073e-08,25.0,2.31
montmorillonite-*-U(+6),montmorillonite,,U(+6),pt97,pt97_f2a,28,N(+5)+Na(+1),8.4548,1.3,1.91428e-08,25.0,2.31
montmorillonite-*-U(+6),montmorillonite,,U(+6),pt97,pt97_f2a,29,N(+5)+Na(+1),8.7165,1.3,6.1571e-09,25.0,2.31
montmorillonite-*-U(+6),montmorillonite,,U(+6),pt97,pt97_f2a,30,N(+5)+Na(+1),8.9908,1.3,2.89835e-09,25.0,2.31
montmorillonite-*-U(+6),montmorillonite,,U(+6),pt97,pt97_f2b,1,N(+5)+Na(+1),1.8933,1.3,-1.28729e-09,25.0,2.31
montmorillonite-*-U(+6),montmorillonite,,U(+6),pt97,pt97_f2b,2,N(+5)+Na(+1),2.1665,1.3,5.50308e-09,25.0,2.31
montmorillonite-*-U(+6),montmorillonite,,U(+6),pt97,pt97_f2b,3,N(+5)+Na(+1),2.5005,1.3,-2.33892e-09,25.0,2.31
montmorillonite-*-U(+6),montmorillonite,,U(+6),pt97,pt97_f2b,4,N(+5)+Na(+1),2.7449,1.3,3.43217e-09,25.0,2.31
montmorillonite-*-U(+6),montmorillonite,,U(+6),pt97,pt97_f2b,5,N(+5)+Na(+1),2.9906,1.3,3.4196e-09,25.0,2.31
montmorillonite-*-U(+6),montmorillonite,,U(+6),pt97,pt97_f2b,6,N(+5)+Na(+1),3.2923,1.3,1.19097e-08,25.0,2.31
montmorillonite-*-U(+6),montmorillonite,,U(+6),pt97,pt97_f2b,7,N(+5)+Na(+1),3.5669,1.3,1.15554e-08,25.0,2.31
montmorillonite-*-U(+6),montmorillonite,,U(+6),pt97,pt97_f2b,8,N(+5)+Na(+1),3.9691,1.3,2.2762e-08,25.0,2.31
montmorillonite-*-U(+6),montmorillonite,,U(+6),pt97,pt97_f2b,9,N(+5)+Na(+1),4.1965,1.3,4.14622e-08,25.0,2.31
montmorillonite-*-U(+6),montmorillonite,,U(+6),pt97,pt97_f2b,10,N(+5)+Na(+1),5.2744,1.3,1.38028e-07,25.0,2.31
montmorillonite-*-U(+6),montmorillonite,,U(+6),pt97,pt97_f2b,11,N(+5)+Na(+1),5.5446,1.3,1.59108e-07,25.0,2.31
montmorillonite-*-U(+6),montmorillonite,,U(+6),pt97,pt97_f2b,12,N(+5)+Na(+1),5.8479,1.3,1.59772e-07,25.0,2.31
montmorillonite-*-U(+6),montmorillonite,,U(+6),pt97,pt97_f2b,13,N(+5)+Na(+1),5.9472,1.3,1.68613e-07,25.0,2.31
montmorillonite-*-U(+6),montmorillonite,,U(+6),pt97,pt97_f2b,14,N(+5)+Na(+1),6.0898,1.3,1.77451e-07,25.0,2.31
montmorillonite-*-U(+6),montmorillonite,,U(+6),pt97,pt97_f2b,15,N(+5)+Na(+1),6.3085,1.3,1.68254e-07,25.0,2.31
montmorillonite-*-U(+6),montmorillonite,,U(+6),pt97,pt97_f2b,16,N(+5)+Na(+1),6.627,1.3,1.65516e-07,25.0,2.31
montmorillonite-*-U(+6),montmorillonite,,U(+6),pt97,pt97_f2b,17,N(+5)+Na(+1),6.8904,1.3,1.49853e-07,25.0,2.31
montmorillonite-*-U(+6),montmorillonite,,U(+6),pt97,pt97_f2b,18,N(+5)+Na(+1),6.8937,1.3,1.34543e-07,25.0,2.31
montmorillonite-*-U(+6),montmorillonite,,U(+6),pt97,pt97_f2b,19,N(+5)+Na(+1),7.1547,1.3,1.30107e-07,25.0,2.31
montmorillonite-*-U(+6),montmorillonite,,U(+6),pt97,pt97_f2b,20,N(+5)+Na(+1),7.056,1.3,1.18205e-07,25.0,2.31
montmorillonite-*-U(+6),montmorillonite,,U(+6),pt97,pt97_f2b,21,N(+5)+Na(+1),7.5067,1.3,1.05594e-07,25.0,2.31
montmorillonite-*-U(+6),montmorillonite,,U(+6),pt97,pt97_f2b,22,N(+5)+Na(+1),7.4937,1.3,9.84499e-08,25.0,2.31
montmorillonite-*-U(+6),montmorillonite,,U(+6),pt97,pt97_f2b,23,N(+5)+Na(+1),7.6359,1.3,4.09464e-08,25.0,2.31
montmorillonite-*-U(+6),montmorillonite,,U(+6),pt97,pt97_f2b,24,N(+5)+Na(+1),7.8879,1.3,1.06545e-08,25.0,2.31
montmorillonite-*-U(+6),montmorillonite,,U(+6),pt97,pt97_f2b,25,N(+5)+Na(+1),8.2247,1.3,-1.04561e-08,25.0,2.31
montmorillonite-*-U(+6),montmorillonite,,U(+6),pt97,pt97_f2b,26,N(+5)+Na(+1),8.615,1.3,-1.08162e-08,25.0,2.31
montmorillonite-*-U(+6),montmorillonite,,U(+6),pt97,pt97_f2b,27,N(+5)+Na(+1),8.8585,1.3,-6.2212e-10,25.0,2.31
montmorillonite-*-U(+6),montmorillonite,,U(+6),pt97,pt97_f2c,1,N(+5)+Na(+1),1.9358,1.3,2.21718e-09,25.0,2.31
montmorillonite-*-U(+6),montmorillonite,,U(+6),pt97,pt97_f2c,2,N(+5)+Na(+1),2.1665,1.3,4.24074e-09,25.0,2.31
montmorillonite-*-U(+6),montmorillonite,,U(+6),pt97,pt97_f2c,3,N(+5)+Na(+1),2.3837,1.3,2.47695e-09,25.0,2.31
montmorillonite-*-U(+6),montmorillonite,,U(+6),pt97,pt97_f2c,4,N(+5)+Na(+1),2.717,1.3,-6.8712e-10,25.0,2.31
montmorillonite-*-U(+6),montmorillonite,,U(+6),pt97,pt97_f2c,5,N(+5)+Na(+1),2.9623,1.3,6.4449e-10,25.0,2.31
montmorillonite-*-U(+6),montmorillonite,,U(+6),pt97,pt97_f2c,6,N(+5)+Na(+1),3.2073,1.3,3.00993e-09,25.0,2.31
montmorillonite-*-U(+6),montmorillonite,,U(+6),pt97,pt97_f2c,7,N(+5)+Na(+1),3.4667,1.3,5.37264e-09,25.0,2.31
montmorillonite-*-U(+6),montmorillonite,,U(+6),pt97,pt97_f2c,8,N(+5)+Na(+1),3.7127,1.3,4.2924e-09,25.0,2.31
montmorillonite-*-U(+6),montmorillonite,,U(+6),pt97,pt97_f2c,9,N(+5)+Na(+1),4.0019,1.3,3.54837e-09,25.0,2.31
montmorillonite-*-U(+6),montmorillonite,,U(+6),pt97,pt97_f2c,10,N(+5)+Na(+1),4.3474,1.3,8.30655e-09,25.0,2.31
montmorillonite-*-U(+6),montmorillonite,,U(+6),pt97,pt97_f2c,11,N(+5)+Na(+1),4.6621,1.3,1.99616e-08,25.0,2.31
montmorillonite-*-U(+6),montmorillonite,,U(+6),pt97,pt97_f2c,12,N(+5)+Na(+1),4.9628,1.3,3.02406e-08,25.0,2.31
montmorillonite-*-U(+6),montmorillonite,,U(+6),pt97,pt97_f2c,13,N(+5)+Na(+1),5.4364,1.3,4.22102e-08,25.0,2.31
montmorillonite-*-U(+6),montmorillonite,,U(+6),pt97,pt97_f2c,14,N(+5)+Na(+1),5.2721,1.3,6.15359e-08,25.0,2.31
montmorillonite-*-U(+6),montmorillonite,,U(+6),pt97,pt97_f2c,15,N(+5)+Na(+1),5.4161,1.3,6.32312e-08,25.0,2.31
montmorillonite-*-U(+6),montmorillonite,,U(+6),pt97,pt97_f2c,16,N(+5)+Na(+1),5.7595,1.3,7.59144e-08,25.0,2.31
montmorillonite-*-U(+6),montmorillonite,,U(+6),pt97,pt97_f2c,17,N(+5)+Na(+1),5.8645,1.3,6.17681e-08,25.0,2.31
montmorillonite-*-U(+6),montmorillonite,,U(+6),pt97,pt97_f2c,18,N(+5)+Na(+1),6.218,1.3,8.99537e-08,25.0,2.31
montmorillonite-*-U(+6),montmorillonite,,U(+6),pt97,pt97_f2c,19,N(+5)+Na(+1),6.5375,1.3,8.43805e-08,25.0,2.31
montmorillonite-*-U(+6),montmorillonite,,U(+6),pt97,pt97_f2c,20,N(+5)+Na(+1),6.7311,1.3,6.33266e-08,25.0,2.31
montmorillonite-*-U(+6),montmorillonite,,U(+6),pt97,pt97_f2c,21,N(+5)+Na(+1),7.0483,1.3,6.60227e-08,25.0,2.31
montmorillonite-*-U(+6),montmorillonite,,U(+6),pt97,pt97_f2c,22,N(+5)+Na(+1),7.0164,1.3,7.70542e-08,25.0,2.31
montmorillonite-*-U(+6),montmorillonite,,U(+6),pt97,pt97_f2c,23,N(+5)+Na(+1),7.2625,1.3,7.5285e-08,25.0,2.31
montmorillonite-*-U(+6),montmorillonite,,U(+6),pt97,pt97_f2c,24,N(+5)+Na(+1),7.2978,1.3,5.21938e-08,25.0,2.31
montmorillonite-*-U(+6),montmorillonite,,U(+6),pt97,pt97_f2c,25,N(+5)+Na(+1),7.6493,1.3,3.52445e-08,25.0,2.31
montmorillonite-*-U(+6),montmorillonite,,U(+6),pt97,pt97_f2c,26,N(+5)+Na(+1),7.6235,1.3,2.38793e-08,25.0,2.31
montmorillonite-*-U(+6),montmorillonite,,U(+6),pt97,pt97_f2c,27,N(+5)+Na(+1),7.7841,1.3,1.79918e-08,25.0,2.31
montmorillonite-*-U(+6),montmorillonite,,U(+6),pt97,pt97_f2c,28,N(+5)+Na(+1),8.1045,1.3,8.97288e-09,25.0,2.31
montmorillonite-*-U(+6),montmorillonite,,U(+6),pt97,pt97_f2c,29,N(+5)+Na(+1),8.3961,1.3,-3.8514e-10,25.0,2.31
montmorillonite-*-U(+6),montmorillonite,,U(+6),pt97,pt97_f2c,30,N(+5)+Na(+1),8.6691,1.3,5.07591e-09,25.0,2.31
montmorillonite-*-U(+6),montmorillonite,,U(+6),pt97,pt97_f2c,31,N(+5)+Na(+1),8.9162,1.3,-1.3923e-10,25.0,2.31
montmorillonite-*-U(+6),montmorillonite,,U(+6),pt97,pt97_f2d,1,N(+5)+Na(+1),1.8348,1.3,7.16753e-08,25.0,2.31
montmorillonite-*-U(+6),montmorillonite,,U(+6),pt97,pt97_f2d,2,N(+5)+Na(+1),2.1238,1.3,6.44328e-08,25.0,2.31
montmorillonite-*-U(+6),montmorillonite,,U(+6),pt97,pt97_f2d,3,N(+5)+Na(+1),2.3987,1.3,2.53044e-08,25.0,2.31
montmorillonite-*-U(+6),montmorillonite,,U(+6),pt97,pt97_f2d,4,N(+5)+Na(+1),2.6296,1.3,6.77074e-08,25.0,2.31
montmorillonite-*-U(+6),montmorillonite,,U(+6),pt97,pt97_f2d,5,N(+5)+Na(+1),2.991,1.3,4.62521e-08,25.0,2.31
montmorillonite-*-U(+6),montmorillonite,,U(+6),pt97,pt97_f2d,6,N(+5)+Na(+1),3.3522,1.3,5.66914e-08,25.0,2.31
montmorillonite-*-U(+6),montmorillonite,,U(+6),pt97,pt97_f2d,7,N(+5)+Na(+1),3.9007,1.3,1.59173e-07,25.0,2.31
montmorillonite-*-U(+6),montmorillonite,,U(+6),pt97,pt97_f2d,8,N(+5)+Na(+1),4.0733,1.3,2.68942e-07,25.0,2.31
montmorillonite-*-U(+6),montmorillonite,,U(+6),pt97,pt97_f2d,9,N(+5)+Na(+1),4.2752,1.3,3.36169e-07,25.0,2.31
montmorillonite-*-U(+6),montmorillonite,,U(+6),pt97,pt97_f2d,10,N(+5)+Na(+1),4.9517,1.3,7.32724e-07,25.0,2.31
montmorillonite-*-U(+6),montmorillonite,,U(+6),pt97,pt97_f2d,11,N(+5)+Na(+1),5.6839,1.3,1.46238e-06,25.0,2.31
montmorillonite-*-U(+6),montmorillonite,,U(+6),pt97,pt97_f2d,12,N(+5)+Na(+1),6.0297,1.3,1.61104e-06,25.0,2.31
montmorillonite-*-U(+6),montmorillonite,,U(+6),pt97,pt97_f2d,13,N(+5)+Na(+1),6.3766,1.3,1.58959e-06,25.0,2.31
montmorillonite-*-U(+6),montmorillonite,,U(+6),pt97,pt97_f2d,14,N(+5)+Na(+1),6.5646,1.3,1.57177e-06,25.0,2.31
montmorillonite-*-U(+6),montmorillonite,,U(+6),pt97,pt97_f2d,15,N(+5)+Na(+1),6.6091,1.3,1.40872e-06,25.0,2.31
montmorillonite-*-U(+6),montmorillonite,,U(+6),pt97,pt97_f2d,16,N(+5)+Na(+1),6.9859,1.3,1.24196e-06,25.0,2.31
montmorillonite-*-U(+6),montmorillonite,,U(+6),pt97,pt97_f2d,17,N(+5)+Na(+1),7.2758,1.3,1.10714e-06,25.0,2.31
montmorillonite-*-U(+6),montmorillonite,,U(+6),pt97,pt97_f2d,18,N(+5)+Na(+1),7.4374,1.3,7.10139e-07,25.0,2.31
montmorillonite-*-U(+6),montmorillonite,,U(+6),pt97,pt97_f2d,19,N(+5)+Na(+1),7.9041,1.3,8.26243e-08,25.0,2.31
montmorillonite-*-U(+6),montmorillonite,,U(+6),pt97,pt97_f2d,20,N(+5)+Na(+1),8.1938,1.3,-1.67594e-08,25.0,2.31
montmorillonite-*-U(+6),montmorillonite,,U(+6),pt97,pt97_f2d,21,N(+5)+Na(+1),8.4534,1.3,4.68936e-08,25.0,2.31
montmorillonite-*-U(+6),montmorillonite,,U(+6),pt97,pt97_f2d,22,N(+5)+Na(+1),8.6994,1.3,7.77816e-09,25.0,2.31
montmorillonite-*-U(+6),montmorillonite,,U(+6),pt97,pt97_f2d,23,N(+5)+Na(+1),9.0026,1.3,4.65998e-08,25.0,2.31
montmorillonite-*-U(+6),montmorillonite,,U(+6),pt97,pt97_f4a,1,N(+5)+Na(+1),1.6661,1.3,2.4075e-08,25.0,2.31
montmorillonite-*-U(+6),montmorillonite,,U(+6),pt97,pt97_f4a,2,N(+5)+Na(+1),1.8687,1.3,2.40711e-08,25.0,2.31
montmorillonite-*-U(+6),montmorillonite,,U(+6),pt97,pt97_f4a,3,N(+5)+Na(+1),2.1662,1.3,2.96885e-08,25.0,2.31
montmorillonite-*-U(+6),montmorillonite,,U(+6),pt97,pt97_f4a,4,N(+5)+Na(+1),2.475,1.3,3.26731e-08,25.0,2.31
montmorillonite-*-U(+6),montmorillonite,,U(+6),pt97,pt97_f4a,5,N(+5)+Na(+1),2.9096,1.3,5.15751e-08,25.0,2.31
montmorillonite-*-U(+6),montmorillonite,,U(+6),pt97,pt97_f4a,6,N(+5)+Na(+1),3.0363,1.3,6.32861e-08,25.0,2.31
montmorillonite-*-U(+6),montmorillonite,,U(+6),pt97,pt97_f4a,7,N(+5)+Na(+1),3.2596,1.3,7.01393e-08,25.0,2.31
montmorillonite-*-U(+6),montmorillonite,,U(+6),pt97,pt97_f4a,8,N(+5)+Na(+1),3.6833,1.3,1.04208e-07,25.0,2.31
montmorillonite-*-U(+6),montmorillonite,,U(+6),pt97,pt97_f4a,9,N(+5)+Na(+1),4.0852,1.3,1.47956e-07,25.0,2.31
montmorillonite-*-U(+6),montmorillonite,,U(+6),pt97,pt97_f4a,10,N(+5)+Na(+1),4.2651,1.3,1.648e-07,25.0,2.31
montmorillonite-*-U(+6),montmorillonite,,U(+6),pt97,pt97_f4a,11,N(+5)+Na(+1),4.6865,1.3,2.1084e-07,25.0,2.31
montmorillonite-*-U(+6),montmorillonite,,U(+6),pt97,pt97_f4a,12,N(+5)+Na(+1),4.9285,1.3,2.2661e-07,25.0,2.31
montmorillonite-*-U(+6),montmorillonite,,U(+6),pt97,pt97_f4a,13,N(+5)+Na(+1),5.2239,1.3,2.35573e-07,25.0,2.31
montmorillonite-*-U(+6),montmorillonite,,U(+6),pt97,pt97_f4a,14,N(+5)+Na(+1),5.8157,1.3,2.41925e-07,25.0,2.31
montmorillonite-*-U(+6),montmorillonite,,U(+6),pt97,pt97_f4a,15,N(+5)+Na(+1),6.1019,1.3,2.42882e-07,25.0,2.31
montmorillonite-*-U(+6),montmorillonite,,U(+6),pt97,pt97_f4a,16,N(+5)+Na(+1),6.6362,1.3,2.42282e-07,25.0,2.31
montmorillonite-*-U(+6),montmorillonite,,U(+6),pt97,pt97_f4a,17,N(+5)+Na(+1),6.4458,1.3,2.41236e-07,25.0,2.31
montmorillonite-*-U(+6),montmorillonite,,U(+6),pt97,pt97_f4a,18,N(+5)+Na(+1),6.1898,1.3,2.41295e-07,25.0,2.31
montmorillonite-*-U(+6),montmorillonite,,U(+6),pt97,pt97_f4a,19,N(+5)+Na(+1),6.4479,1.3,2.39115e-07,25.0,2.31
montmorillonite-*-U(+6),montmorillonite,,U(+6),pt97,pt97_f4a,20,N(+5)+Na(+1),6.4706,1.3,2.37252e-07,25.0,2.31
montmorillonite-*-U(+6),montmorillonite,,U(+6),pt97,pt97_f4a,21,N(+5)+Na(+1),6.5338,1.3,2.38348e-07,25.0,2.31
montmorillonite-*-U(+6),montmorillonite,,U(+6),pt97,pt97_f4a,22,N(+5)+Na(+1),6.7901,1.3,2.37927e-07,25.0,2.31
montmorillonite-*-U(+6),montmorillonite,,U(+6),pt97,pt97_f4a,23,N(+5)+Na(+1),6.9431,1.3,2.29546e-07,25.0,2.31
montmorillonite-*-U(+6),montmorillonite,,U(+6),pt97,pt97_f4a,24,N(+5)+Na(+1),7.2316,1.3,2.27619e-07,25.0,2.31
montmorillonite-*-U(+6),montmorillonite,,U(+6),pt97,pt97_f4a,25,N(+5)+Na(+1),7.4362,1.3,2.19387e-07,25.0,2.31
montmorillonite-*-U(+6),montmorillonite,,U(+6),pt97,pt97_f4a,26,N(+5)+Na(+1),7.5896,1.3,1.90511e-07,25.0,2.31
montmorillonite-*-U(+6),montmorillonite,,U(+6),pt97,pt97_f4a,27,N(+5)+Na(+1),7.8993,1.3,1.86398e-07,25.0,2.31
montmorillonite-*-U(+6),montmorillonite,,U(+6),pt97,pt97_f4a,28,N(+5)+Na(+1),7.9453,1.3,1.48678e-07,25.0,2.31
montmorillonite-*-U(+6),montmorillonite,,U(+6),pt97,pt97_f4a,29,N(+5)+Na(+1),8.1394,1.3,1.20197e-07,25.0,2.31
montmorillonite-*-U(+6),montmorillonite,,U(+6),pt97,pt97_f4a,30,N(+5)+Na(+1),8.186,1.3,7.23039e-08,25.0,2.31
montmorillonite-*-U(+6),montmorillonite,,U(+6),pt97,pt97_f4a,31,N(+5)+Na(+1),8.4273,1.3,2.16729e-08,25.0,2.31
montmorillonite-*-U(+6),montmorillonite,,U(+6),pt97,pt97_f4a,32,N(+5)+Na(+1),8.7038,1.3,2.53347e-08,25.0,2.31
montmorillonite-*-U(+6),montmorillonite,,U(+6),pt97,pt97_f4a,33,N(+5)+Na(+1),8.6997,1.3,6.57875e-09,25.0,2.31
montmorillonite-*-U(+6),montmorillonite,,U(+6),pt97,pt97_f4a,34,N(+5)+Na(+1),8.938,1.3,3.04186e-09,25.0,2.31
montmorillonite-*-U(+6),montmorillonite,,U(+6),pt97,pt97_f4b,1,N(+5)+Na(+1),2.1945,1.3,5.1279e-09,25.0,2.31
montmorillonite-*-U(+6),montmorillonite,,U(+6),pt97,pt97_f4b,2,N(+5)+Na(+1),2.7288,1.3,4.07032e-09,25.0,2.31
montmorillonite-*-U(+6),montmorillonite,,U(+6),pt97,pt97_f4b,3,N(+5)+Na(+1),3.0173,1.3,3.5969e-09,25.0,2.31
montmorillonite-*-U(+6),montmorillonite,,U(+6),pt97,pt97_f4b,4,N(+5)+Na(+1),3.2997,1.3,1.14152e-08,25.0,2.31
montmorillonite-*-U(+6),montmorillonite,,U(+6),pt97,pt97_f4b,5,N(+5)+Na(+1),3.5984,1.3,1.12442e-08,25.0,2.31
montmorillonite-*-U(+6),montmorillonite,,U(+6),pt97,pt97_f4b,6,N(+5)+Na(+1),3.9468,1.3,2.25186e-08,25.0,2.31
montmorillonite-*-U(+6),montmorillonite,,U(+6),pt97,pt97_f4b,7,N(+5)+Na(+1),4.2417,1.3,4.36977e-08,25.0,2.31
montmorillonite-*-U(+6),montmorillonite,,U(+6),pt97,pt97_f4b,8,N(+5)+Na(+1),5.8187,1.3,1.60066e-07,25.0,2.31
montmorillonite-*-U(+6),montmorillonite,,U(+6),pt97,pt97_f4b,9,N(+5)+Na(+1),5.9351,1.3,1.66942e-07,25.0,2.31
montmorillonite-*-U(+6),montmorillonite,,U(+6),pt97,pt97_f4b,10,N(+5)+Na(+1),6.1272,1.3,1.65422e-07,25.0,2.31
montmorillonite-*-U(+6),montmorillonite,,U(+6),pt97,pt97_f4b,11,N(+5)+Na(+1),6.5855,1.3,1.67419e-07,25.0,2.31
montmorillonite-*-U(+6),montmorillonite,,U(+6),pt97,pt97_f4b,12,N(+5)+Na(+1),6.8235,1.3,1.37528e-07,25.0,2.31
montmorillonite-*-U(+6),montmorillonite,,U(+6),pt97,pt97_f4b,13,N(+5)+Na(+1),7.1546,1.3,1.33876e-07,25.0,2.31
montmorillonite-*-U(+6),montmorillonite,,U(+6),pt97,pt97_f4b,14,N(+5)+Na(+1),7.05,1.3,1.1217e-07,25.0,2.31
montmorillonite-*-U(+6),montmorillonite,,U(+6),pt97,pt97_f4b,15,N(+5)+Na(+1),7.6116,1.3,4.19979e-08,25.0,2.31
montmorillonite-*-U(+6),montmorillonite,,U(+6),pt97,pt97_f4b,16,N(+5)+Na(+1),7.874,1.3,1.20669e-08,25.0,2.31
montmorillonite-*-U(+6),montmorillonite,,U(+6),pt97,pt97_f4b,17,N(+5)+Na(+1),8.8447,1.3,1.22097e-10,25.0,2.31
montmorillonite-*-U(+6),montmorillonite,,U(+6),pt97,pt97_f4c,1,N(+5)+Na(+1),1.9304,1.3,3.30517e-10,25.0,2.31
montmorillonite-*-U(+6),montmorillonite,,U(+6),pt97,pt97_f4c,2,N(+5)+Na(+1),2.1778,1.3,2.06127e-09,25.0,2.31
montmorillonite-*-U(+6),montmorillonite,,U(+6),pt97,pt97_f4c,3,N(+5)+Na(+1),2.4484,1.3,8.73132e-10,25.0,2.31
montmorillonite-*-U(+6),montmorillonite,,U(+6),pt97,pt97_f4c,4,N(+5)+Na(+1),3.2178,1.3,6.18225e-10,25.0,2.31
montmorillonite-*-U(+6),montmorillonite,,U(+6),pt97,pt97_f4c,5,N(+5)+Na(+1),3.4848,1.3,5.53581e-09,25.0,2.31
montmorillonite-*-U(+6),montmorillonite,,U(+6),pt97,pt97_f4c,6,N(+5)+Na(+1),3.7219,1.3,3.22891e-09,25.0,2.31
montmorillonite-*-U(+6),montmorillonite,,U(+6),pt97,pt97_f4c,7,N(+5)+Na(+1),4.0095,1.3,3.48765e-09,25.0,2.31
montmorillonite-*-U(+6),montmorillonite,,U(+6),pt97,pt97_f4c,8,N(+5)+Na(+1),4.283,1.3,7.61693e-09,25.0,2.31
montmorillonite-*-U(+6),montmorillonite,,U(+6),pt97,pt97_f4c,9,N(+5)+Na(+1),4.6301,1.3,2.01551e-08,25.0,2.31
montmorillonite-*-U(+6),montmorillonite,,U(+6),pt97,pt97_f4c,10,N(+5)+Na(+1),4.948,1.3,2.97136e-08,25.0,2.31
montmorillonite-*-U(+6),montmorillonite,,U(+6),pt97,pt97_f4c,11,N(+5)+Na(+1),5.2742,1.3,6.2433e-08,25.0,2.31
montmorillonite-*-U(+6),montmorillonite,,U(+6),pt97,pt97_f4c,12,N(+5)+Na(+1),5.3939,1.3,4.17189e-08,25.0,2.31
montmorillonite-*-U(+6),montmorillonite,,U(+6),pt97,pt97_f4c,13,N(+5)+Na(+1),6.2953,1.3,8.79996e-08,25.0,2.31
montmorillonite-*-U(+6),montmorillonite,,U(+6),pt97,pt97_f4c,14,N(+5)+Na(+1),6.6804,1.3,7.469e-08,25.0,2.31
montmorillonite-*-U(+6),montmorillonite,,U(+6),pt97,pt97_f4c,15,N(+5)+Na(+1),6.947,1.3,7.54368e-08,25.0,2.31
montmorillonite-*-U(+6),montmorillonite,,U(+6),pt97,pt97_f4c,16,N(+5)+Na(+1),7.2671,1.3,7.24122e-08,25.0,2.31
montmorillonite-*-U(+6),montmorillonite,,U(+6),pt97,pt97_f4c,17,N(+5)+Na(+1),6.9694,1.3,6.4455e-08,25.0,2.31
montmorillonite-*-U(+6),montmorillonite,,U(+6),pt97,pt97_f4c,18,N(+5)+Na(+1),7.2376,1.3,5.00998e-08,25.0,2.31
montmorillonite-*-U(+6),montmorillonite,,U(+6),pt97,pt97_f4c,19,N(+5)+Na(+1),7.6021,1.3,3.52487e-08,25.0,2.31
montmorillonite-*-U(+6),montmorillonite,,U(+6),pt97,pt97_f4c,20,N(+5)+Na(+1),7.6044,1.3,2.34786e-08,25.0,2.31
montmorillonite-*-U(+6),montmorillonite,,U(+6),pt97,pt97_f4c,21,N(+5)+Na(+1),7.7768,1.3,1.6445e-08,25.0,2.31
montmorillonite-*-U(+6),montmorillonite,,U(+6),pt97,pt97_f4c,22,N(+5)+Na(+1),8.0255,1.3,8.31415e-09,25.0,2.31
montmorillonite-*-U(+6),montmorillonite,,U(+6),pt97,pt97_f4c,23,N(+5)+Na(+1),8.6049,1.3,3.93066e-09,25.0,2.31
montmorillonite-*-U(+6),montmorillonite,,U(+6),pt97,pt97_f4c,24,N(+5)+Na(+1),8.9379,1.3,2.32578e-10,25.0,2.31
montmorillonite-*-U(+6),montmorillonite,,U(+6),pt97,pt97_f5a,1,N(+5)+Na(+1),1.8969,1.3,1.69492e-09,25.0,2.31
montmorillonite-*-U(+6),montmorillonite,,U(+6),pt97,pt97_f5a,2,N(+5)+Na(+1),2.1784,1.3,5.0235e-09,25.0,2.31
montmorillonite-*-U(+6),montmorillonite,,U(+6),pt97,pt97_f5a,3,N(+5)+Na(+1),2.7635,1.3,3.80602e-09,25.0,2.31
montmorillonite-*-U(+6),montmorillonite,,U(+6),pt97,pt97_f5a,4,N(+5)+Na(+1),2.9971,1.3,3.68638e-09,25.0,2.31
montmorillonite-*-U(+6),montmorillonite,,U(+6),pt97,pt97_f5a,5,N(+5)+Na(+1),3.2891,1.3,1.08792e-08,25.0,2.31
montmorillonite-*-U(+6),montmorillonite,,U(+6),pt97,pt97_f5a,6,N(+5)+Na(+1),3.6072,1.3,1.16881e-08,25.0,2.31
montmorillonite-*-U(+6),montmorillonite,,U(+6),pt97,pt97_f5a,7,N(+5)+Na(+1),3.9647,1.3,2.2216e-08,25.0,2.31
montmorillonite-*-U(+6),montmorillonite,,U(+6),pt97,pt97_f5a,8,N(+5)+Na(+1),4.1951,1.3,4.02868e-08,25.0,2.31
montmorillonite-*-U(+6),montmorillonite,,U(+6),pt97,pt97_f5a,9,N(+5)+Na(+1),5.3316,1.3,1.37408e-07,25.0,2.31
montmorillonite-*-U(+6),montmorillonite,,U(+6),pt97,pt97_f5a,10,N(+5)+Na(+1),5.8062,1.3,1.63434e-07,25.0,2.31
montmorillonite-*-U(+6),montmorillonite,,U(+6),pt97,pt97_f5a,11,N(+5)+Na(+1),6.0911,1.3,1.73799e-07,25.0,2.31
montmorillonite-*-U(+6),montmorillonite,,U(+6),pt97,pt97_f5a,12,N(+5)+Na(+1),6.1031,1.3,1.64929e-07,25.0,2.31
montmorillonite-*-U(+6),montmorillonite,,U(+6),pt97,pt97_f5a,13,N(+5)+Na(+1),6.4429,1.3,1.63828e-07,25.0,2.31
montmorillonite-*-U(+6),montmorillonite,,U(+6),pt97,pt97_f5a,14,N(+5)+Na(+1),6.6552,1.3,1.6326e-07,25.0,2.31
montmorillonite-*-U(+6),montmorillonite,,U(+6),pt97,pt97_f5a,15,N(+5)+Na(+1),6.8589,1.3,1.46597e-07,25.0,2.31
montmorillonite-*-U(+6),montmorillonite,,U(+6),pt97,pt97_f5a,16,N(+5)+Na(+1),6.8814,1.3,1.34093e-07,25.0,2.31
montmorillonite-*-U(+6),montmorillonite,,U(+6),pt97,pt97_f5a,17,N(+5)+Na(+1),7.1043,1.3,1.3403e-07,25.0,2.31
montmorillonite-*-U(+6),montmorillonite,,U(+6),pt97,pt97_f5a,18,N(+5)+Na(+1),7.0529,1.3,1.16533e-07,25.0,2.31
montmorillonite-*-U(+6),montmorillonite,,U(+6),pt97,pt97_f5a,19,N(+5)+Na(+1),7.4367,1.3,9.7268e-08,25.0,2.31
montmorillonite-*-U(+6),montmorillonite,,U(+6),pt97,pt97_f5a,20,N(+5)+Na(+1),7.5915,1.3,3.91295e-08,25.0,2.31
montmorillonite-*-U(+6),montmorillonite,,U(+6),pt97,pt97_f5a,21,N(+5)+Na(+1),8.8394,1.3,1.25708e-10,25.0,2.31
montmorillonite-*-U(+6),montmorillonite,,U(+6),pt97,pt97_f5b,1,N(+5)+Na(+1),1.8592,1.3,6.45789e-08,25.0,2.31
montmorillonite-*-U(+6),montmorillonite,,U(+6),pt97,pt97_f5b,2,N(+5)+Na(+1),2.1456,1.3,6.64453e-08,25.0,2.31
montmorillonite-*-U(+6),montmorillonite,,U(+6),pt97,pt97_f5b,3,N(+5)+Na(+1),2.3729,1.3,2.61805e-08,25.0,2.31
montmorillonite-*-U(+6),montmorillonite,,U(+6),pt97,pt97_f5b,4,N(+5)+Na(+1),2.6446,1.3,6.42818e-08,25.0,2.31
montmorillonite-*-U(+6),montmorillonite,,U(+6),pt97,pt97_f5b,5,N(+5)+Na(+1),2.9853,1.3,5.11165e-08,25.0,2.31
montmorillonite-*-U(+6),montmorillonite,,U(+6),pt97,pt97_f5b,6,N(+5)+Na(+1),3.3437,1.3,8.39049e-08,25.0,2.31
montmorillonite-*-U(+6),montmorillonite,,U(+6),pt97,pt97_f5b,7,N(+5)+Na(+1),3.9123,1.3,2.09362e-07,25.0,2.31
montmorillonite-*-U(+6),montmorillonite,,U(+6),pt97,pt97_f5b,8,N(+5)+Na(+1),4.08,1.3,3.19629e-07,25.0,2.31
montmorillonite-*-U(+6),montmorillonite,,U(+6),pt97,pt97_f5b,9,N(+5)+Na(+1),4.3013,1.3,4.23993e-07,25.0,2.31
montmorillonite-*-U(+6),montmorillonite,,U(+6),pt97,pt97_f5b,10,N(+5)+Na(+1),4.9769,1.3,7.55403e-07,25.0,2.31
montmorillonite-*-U(+6),montmorillonite,,U(+6),pt97,pt97_f5b,11,N(+5)+Na(+1),5.6394,1.3,1.44984e-06,25.0,2.31
montmorillonite-*-U(+6),montmorillonite,,U(+6),pt97,pt97_f5b,12,N(+5)+Na(+1),5.8815,1.3,1.64583e-06,25.0,2.31
montmorillonite-*-U(+6),montmorillonite,,U(+6),pt97,pt97_f5b,13,N(+5)+Na(+1),6.0833,1.3,1.63305e-06,25.0,2.31
montmorillonite-*-U(+6),montmorillonite,,U(+6),pt97,pt97_f5b,14,N(+5)+Na(+1),6.3064,1.3,1.61369e-06,25.0,2.31
montmorillonite-*-U(+6),montmorillonite,,U(+6),pt97,pt97_f5b,15,N(+5)+Na(+1),6.3819,1.3,1.4987e-06,25.0,2.31
montmorillonite-*-U(+6),montmorillonite,,U(+6),pt97,pt97_f5b,16,N(+5)+Na(+1),6.5726,1.3,1.52639e-06,25.0,2.31
montmorillonite-*-U(+6),montmorillonite,,U(+6),pt97,pt97_f5b,17,N(+5)+Na(+1),6.5508,1.3,1.58728e-06,25.0,2.31
montmorillonite-*-U(+6),montmorillonite,,U(+6),pt97,pt97_f5b,18,N(+5)+Na(+1),6.9252,1.3,1.27425e-06,25.0,2.31
montmorillonite-*-U(+6),montmorillonite,,U(+6),pt97,pt97_f5b,19,N(+5)+Na(+1),7.3087,1.3,1.11549e-06,25.0,2.31
montmorillonite-*-U(+6),montmorillonite,,U(+6),pt97,pt97_f5b,20,N(+5)+Na(+1),7.4178,1.3,7.7115e-07,25.0,2.31
montmorillonite-*-U(+6),montmorillonite,,U(+6),pt97,pt97_f5b,21,N(+5)+Na(+1),7.916,1.3,1.31213e-07,25.0,2.31
montmorillonite-*-U(+6),montmorillonite,,U(+6),pt97,pt97_f5b,22,N(+5)+Na(+1),8.1786,1.3,2.45215e-08,25.0,2.31
montmorillonite-*-U(+6),montmorillonite,,U(+6),pt97,pt97_f5b,23,N(+5)+Na(+1),8.4828,1.3,5.17902e-08,25.0,2.31
montmorillonite-*-U(+6),montmorillonite,,U(+6),pt97,pt97_f5b,24,N(+5)+Na(+1),9.0025,1.3,5.74142e-08,25.0,2.31
montmorillonite-*-U(+6),montmorillonite,,U(+6),pt97,pt97_f5b,25,N(+5)+Na(+1),8.6711,1.3,9.83065e-09,25.0,2.31
ferrihydrite-*-U(+6),ferrihydrite,Fe(OH)3,U(+6),wkm03,wkm03_f7,1,C(+4)+Cl(-1)+Na(+1),3.4049,0.09,1.5288e-07,,2.31
ferrihydrite-*-U(+6),ferrihydrite,Fe(OH)3,U(+6),wkm03,wkm03_f7,2,C(+4)+Cl(-1)+Na(+1),3.7044,0.09,6.6675e-07,,2.31
ferrihydrite-*-U(+6),ferrihydrite,Fe(OH)3,U(+6),wkm03,wkm03_f7,3,C(+4)+Cl(-1)+Na(+1),4.1204,0.09,2.41214e-06,,2.31
ferrihydrite-*-U(+6),ferrihydrite,Fe(OH)3,U(+6),wkm03,wkm03_f7,4,C(+4)+Cl(-1)+Na(+1),4.3978,0.09,3.62246e-06,,2.31
ferrihydrite-*-U(+6),ferrihydrite,Fe(OH)3,U(+6),wkm03,wkm03_f7,5,C(+4)+Cl(-1)+Na(+1),4.6363,0.09,4.04288e-06,,2.31
ferrihydrite-*-U(+6),ferrihydrite,Fe(OH)3,U(+6),wkm03,wkm03_f7,6,C(+4)+Cl(-1)+Na(+1),4.836,0.09,4.14053e-06,,2.31
ferrihydrite-*-U(+6),ferrihydrite,Fe(OH)3,U(+6),wkm03,wkm03_f7,7,C(+4)+Cl(-1)+Na(+1),5.0301,0.09,4.19152e-06,,2.31
ferrihydrite-*-U(+6),ferrihydrite,Fe(OH)3,U(+6),wkm03,wkm03_f7,8,C(+4)+Cl(-1)+Na(+1),5.7401,0.09,4.19152e-06,,2.31
ferrihydrite-*-U(+6),ferrihydrite,Fe(OH)3,U(+6),wkm03,wkm03_f7,9,C(+4)+Cl(-1)+Na(+1),6.2781,0.09,4.17875e-06,,2.31
ferrihydrite-*-U(+6),ferrihydrite,Fe(OH)3,U(+6),wkm03,wkm03_f7,10,C(+4)+Cl(-1)+Na(+1),6.7274,0.09,3.99617e-06,,2.31
ferrihydrite-*-U(+6),ferrihydrite,Fe(OH)3,U(+6),wkm03,wkm03_f7,11,C(+4)+Cl(-1)+Na(+1),7.21,0.09,3.35068e-06,,2.31
ferrihydrite-*-U(+6),ferrihydrite,Fe(OH)3,U(+6),wkm03,wkm03_f7,12,C(+4)+Cl(-1)+Na(+1),7.6537,0.09,2.24225e-06,,2.31
ferrihydrite-*-U(+6),ferrihydrite,Fe(OH)3,U(+6),wkm03,wkm03_f7,13,C(+4)+Cl(-1)+Na(+1),8.0198,0.09,1.30372e-06,,2.31
ferrihydrite-*-U(+6),ferrihydrite,Fe(OH)3,U(+6),wkm03,wkm03_f7,14,C(+4)+Cl(-1)+Na(+1),8.4691,0.09,6.62508e-07,,2.31
ferrihydrite-*-U(+6),ferrihydrite,Fe(OH)3,U(+6),wkm03,wkm03_f7,15,C(+4)+Cl(-1)+Na(+1),9.0016,0.09,3.73716e-07,,2.31
ferrihydrite-*-U(+6),ferrihydrite,Fe(OH)3,U(+6),wkm03,wkm03_f7,16,C(+4)+Cl(-1)+Na(+1),9.5674,0.09,3.73716e-07,,2.31
ferrihydrite-*-U(+6),ferrihydrite,Fe(OH)3,U(+6),wkm03,wkm03_f8,1,C(+4)+Cl(-1)+Na(+1),3.02566,0.01008,1.93032e-07,,2.31
ferrihydrite-*-U(+6),ferrihydrite,Fe(OH)3,U(+6),wkm03,wkm03_f8,2,C(+4)+Cl(-1)+Na(+1),3.54759,0.01008,4.1307e-07,,2.31
ferrihydrite-*-U(+6),ferrihydrite,Fe(OH)3,U(+6),wkm03,wkm03_f8,3,C(+4)+Cl(-1)+Na(+1),4.04398,0.01008,1.10019e-06,,2.31
ferrihydrite-*-U(+6),ferrihydrite,Fe(OH)3,U(+6),wkm03,wkm03_f8,4,C(+4)+Cl(-1)+Na(+1),4.31579,0.01008,2.16565e-06,,2.31
ferrihydrite-*-U(+6),ferrihydrite,Fe(OH)3,U(+6),wkm03,wkm03_f8,5,C(+4)+Cl(-1)+Na(+1),4.60983,0.01008,3.28898e-06,,2.31
ferrihydrite-*-U(+6),ferrihydrite,Fe(OH)3,U(+6),wkm03,wkm03_f8,6,C(+4)+Cl(-1)+Na(+1),4.85866,0.01008,3.9375e-06,,2.31
ferrihydrite-*-U(+6),ferrihydrite,Fe(OH)3,U(+6),wkm03,wkm03_f8,7,C(+4)+Cl(-1)+Na(+1),5.24798,0.01008,4.13822e-06,,2.31
ferrihydrite-*-U(+6),ferrihydrite,Fe(OH)3,U(+6),wkm03,wkm03_f8,8,C(+4)+Cl(-1)+Na(+1),5.45139,0.01008,4.2e-06,,2.31
ferrihydrite-*-U(+6),ferrihydrite,Fe(OH)3,U(+6),wkm03,wkm03_f8,9,C(+4)+Cl(-1)+Na(+1),5.87563,0.01008,4.2e-06,,2.31
ferrihydrite-*-U(+6),ferrihydrite,Fe(OH)3,U(+6),wkm03,wkm03_f8,10,C(+4)+Cl(-1)+Na(+1),6.21591,0.01008,4.2e-06,,2.31
ferrihydrite-*-U(+6),ferrihydrite,Fe(OH)3,U(+6),wkm03,wkm03_f8,11,C(+4)+Cl(-1)+Na(+1),6.60038,0.01008,4.2e-06,,2.31
ferrihydrite-*-U(+6),ferrihydrite,Fe(OH)3,U(+6),wkm03,wkm03_f8,12,C(+4)+Cl(-1)+Na(+1),6.93624,0.01008,4.2e-06,,2.31
ferrihydrite-*-U(+6),ferrihydrite,Fe(OH)3,U(+6),wkm03,wkm03_f8,13,C(+4)+Cl(-1)+Na(+1),7.56818,0.01008,4.2e-06,,2.31
ferrihydrite-*-U(+6),ferrihydrite,Fe(OH)3,U(+6),wkm03,wkm03_f8,14,C(+4)+Cl(-1)+Na(+1),7.76705,0.01008,4.2e-06,,2.31
ferrihydrite-*-U(+6),ferrihydrite,Fe(OH)3,U(+6),wkm03,wkm03_f8,15,C(+4)+Cl(-1)+Na(+1),8.38131,0.01008,4.2e-06,,2.31
ferrihydrite-*-U(+6),ferrihydrite,Fe(OH)3,U(+6),wkm03,wkm03_f8,16,C(+4)+Cl(-1)+Na(+1),9.23422,0.01008,4.2e-06,,2.31
ferrihydrite-*-U(+6),ferrihydrite,Fe(OH)3,U(+6),wkm03,wkm03_f8,17,C(+4)+Cl(-1)+Na(+1),9.79987,0.01008,4.2e-06,,2.31
ferrihydrite-*-U(+6),ferrihydrite,Fe(OH)3,U(+6),gdb09,gdb09_f2ba,1,C(+4)+N(+5)+Na(+1),6.8698,0.14600000000000002,8.9286e-06,,2.31
ferrihydrite-*-U(+6),ferrihydrite,Fe(OH)3,U(+6),gdb09,gdb09_f2ba,2,C(+4)+N(+5)+Na(+1),7.0065,0.14600000000000002,6.2937e-06,,2.31
ferrihydrite-*-U(+6),ferrihydrite,Fe(OH)3,U(+6),gdb09,gdb09_f2ba,3,C(+4)+N(+5)+Na(+1),7.047,0.14600000000000002,6.246e-06,,2.31
ferrihydrite-*-U(+6),ferrihydrite,Fe(OH)3,U(+6),gdb09,gdb09_f2ba,4,C(+4)+N(+5)+Na(+1),7.2091,0.14600000000000002,8.8016e-06,,2.31
ferrihydrite-*-U(+6),ferrihydrite,Fe(OH)3,U(+6),gdb09,gdb09_f2ba,5,C(+4)+N(+5)+Na(+1),7.4725,0.14600000000000002,8.3254e-06,,2.31
ferrihydrite-*-U(+6),ferrihydrite,Fe(OH)3,U(+6),gdb09,gdb09_f2ba,6,C(+4)+N(+5)+Na(+1),7.7612,0.14600000000000002,5.873e-06,,2.31
ferrihydrite-*-U(+6),ferrihydrite,Fe(OH)3,U(+6),gdb09,gdb09_f2ba,7,C(+4)+N(+5)+Na(+1),7.9689,0.14600000000000002,6.3651e-06,,2.31
ferrihydrite-*-U(+6),ferrihydrite,Fe(OH)3,U(+6),gdb09,gdb09_f2ba,8,C(+4)+N(+5)+Na(+1),7.9891,0.14600000000000002,6.9762e-06,,2.31
ferrihydrite-*-U(+6),ferrihydrite,Fe(OH)3,U(+6),gdb09,gdb09_f2ba,9,C(+4)+N(+5)+Na(+1),8.1208,0.14600000000000002,5.5873e-06,,2.31
ferrihydrite-*-U(+6),ferrihydrite,Fe(OH)3,U(+6),gdb09,gdb09_f2ba,10,C(+4)+N(+5)+Na(+1),8.1462,0.14600000000000002,6.8571e-06,,2.31
ferrihydrite-*-U(+6),ferrihydrite,Fe(OH)3,U(+6),gdb09,gdb09_f2ba,11,C(+4)+N(+5)+Na(+1),8.1968,0.14600000000000002,4.6905e-06,,2.31
ferrihydrite-*-U(+6),ferrihydrite,Fe(OH)3,U(+6),gdb09,gdb09_f2ba,12,C(+4)+N(+5)+Na(+1),8.2019,0.14600000000000002,2.6508e-06,,2.31
ferrihydrite-*-U(+6),ferrihydrite,Fe(OH)3,U(+6),gdb09,gdb09_f2ba,13,C(+4)+N(+5)+Na(+1),8.2475,0.14600000000000002,5.9524e-06,,2.31
ferrihydrite-*-U(+6),ferrihydrite,Fe(OH)3,U(+6),gdb09,gdb09_f2ba,14,C(+4)+N(+5)+Na(+1),8.2525,0.14600000000000002,6.2381e-06,,2.31
ferrihydrite-*-U(+6),ferrihydrite,Fe(OH)3,U(+6),gdb09,gdb09_f2ba,15,C(+4)+N(+5)+Na(+1),8.3792,0.14600000000000002,5.7937e-06,,2.31
ferrihydrite-*-U(+6),ferrihydrite,Fe(OH)3,U(+6),gdb09,gdb09_f2ba,16,C(+4)+N(+5)+Na(+1),8.4096,0.14600000000000002,4.4444e-06,,2.31
ferrihydrite-*-U(+6),ferrihydrite,Fe(OH)3,U(+6),gdb09,gdb09_f2ba,17,C(+4)+N(+5)+Na(+1),8.4602,0.14600000000000002,5.2222e-06,,2.31
ferrihydrite-*-U(+6),ferrihydrite,Fe(OH)3,U(+6),gdb09,gdb09_f2ba,18,C(+4)+N(+5)+Na(+1),8.5615,0.14600000000000002,5.1825e-06,,2.31
ferrihydrite-*-U(+6),ferrihydrite,Fe(OH)3,U(+6),gdb09,gdb09_f2ba,19,C(+4)+N(+5)+Na(+1),8.7742,0.14600000000000002,4.7381e-06,,2.31
ferrihydrite-*-U(+6),ferrihydrite,Fe(OH)3,U(+6),gdb09,gdb09_f2ba,20,C(+4)+N(+5)+Na(+1),9.0072,0.14600000000000002,3.7143e-06,,2.31
ferrihydrite-*-U(+6),ferrihydrite,Fe(OH)3,U(+6),gdb09,gdb09_f2ba,21,C(+4)+N(+5)+Na(+1),9.453,0.14600000000000002,6.19e-07,,2.31
ferrihydrite-*-U(+6),ferrihydrite,Fe(OH)3,U(+6),gdb09,gdb09_f2bb,1,C(+4)+N(+5)+Na(+1),6.7026,0.14600000000000002,1e-05,,2.31
ferrihydrite-*-U(+6),ferrihydrite,Fe(OH)3,U(+6),gdb09,gdb09_f2bb,2,C(+4)+N(+5)+Na(+1),6.8849,0.14600000000000002,1e-05,,2.31
ferrihydrite-*-U(+6),ferrihydrite,Fe(OH)3,U(+6),gdb09,gdb09_f2bb,3,C(+4)+N(+5)+Na(+1),6.9559,0.14600000000000002,9.9683e-06,,2.31
ferrihydrite-*-U(+6),ferrihydrite,Fe(OH)3,U(+6),gdb09,gdb09_f2bb,4,C(+4)+N(+5)+Na(+1),7.0774,0.14600000000000002,1e-05,,2.31
ferrihydrite-*-U(+6),ferrihydrite,Fe(OH)3,U(+6),gdb09,gdb09_f2bb,5,C(+4)+N(+5)+Na(+1),7.3256,0.14600000000000002,9.9762e-06,,2.31
ferrihydrite-*-U(+6),ferrihydrite,Fe(OH)3,U(+6),gdb09,gdb09_f2bb,6,C(+4)+N(+5)+Na(+1),7.6397,0.14600000000000002,9.9762e-06,,2.31
ferrihydrite-*-U(+6),ferrihydrite,Fe(OH)3,U(+6),gdb09,gdb09_f2bb,7,C(+4)+N(+5)+Na(+1),7.6852,0.14600000000000002,9.9762e-06,,2.31
ferrihydrite-*-U(+6),ferrihydrite,Fe(OH)3,U(+6),gdb09,gdb09_f2bb,8,C(+4)+N(+5)+Na(+1),7.9537,0.14600000000000002,9.8968e-06,,2.31
ferrihydrite-*-U(+6),ferrihydrite,Fe(OH)3,U(+6),gdb09,gdb09_f2bb,9,C(+4)+N(+5)+Na(+1),7.974,0.14600000000000002,9.9286e-06,,2.31
ferrihydrite-*-U(+6),ferrihydrite,Fe(OH)3,U(+6),gdb09,gdb09_f2bb,10,C(+4)+N(+5)+Na(+1),8.0297,0.14600000000000002,9.8413e-06,,2.31
ferrihydrite-*-U(+6),ferrihydrite,Fe(OH)3,U(+6),gdb09,gdb09_f2bb,11,C(+4)+N(+5)+Na(+1),8.1614,0.14600000000000002,9.9286e-06,,2.31
ferrihydrite-*-U(+6),ferrihydrite,Fe(OH)3,U(+6),gdb09,gdb09_f2bb,12,C(+4)+N(+5)+Na(+1),8.369,0.14600000000000002,9.3175e-06,,2.31
ferrihydrite-*-U(+6),ferrihydrite,Fe(OH)3,U(+6),gdb09,gdb09_f2bb,13,C(+4)+N(+5)+Na(+1),8.4197,0.14600000000000002,9.5714e-06,,2.31
ferrihydrite-*-U(+6),ferrihydrite,Fe(OH)3,U(+6),gdb09,gdb09_f2bb,14,C(+4)+N(+5)+Na(+1),8.7844,0.14600000000000002,8.9524e-06,,2.31
ferrihydrite-*-U(+6),ferrihydrite,Fe(OH)3,U(+6),gdb09,gdb09_f2bb,15,C(+4)+N(+5)+Na(+1),8.992,0.14600000000000002,8.3413e-06,,2.31
ferrihydrite-*-U(+6),ferrihydrite,Fe(OH)3,U(+6),gdb09,gdb09_f2bb,16,C(+4)+N(+5)+Na(+1),9.2554,0.14600000000000002,8.873e-06,,2.31
ferrihydrite-*-U(+6),ferrihydrite,Fe(OH)3,U(+6),hl85,hl85_f4ab,1,C(+4)+N(+5)+Na(+1),5.0236,1.308,9.45641e-06,,2.31
ferrihydrite-*-U(+6),ferrihydrite,Fe(OH)3,U(+6),hl85,hl85_f4ab,2,C(+4)+N(+5)+Na(+1),5.2482,1.308,9.84267e-06,,2.31
ferrihydrite-*-U(+6),ferrihydrite,Fe(OH)3,U(+6),hl85,hl85_f4ab,3,C(+4)+N(+5)+Na(+1),5.364,1.308,9.98489e-06,,2.31
ferrihydrite-*-U(+6),ferrihydrite,Fe(OH)3,U(+6),hl85,hl85_f4ab,4,C(+4)+N(+5)+Na(+1),5.4866,1.308,9.99225e-06,,2.31
ferrihydrite-*-U(+6),ferrihydrite,Fe(OH)3,U(+6),hl85,hl85_f4ab,5,C(+4)+N(+5)+Na(+1),5.8325,1.308,9.99526e-06,,2.31
ferrihydrite-*-U(+6),ferrihydrite,Fe(OH)3,U(+6),hl85,hl85_f4ab,6,C(+4)+N(+5)+Na(+1),6.0963,1.308,9.99596e-06,,2.31
ferrihydrite-*-U(+6),ferrihydrite,Fe(OH)3,U(+6),hl85,hl85_f4ab,7,C(+4)+N(+5)+Na(+1),6.491,1.308,9.99749e-06,,2.31
ferrihydrite-*-U(+6),ferrihydrite,Fe(OH)3,U(+6),hl85,hl85_f4ab,8,C(+4)+N(+5)+Na(+1),6.7209,1.308,9.99728e-06,,2.31
ferrihydrite-*-U(+6),ferrihydrite,Fe(OH)3,U(+6),hl85,hl85_f4ab,9,C(+4)+N(+5)+Na(+1),6.7869,1.308,9.99372e-06,,2.31
ferrihydrite-*-U(+6),ferrihydrite,Fe(OH)3,U(+6),hl85,hl85_f4ab,10,C(+4)+N(+5)+Na(+1),7.3427,1.308,9.9949e-06,,2.31
ferrihydrite-*-U(+6),ferrihydrite,Fe(OH)3,U(+6),hl85,hl85_f4ab,11,C(+4)+N(+5)+Na(+1),8.3179,1.308,9.96277e-06,,2.31
ferrihydrite-*-U(+6),ferrihydrite,Fe(OH)3,U(+6),hl85,hl85_f4ab,12,C(+4)+N(+5)+Na(+1),8.4436,1.308,9.95832e-06,,2.31
ferrihydrite-*-U(+6),ferrihydrite,Fe(OH)3,U(+6),hl85,hl85_f4ab,13,C(+4)+N(+5)+Na(+1),9.4215,1.308,9.89566e-06,,2.31
ferrihydrite-*-U(+6),ferrihydrite,Fe(OH)3,U(+6),hl85,hl85_f4ab,14,C(+4)+N(+5)+Na(+1),9.5555,1.308,9.83883e-06,,2.31
ferrihydrite-*-U(+6),ferrihydrite,Fe(OH)3,U(+6),hl85,hl85_f4ab,15,C(+4)+N(+5)+Na(+1),9.8082,1.308,9.71911e-06,,2.31
ferrihydrite-*-U(+6),ferrihydrite,Fe(OH)3,U(+6),hl85,hl85_f4ac,1,C(+4)+N(+5)+Na(+1),3.0175,1.3800000000000001,-3.50844e-07,,2.31
ferrihydrite-*-U(+6),ferrihydrite,Fe(OH)3,U(+6),hl85,hl85_f4ac,2,C(+4)+N(+5)+Na(+1),3.2544,1.3800000000000001,-9.51191e-07,,2.31
ferrihydrite-*-U(+6),ferrihydrite,Fe(OH)3,U(+6),hl85,hl85_f4ac,3,C(+4)+N(+5)+Na(+1),3.9857,1.3800000000000001,7.68457e-06,,2.31
ferrihydrite-*-U(+6),ferrihydrite,Fe(OH)3,U(+6),hl85,hl85_f4ac,4,C(+4)+N(+5)+Na(+1),4.8514,1.3800000000000001,9.1604e-06,,2.31
ferrihydrite-*-U(+6),ferrihydrite,Fe(OH)3,U(+6),hl85,hl85_f4ac,5,C(+4)+N(+5)+Na(+1),5.9372,1.3800000000000001,9.97076e-06,,2.31
ferrihydrite-*-U(+6),ferrihydrite,Fe(OH)3,U(+6),hl85,hl85_f4ac,6,C(+4)+N(+5)+Na(+1),6.591,1.3800000000000001,9.9728e-06,,2.31
ferrihydrite-*-U(+6),ferrihydrite,Fe(OH)3,U(+6),hl85,hl85_f4ac,7,C(+4)+N(+5)+Na(+1),6.8463,1.3800000000000001,9.91188e-06,,2.31
ferrihydrite-*-U(+6),ferrihydrite,Fe(OH)3,U(+6),hl85,hl85_f4ac,8,C(+4)+N(+5)+Na(+1),7.2572,1.3800000000000001,9.45641e-06,,2.31
ferrihydrite-*-U(+6),ferrihydrite,Fe(OH)3,U(+6),hl85,hl85_f4ac,9,C(+4)+N(+5)+Na(+1),7.3138,1.3800000000000001,9.31349e-06,,2.31
ferrihydrite-*-U(+6),ferrihydrite,Fe(OH)3,U(+6),hl85,hl85_f4ac,10,C(+4)+N(+5)+Na(+1),8.0233,1.3800000000000001,6.36557e-06,,2.31
ferrihydrite-*-U(+6),ferrihydrite,Fe(OH)3,U(+6),hl85,hl85_f4ac,11,C(+4)+N(+5)+Na(+1),8.6596,1.3800000000000001,2.19086e-06,,2.31
ferrihydrite-*-U(+6),ferrihydrite,Fe(OH)3,U(+6),hl85,hl85_f4ac,12,C(+4)+N(+5)+Na(+1),8.8956,1.3800000000000001,3.13487e-06,,2.31
ferrihydrite-*-U(+6),ferrihydrite,Fe(OH)3,U(+6),hl85,hl85_f4ac,13,C(+4)+N(+5)+Na(+1),9.6692,1.3800000000000001,7.52384e-07,,2.31
ferrihydrite-*-U(+6),ferrihydrite,Fe(OH)3,U(+6),jdb07,jdb07_f3,1,C(+4)+N(+5)+Na(+1),2.81671,1.30028,0.0,,2.31
ferrihydrite-*-U(+6),ferrihydrite,Fe(OH)3,U(+6),jdb07,jdb07_f3,2,C(+4)+N(+5)+Na(+1),2.91441,1.30028,5.58e-09,,2.31
ferrihydrite-*-U(+6),ferrihydrite,Fe(OH)3,U(+6),jdb07,jdb07_f3,3,C(+4)+N(+5)+Na(+1),3.10595,1.30028,0.0,,2.31
ferrihydrite-*-U(+6),ferrihydrite,Fe(OH)3,U(+6),jdb07,jdb07_f3,4,C(+4)+N(+5)+Na(+1),3.12615,1.30028,1.541e-08,,2.31
ferrihydrite-*-U(+6),ferrihydrite,Fe(OH)3,U(+6),jdb07,jdb07_f3,5,C(+4)+N(+5)+Na(+1),3.26868,1.30028,1.893e-08,,2.31
ferrihydrite-*-U(+6),ferrihydrite,Fe(OH)3,U(+6),jdb07,jdb07_f3,6,C(+4)+N(+5)+Na(+1),3.35007,1.30028,2.943e-08,,2.31
ferrihydrite-*-U(+6),ferrihydrite,Fe(OH)3,U(+6),jdb07,jdb07_f3,7,C(+4)+N(+5)+Na(+1),3.40309,1.30028,2.035e-08,,2.31
ferrihydrite-*-U(+6),ferrihydrite,Fe(OH)3,U(+6),jdb07,jdb07_f3,8,C(+4)+N(+5)+Na(+1),3.4195,1.30028,6.37e-09,,2.31
ferrihydrite-*-U(+6),ferrihydrite,Fe(OH)3,U(+6),jdb07,jdb07_f3,9,C(+4)+N(+5)+Na(+1),3.52926,1.30028,3.366e-08,,2.31
ferrihydrite-*-U(+6),ferrihydrite,Fe(OH)3,U(+6),jdb07,jdb07_f3,10,C(+4)+N(+5)+Na(+1),3.57841,1.30028,1e-10,,2.31
ferrihydrite-*-U(+6),ferrihydrite,Fe(OH)3,U(+6),jdb07,jdb07_f3,11,C(+4)+N(+5)+Na(+1),3.7004,1.30028,2.53e-08,,2.31
ferrihydrite-*-U(+6),ferrihydrite,Fe(OH)3,U(+6),jdb07,jdb07_f3,12,C(+4)+N(+5)+Na(+1),3.71656,1.30028,4.208e-08,,2.31
ferrihydrite-*-U(+6),ferrihydrite,Fe(OH)3,U(+6),jdb07,jdb07_f3,13,C(+4)+N(+5)+Na(+1),3.86751,1.30028,1.344e-08,,2.31
ferrihydrite-*-U(+6),ferrihydrite,Fe(OH)3,U(+6),jdb07,jdb07_f3,14,C(+4)+N(+5)+Na(+1),3.87543,1.30028,4.071e-08,,2.31
ferrihydrite-*-U(+6),ferrihydrite,Fe(OH)3,U(+6),jdb07,jdb07_f3,15,C(+4)+N(+5)+Na(+1),4.01765,1.30028,8.339e-08,,2.31
ferrihydrite-*-U(+6),ferrihydrite,Fe(OH)3,U(+6),jdb07,jdb07_f3,16,C(+4)+N(+5)+Na(+1),4.08298,1.30028,6.452e-08,,2.31
ferrihydrite-*-U(+6),ferrihydrite,Fe(OH)3,U(+6),jdb07,jdb07_f3,17,C(+4)+N(+5)+Na(+1),4.11526,1.30028,1.0159e-07,,2.31
ferrihydrite-*-U(+6),ferrihydrite,Fe(OH)3,U(+6),jdb07,jdb07_f3,18,C(+4)+N(+5)+Na(+1),4.13938,1.30028,1.4076e-07,,2.31
ferrihydrite-*-U(+6),ferrihydrite,Fe(OH)3,U(+6),jdb07,jdb07_f3,19,C(+4)+N(+5)+Na(+1),4.19726,1.30028,3.657e-08,,2.31
ferrihydrite-*-U(+6),ferrihydrite,Fe(OH)3,U(+6),jdb07,jdb07_f3,20,C(+4)+N(+5)+Na(+1),4.31079,1.30028,1.0093e-07,,2.31
ferrihydrite-*-U(+6),ferrihydrite,Fe(OH)3,U(+6),jdb07,jdb07_f3,21,C(+4)+N(+5)+Na(+1),4.37501,1.30028,2.1772e-07,,2.31
ferrihydrite-*-U(+6),ferrihydrite,Fe(OH)3,U(+6),jdb07,jdb07_f3,22,C(+4)+N(+5)+Na(+1),4.38639,1.30028,3.2052e-07,,2.31
ferrihydrite-*-U(+6),ferrihydrite,Fe(OH)3,U(+6),jdb07,jdb07_f3,23,C(+4)+N(+5)+Na(+1),4.41203,1.30028,1.7367e-07,,2.31
ferrihydrite-*-U(+6),ferrihydrite,Fe(OH)3,U(+6),jdb07,jdb07_f3,24,C(+4)+N(+5)+Na(+1),4.48555,1.30028,1.4921e-07,,2.31
ferrihydrite-*-U(+6),ferrihydrite,Fe(OH)3,U(+6),jdb07,jdb07_f3,25,C(+4)+N(+5)+Na(+1),4.50141,1.30028,2.0236e-07,,2.31
ferrihydrite-*-U(+6),ferrihydrite,Fe(OH)3,U(+6),jdb07,jdb07_f3,26,C(+4)+N(+5)+Na(+1),4.54861,1.30028,4.0796e-07,,2.31
ferrihydrite-*-U(+6),ferrihydrite,Fe(OH)3,U(+6),jdb07,jdb07_f3,27,C(+4)+N(+5)+Na(+1),4.67131,1.30028,3.4715e-07,,2.31
ferrihydrite-*-U(+6),ferrihydrite,Fe(OH)3,U(+6),jdb07,jdb07_f3,28,C(+4)+N(+5)+Na(+1),4.69986,1.30028,3.4226e-07,,2.31
ferrihydrite-*-U(+6),ferrihydrite,Fe(OH)3,U(+6),jdb07,jdb07_f3,29,C(+4)+N(+5)+Na(+1),4.7074,1.30028,4.1638e-07,,2.31
ferrihydrite-*-U(+6),ferrihydrite,Fe(OH)3,U(+6),jdb07,jdb07_f3,30,C(+4)+N(+5)+Na(+1),4.76492,1.30028,3.5625e-07,,2.31
ferrihydrite-*-U(+6),ferrihydrite,Fe(OH)3,U(+6),jdb07,jdb07_f3,31,C(+4)+N(+5)+Na(+1),4.78129,1.30028,3.4647e-07,,2.31
ferrihydrite-*-U(+6),ferrihydrite,Fe(OH)3,U(+6),jdb07,jdb07_f3,32,C(+4)+N(+5)+Na(+1),4.88017,1.30028,7.0872e-07,,2.31
ferrihydrite-*-U(+6),ferrihydrite,Fe(OH)3,U(+6),jdb07,jdb07_f3,33,C(+4)+N(+5)+Na(+1),4.91005,1.30028,5.4089e-07,,2.31
ferrihydrite-*-U(+6),ferrihydrite,Fe(OH)3,U(+6),jdb07,jdb07_f3,34,C(+4)+N(+5)+Na(+1),4.97923,1.30028,5.5e-07,,2.31
ferrihydrite-*-U(+6),ferrihydrite,Fe(OH)3,U(+6),jdb07,jdb07_f3,35,C(+4)+N(+5)+Na(+1),5.03896,1.30028,7.1714e-07,,2.31
ferrihydrite-*-U(+6),ferrihydrite,Fe(OH)3,U(+6),jdb07,jdb07_f3,36,C(+4)+N(+5)+Na(+1),5.19742,1.30028,7.6682e-07,,2.31
ferrihydrite-*-U(+6),ferrihydrite,Fe(OH)3,U(+6),jdb07,jdb07_f3,37,C(+4)+N(+5)+Na(+1),5.20569,1.30028,7.5213e-07,,2.31
ferrihydrite-*-U(+6),ferrihydrite,Fe(OH)3,U(+6),jdb07,jdb07_f3,38,C(+4)+N(+5)+Na(+1),5.27073,1.30028,7.6823e-07,,2.31
ferrihydrite-*-U(+6),ferrihydrite,Fe(OH)3,U(+6),jdb07,jdb07_f3,39,C(+4)+N(+5)+Na(+1),5.2824,1.30028,8.3536e-07,,2.31
ferrihydrite-*-U(+6),ferrihydrite,Fe(OH)3,U(+6),jdb07,jdb07_f3,40,C(+4)+N(+5)+Na(+1),5.3629,1.30028,9.5356e-07,,2.31
ferrihydrite-*-U(+6),ferrihydrite,Fe(OH)3,U(+6),jdb07,jdb07_f3,41,C(+4)+N(+5)+Na(+1),5.4569,1.30028,9.1581e-07,,2.31
ferrihydrite-*-U(+6),ferrihydrite,Fe(OH)3,U(+6),jdb07,jdb07_f3,42,C(+4)+N(+5)+Na(+1),5.47736,1.30028,9.0463e-07,,2.31
ferrihydrite-*-U(+6),ferrihydrite,Fe(OH)3,U(+6),jdb07,jdb07_f3,43,C(+4)+N(+5)+Na(+1),5.5339,1.30028,9.6338e-07,,2.31
ferrihydrite-*-U(+6),ferrihydrite,Fe(OH)3,U(+6),jdb07,jdb07_f3,44,C(+4)+N(+5)+Na(+1),5.68452,1.30028,9.746e-07,,2.31
ferrihydrite-*-U(+6),ferrihydrite,Fe(OH)3,U(+6),jdb07,jdb07_f3,45,C(+4)+N(+5)+Na(+1),5.78237,1.30028,9.6412e-07,,2.31
ferrihydrite-*-U(+6),ferrihydrite,Fe(OH)3,U(+6),jdb07,jdb07_f3,46,C(+4)+N(+5)+Na(+1),5.84323,1.30028,9.935e-07,,2.31
ferrihydrite-*-U(+6),ferrihydrite,Fe(OH)3,U(+6),jdb07,jdb07_f3,47,C(+4)+N(+5)+Na(+1),5.97766,1.30028,9.9213e-07,,2.31
ferrihydrite-*-U(+6),ferrihydrite,Fe(OH)3,U(+6),jdb07,jdb07_f3,48,C(+4)+N(+5)+Na(+1),6.055,1.30028,9.9914e-07,,2.31
ferrihydrite-*-U(+6),ferrihydrite,Fe(OH)3,U(+6),jdb07,jdb07_f3,49,C(+4)+N(+5)+Na(+1),6.26683,1.30028,9.9638e-07,,2.31
ferrihydrite-*-U(+6),ferrihydrite,Fe(OH)3,U(+6),jdb07,jdb07_f3,50,C(+4)+N(+5)+Na(+1),6.40942,1.30028,9.943e-07,,2.31
ferrihydrite-*-U(+6),ferrihydrite,Fe(OH)3,U(+6),jdb07,jdb07_f3,51,C(+4)+N(+5)+Na(+1),6.44194,1.30028,1e-06,,2.31
ferrihydrite-*-U(+6),ferrihydrite,Fe(OH)3,U(+6),jdb07,jdb07_f3,52,C(+4)+N(+5)+Na(+1),6.55195,1.30028,9.9852e-07,,2.31
ferrihydrite-*-U(+6),ferrihydrite,Fe(OH)3,U(+6),jdb07,jdb07_f3,53,C(+4)+N(+5)+Na(+1),6.66193,1.30028,9.9854e-07,,2.31
ferrihydrite-*-U(+6),ferrihydrite,Fe(OH)3,U(+6),jdb07,jdb07_f3,54,C(+4)+N(+5)+Na(+1),6.72305,1.30028,9.9576e-07,,2.31
ferrihydrite-*-U(+6),ferrihydrite,Fe(OH)3,U(+6),jdb07,jdb07_f3,55,C(+4)+N(+5)+Na(+1),6.85749,1.30028,9.9368e-07,,2.31
ferrihydrite-*-U(+6),ferrihydrite,Fe(OH)3,U(+6),jdb07,jdb07_f3,56,C(+4)+N(+5)+Na(+1),7.02857,1.30028,9.9301e-07,,2.31
ferrihydrite-*-U(+6),ferrihydrite,Fe(OH)3,U(+6),jdb07,jdb07_f3,57,C(+4)+N(+5)+Na(+1),7.26885,1.30028,9.9865e-07,,2.31
ferrihydrite-*-U(+6),ferrihydrite,Fe(OH)3,U(+6),jdb07,jdb07_f3,58,C(+4)+N(+5)+Na(+1),7.3177,1.30028,1.00215e-06,,2.31
ferrihydrite-*-U(+6),ferrihydrite,Fe(OH)3,U(+6),jdb07,jdb07_f3,59,C(+4)+N(+5)+Na(+1),7.45621,1.30028,1.00008e-06,,2.31
ferrihydrite-*-U(+6),ferrihydrite,Fe(OH)3,U(+6),jdb07,jdb07_f3,60,C(+4)+N(+5)+Na(+1),7.50509,1.30028,1.00009e-06,,2.31
ferrihydrite-*-U(+6),ferrihydrite,Fe(OH)3,U(+6),jdb07,jdb07_f3,61,C(+4)+N(+5)+Na(+1),7.69249,1.30028,9.9662e-07,,2.31
ferrihydrite-*-U(+6),ferrihydrite,Fe(OH)3,U(+6),jdb07,jdb07_f3,62,C(+4)+N(+5)+Na(+1),7.93685,1.30028,1e-06,,2.31
ferrihydrite-*-U(+6),ferrihydrite,Fe(OH)3,U(+6),jdb07,jdb07_f3,63,C(+4)+N(+5)+Na(+1),8.14465,1.30028,9.9461e-07,,2.31
ferrihydrite-*-U(+6),ferrihydrite,Fe(OH)3,U(+6),jdb07,jdb07_f3,64,C(+4)+N(+5)+Na(+1),8.23829,1.30028,1.00022e-06,,2.31
ferrihydrite-*-U(+6),ferrihydrite,Fe(OH)3,U(+6),jdb07,jdb07_f3,65,C(+4)+N(+5)+Na(+1),8.38497,1.30028,9.9465e-07,,2.31
ferrihydrite-*-U(+6),ferrihydrite,Fe(OH)3,U(+6),jdb07,jdb07_f3,66,C(+4)+N(+5)+Na(+1),8.40938,1.30028,9.9885e-07,,2.31
ferrihydrite-*-U(+6),ferrihydrite,Fe(OH)3,U(+6),jdb07,jdb07_f3,67,C(+4)+N(+5)+Na(+1),8.52349,1.30028,9.9187e-07,,2.31
ferrihydrite-*-U(+6),ferrihydrite,Fe(OH)3,U(+6),jdb07,jdb07_f3,68,C(+4)+N(+5)+Na(+1),8.68231,1.30028,9.968e-07,,2.31
ferrihydrite-*-U(+6),ferrihydrite,Fe(OH)3,U(+6),jdb07,jdb07_f3,69,C(+4)+N(+5)+Na(+1),8.75567,1.30028,9.9192e-07,,2.31
ferrihydrite-*-U(+6),ferrihydrite,Fe(OH)3,U(+6),jdb07,jdb07_f3,70,C(+4)+N(+5)+Na(+1),9.02854,1.30028,9.9616e-07,,2.31
ferrihydrite-*-U(+6),ferrihydrite,Fe(OH)3,U(+6),jdb07,jdb07_f3,71,C(+4)+N(+5)+Na(+1),9.07743,1.30028,9.9547e-07,,2.31
ferrihydrite-*-U(+6),ferrihydrite,Fe(OH)3,U(+6),jdb07,jdb07_f3,72,C(+4)+N(+5)+Na(+1),9.18335,1.30028,9.9339e-07,,2.31
ferrihydrite-*-U(+6),ferrihydrite,Fe(OH)3,U(+6),jdb07,jdb07_f3,73,C(+4)+N(+5)+Na(+1),9.31772,1.30028,1e-06,,2.31
ferrihydrite-*-U(+6),ferrihydrite,Fe(OH)3,U(+6),jdb07,jdb07_f3,74,C(+4)+N(+5)+Na(+1),9.45217,1.30028,9.9553e-07,,2.31
ferrihydrite-*-U(+6),ferrihydrite,Fe(OH)3,U(+6),jdb07,jdb07_f3,75,C(+4)+N(+5)+Na(+1),9.50925,1.30028,9.8925e-07,,2.31
ferrihydrite-*-U(+6),ferrihydrite,Fe(OH)3,U(+6),jdb07,jdb07_f3,76,C(+4)+N(+5)+Na(+1),9.54993,1.30028,9.9625e-07,,2.31
ferrihydrite-*-U(+6),ferrihydrite,Fe(OH)3,U(+6),jdb07,jdb07_f3,77,C(+4)+N(+5)+Na(+1),9.61923,1.30028,9.8997e-07,,2.31
ferrihydrite-*-U(+6),ferrihydrite,Fe(OH)3,U(+6),jdb07,jdb07_f3,78,C(+4)+N(+5)+Na(+1),9.68029,1.30028,9.9417e-07,,2.31
ferrihydrite-*-U(+6),ferrihydrite,Fe(OH)3,U(+6),jdb07,jdb07_f3,79,C(+4)+N(+5)+Na(+1),9.79847,1.30028,9.879e-07,,2.31
ferrihydrite-*-U(+6),ferrihydrite,Fe(OH)3,U(+6),jdb07,jdb07_f3,80,C(+4)+N(+5)+Na(+1),9.84319,1.30028,9.984e-07,,2.31
ferrihydrite-*-U(+6),ferrihydrite,Fe(OH)3,U(+6),jdb07,jdb07_f3,81,C(+4)+N(+5)+Na(+1),9.98991,1.30028,9.8863e-07,,2.31
ferrihydrite-*-U(+6),ferrihydrite,Fe(OH)3,U(+6),jdb07,jdb07_f3,82,C(+4)+N(+5)+Na(+1),10.0795,1.30028,9.9285e-07,,2.31
ferrihydrite-*-U(+6),ferrihydrite,Fe(OH)3,U(+6),jdb07,jdb07_f3,83,C(+4)+N(+5)+Na(+1),10.3322,1.30028,9.789e-07,,2.31
ferrihydrite-*-U(+6),ferrihydrite,Fe(OH)3,U(+6),jdb07,jdb07_f3,84,C(+4)+N(+5)+Na(+1),10.381,1.30028,9.8031e-07,,2.31
ferrihydrite-*-U(+6),ferrihydrite,Fe(OH)3,U(+6),jdb07,jdb07_f3,85,C(+4)+N(+5)+Na(+1),10.4218,1.30028,9.7892e-07,,2.31
ferrihydrite-*-U(+6),ferrihydrite,Fe(OH)3,U(+6),fdz06,fdz06_f5b,1,Ca(+2)+N(+5)+Na(+1),6.8764,0.18976000000000004,9.6755e-07,,2.31
ferrihydrite-*-U(+6),ferrihydrite,Fe(OH)3,U(+6),fdz06,fdz06_f5b,2,Ca(+2)+N(+5)+Na(+1),7.20041,0.18976000000000004,9.6313e-07,,2.31
ferrihydrite-*-U(+6),ferrihydrite,Fe(OH)3,U(+6),fdz06,fdz06_f5b,3,Ca(+2)+N(+5)+Na(+1),7.25381,0.18976000000000004,9.469e-07,,2.31
ferrihydrite-*-U(+6),ferrihydrite,Fe(OH)3,U(+6),fdz06,fdz06_f5b,4,Ca(+2)+N(+5)+Na(+1),7.42472,0.18976000000000004,8.9823e-07,,2.31
ferrihydrite-*-U(+6),ferrihydrite,Fe(OH)3,U(+6),fdz06,fdz06_f5b,5,Ca(+2)+N(+5)+Na(+1),7.47635,0.18976000000000004,9.2625e-07,,2.31
ferrihydrite-*-U(+6),ferrihydrite,Fe(OH)3,U(+6),fdz06,fdz06_f5b,6,Ca(+2)+N(+5)+Na(+1),7.60097,0.18976000000000004,8.3186e-07,,2.31
ferrihydrite-*-U(+6),ferrihydrite,Fe(OH)3,U(+6),fdz06,fdz06_f5b,7,Ca(+2)+N(+5)+Na(+1),7.70956,0.18976000000000004,8.0236e-07,,2.31
ferrihydrite-*-U(+6),ferrihydrite,Fe(OH)3,U(+6),fdz06,fdz06_f5b,8,Ca(+2)+N(+5)+Na(+1),7.85732,0.18976000000000004,5.7375e-07,,2.31
ferrihydrite-*-U(+6),ferrihydrite,Fe(OH)3,U(+6),fdz06,fdz06_f5b,9,Ca(+2)+N(+5)+Na(+1),7.9677,0.18976000000000004,5.354e-07,,2.31
ferrihydrite-*-U(+6),ferrihydrite,Fe(OH)3,U(+6),fdz06,fdz06_f6b,1,Ca(+2)+N(+5)+Na(+1),6.62792,0.11306,9.6923e-07,,2.31
ferrihydrite-*-U(+6),ferrihydrite,Fe(OH)3,U(+6),fdz06,fdz06_f6b,2,Ca(+2)+N(+5)+Na(+1),6.87221,0.11306,9.4517e-07,,2.31
ferrihydrite-*-U(+6),ferrihydrite,Fe(OH)3,U(+6),fdz06,fdz06_f6b,3,Ca(+2)+N(+5)+Na(+1),6.87398,0.11306,9.0473e-07,,2.31
ferrihydrite-*-U(+6),ferrihydrite,Fe(OH)3,U(+6),fdz06,fdz06_f6b,4,Ca(+2)+N(+5)+Na(+1),7.08274,0.11306,8.6005e-07,,2.31
ferrihydrite-*-U(+6),ferrihydrite,Fe(OH)3,U(+6),d01,d01_f4-14b,1,Humic acid+N(+5)+Na(+1),3.1857,1.3,-1.083e-09,,2.31
ferrihydrite-*-U(+6),ferrihydrite,Fe(OH)3,U(+6),d01,d01_f4-14b,2,Humic acid+N(+5)+Na(+1),3.1761,1.3,8.4336e-08,,2.31
ferrihydrite-*-U(+6),ferrihydrite,Fe(OH)3,U(+6),d01,d01_f4-14b,3,Humic acid+N(+5)+Na(+1),3.3897,1.3,7.5955e-08,,2.31
ferrihydrite-*-U(+6),ferrihydrite,Fe(OH)3,U(+6),d01,d01_f4-14b,4,Humic acid+N(+5)+Na(+1),3.5105,1.3,6.1344e-08,,2.31
ferrihydrite-*-U(+6),ferrihydrite,Fe(OH)3,U(+6),d01,d01_f4-14b,5,Humic acid+N(+5)+Na(+1),3.6491,1.3,2.17563e-07,,2.31
ferrihydrite-*-U(+6),ferrihydrite,Fe(OH)3,U(+6),d01,d01_f4-14b,6,Humic acid+N(+5)+Na(+1),3.9182,1.3,2.5292e-07,,2.31
ferrihydrite-*-U(+6),ferrihydrite,Fe(OH)3,U(+6),d01,d01_f4-14b,7,Humic acid+N(+5)+Na(+1),3.8346,1.3,2.59189e-07,,2.31
ferrihydrite-*-U(+6),ferrihydrite,Fe(OH)3,U(+6),d01,d01_f4-14b,8,Humic acid+N(+5)+Na(+1),4.0479,1.3,3.29973e-07,,2.31
ferrihydrite-*-U(+6),ferrihydrite,Fe(OH)3,U(+6),d01,d01_f4-14b,9,Humic acid+N(+5)+Na(+1),4.1122,1.3,4.7371e-07,,2.31
ferrihydrite-*-U(+6),ferrihydrite,Fe(OH)3,U(+6),d01,d01_f4-14b,10,Humic acid+N(+5)+Na(+1),4.3346,1.3,5.7366e-07,,2.31
ferrihydrite-*-U(+6),ferrihydrite,Fe(OH)3,U(+6),d01,d01_f4-14b,11,Humic acid+N(+5)+Na(+1),4.5937,1.3,7.79853e-07,,2.31
ferrihydrite-*-U(+6),ferrihydrite,Fe(OH)3,U(+6),d01,d01_f4-14b,12,Humic acid+N(+5)+Na(+1),4.6307,1.3,8.21511e-07,,2.31
ferrihydrite-*-U(+6),ferrihydrite,Fe(OH)3,U(+6),d01,d01_f4-14b,13,Humic acid+N(+5)+Na(+1),4.9181,1.3,9.19364e-07,,2.31
ferrihydrite-*-U(+6),ferrihydrite,Fe(OH)3,U(+6),d01,d01_f4-14b,14,Humic acid+N(+5)+Na(+1),5.2244,1.3,9.69295e-07,,2.31
ferrihydrite-*-U(+6),ferrihydrite,Fe(OH)3,U(+6),d01,d01_f4-14b,15,Humic acid+N(+5)+Na(+1),5.4472,1.3,9.71329e-07,,2.31
ferrihydrite-*-U(+6),ferrihydrite,Fe(OH)3,U(+6),d01,d01_f4-14b,16,Humic acid+N(+5)+Na(+1),5.9393,1.3,9.94136e-07,,2.31
ferrihydrite-*-U(+6),ferrihydrite,Fe(OH)3,U(+6),d01,d01_f4-14b,17,Humic acid+N(+5)+Na(+1),6.4409,1.3,9.81524e-07,,2.31
ferrihydrite-*-U(+6),ferrihydrite,Fe(OH)3,U(+6),d01,d01_f4-14b,18,Humic acid+N(+5)+Na(+1),7.0166,1.3,9.87645e-07,,2.31
ferrihydrite-*-U(+6),ferrihydrite,Fe(OH)3,U(+6),d01,d01_f4-14b,19,Humic acid+N(+5)+Na(+1),7.2117,1.3,9.73018e-07,,2.31
ferrihydrite-*-U(+6),ferrihydrite,Fe(OH)3,U(+6),d01,d01_f4-14b,20,Humic acid+N(+5)+Na(+1),7.9361,1.3,9.85356e-07,,2.31
ferrihydrite-*-U(+6),ferrihydrite,Fe(OH)3,U(+6),d01,d01_f4-14b,21,Humic acid+N(+5)+Na(+1),8.2056,1.3,9.39463e-07,,2.31
ferrihydrite-*-U(+6),ferrihydrite,Fe(OH)3,U(+6),d01,d01_f4-14b,22,Humic acid+N(+5)+Na(+1),8.1501,1.3,8.85309e-07,,2.31
ferrihydrite-*-U(+6),ferrihydrite,Fe(OH)3,U(+6),d01,d01_f4-14b,23,Humic acid+N(+5)+Na(+1),8.5225,1.3,6.85226e-07,,2.31
ferrihydrite-*-U(+6),ferrihydrite,Fe(OH)3,U(+6),d01,d01_f4-14b,24,Humic acid+N(+5)+Na(+1),8.5699,1.3,4.56048e-07,,2.31
ferrihydrite-*-U(+6),ferrihydrite,Fe(OH)3,U(+6),d01,d01_f4-14b,25,Humic acid+N(+5)+Na(+1),8.8498,1.3,1.83069e-07,,2.31
ferrihydrite-*-U(+6),ferrihydrite,Fe(OH)3,U(+6),d01,d01_f4-14b,26,Humic acid+N(+5)+Na(+1),9.1942,1.3,4.3409e-08,,2.31
ferrihydrite-*-U(+6),ferrihydrite,Fe(OH)3,U(+6),d01,d01_f4-14b,27,Humic acid+N(+5)+Na(+1),9.3978,1.3,1.8503e-07,,2.31
ferrihydrite-*-U(+6),ferrihydrite,Fe(OH)3,U(+6),d01,d01_f4-14b,28,Humic acid+N(+5)+Na(+1),9.9095,1.3,-5.01e-10,,2.31
ferrihydrite-*-U(+6),ferrihydrite,Fe(OH)3,U(+6),d01,d01_f4-4a,1,N(+5)+Na(+1),3.0363,1.3,8.616e-09,,2.31
ferrihydrite-*-U(+6),ferrihydrite,Fe(OH)3,U(+6),d01,d01_f4-4a,2,N(+5)+Na(+1),3.2725,1.3,5.4882e-08,,2.31
ferrihydrite-*-U(+6),ferrihydrite,Fe(OH)3,U(+6),d01,d01_f4-4a,3,N(+5)+Na(+1),3.3749,1.3,2.6611e-08,,2.31
ferrihydrite-*-U(+6),ferrihydrite,Fe(OH)3,U(+6),d01,d01_f4-4a,4,N(+5)+Na(+1),3.5186,1.3,3.6629e-08,,2.31
ferrihydrite-*-U(+6),ferrihydrite,Fe(OH)3,U(+6),d01,d01_f4-4a,5,N(+5)+Na(+1),3.58,1.3,1.4424e-08,,2.31
ferrihydrite-*-U(+6),ferrihydrite,Fe(OH)3,U(+6),d01,d01_f4-4a,6,N(+5)+Na(+1),3.6726,1.3,6.277e-08,,2.31
ferrihydrite-*-U(+6),ferrihydrite,Fe(OH)3,U(+6),d01,d01_f4-4a,7,N(+5)+Na(+1),3.8168,1.3,1.57465e-07,,2.31
ferrihydrite-*-U(+6),ferrihydrite,Fe(OH)3,U(+6),d01,d01_f4-4a,8,N(+5)+Na(+1),3.9706,1.3,1.37236e-07,,2.31
ferrihydrite-*-U(+6),ferrihydrite,Fe(OH)3,U(+6),d01,d01_f4-4a,9,N(+5)+Na(+1),4.0836,1.3,1.69444e-07,,2.31
ferrihydrite-*-U(+6),ferrihydrite,Fe(OH)3,U(+6),d01,d01_f4-4a,10,N(+5)+Na(+1),4.2381,1.3,2.90344e-07,,2.31
ferrihydrite-*-U(+6),ferrihydrite,Fe(OH)3,U(+6),d01,d01_f4-4a,11,N(+5)+Na(+1),4.3516,1.3,4.13277e-07,,2.31
ferrihydrite-*-U(+6),ferrihydrite,Fe(OH)3,U(+6),d01,d01_f4-4a,12,N(+5)+Na(+1),4.5368,1.3,5.22067e-07,,2.31
ferrihydrite-*-U(+6),ferrihydrite,Fe(OH)3,U(+6),d01,d01_f4-4a,13,N(+5)+Na(+1),4.5166,1.3,5.74495e-07,,2.31
ferrihydrite-*-U(+6),ferrihydrite,Fe(OH)3,U(+6),d01,d01_f4-4a,14,N(+5)+Na(+1),4.6609,1.3,7.17576e-07,,2.31
ferrihydrite-*-U(+6),ferrihydrite,Fe(OH)3,U(+6),d01,d01_f4-4a,15,N(+5)+Na(+1),4.7637,1.3,7.45756e-07,,2.31
ferrihydrite-*-U(+6),ferrihydrite,Fe(OH)3,U(+6),d01,d01_f4-4a,16,N(+5)+Na(+1),5.0003,1.3,8.64604e-07,,2.31
ferrihydrite-*-U(+6),ferrihydrite,Fe(OH)3,U(+6),d01,d01_f4-4a,17,N(+5)+Na(+1),5.2469,1.3,9.43124e-07,,2.31
ferrihydrite-*-U(+6),ferrihydrite,Fe(OH)3,U(+6),d01,d01_f4-4a,18,N(+5)+Na(+1),5.3086,1.3,9.63259e-07,,2.31
ferrihydrite-*-U(+6),ferrihydrite,Fe(OH)3,U(+6),d01,d01_f4-4a,19,N(+5)+Na(+1),5.5241,1.3,9.7526e-07,,2.31
ferrihydrite-*-U(+6),ferrihydrite,Fe(OH)3,U(+6),d01,d01_f4-4a,20,N(+5)+Na(+1),5.7499,1.3,9.97338e-07,,2.31
ferrihydrite-*-U(+6),ferrihydrite,Fe(OH)3,U(+6),d01,d01_f4-4a,21,N(+5)+Na(+1),6.2424,1.3,9.95105e-07,,2.31
ferrihydrite-*-U(+6),ferrihydrite,Fe(OH)3,U(+6),d01,d01_f4-4a,22,N(+5)+Na(+1),6.9092,1.3,9.90778e-07,,2.31
ferrihydrite-*-U(+6),ferrihydrite,Fe(OH)3,U(+6),d01,d01_f4-4a,23,N(+5)+Na(+1),7.4735,1.3,9.86497e-07,,2.31
ferrihydrite-*-U(+6),ferrihydrite,Fe(OH)3,U(+6),d01,d01_f4-4a,24,N(+5)+Na(+1),7.7505,1.3,9.84359e-07,,2.31
ferrihydrite-*-U(+6),ferrihydrite,Fe(OH)3,U(+6),d01,d01_f4-4a,25,N(+5)+Na(+1),7.9659,1.3,9.74183e-07,,2.31
ferrihydrite-*-U(+6),ferrihydrite,Fe(OH)3,U(+6),d01,d01_f4-4a,26,N(+5)+Na(+1),8.1607,1.3,9.43856e-07,,2.31
ferrihydrite-*-U(+6),ferrihydrite,Fe(OH)3,U(+6),d01,d01_f4-4a,27,N(+5)+Na(+1),8.3039,1.3,8.61131e-07,,2.31
ferrihydrite-*-U(+6),ferrihydrite,Fe(OH)3,U(+6),d01,d01_f4-4a,28,N(+5)+Na(+1),8.2832,1.3,8.36947e-07,,2.31
ferrihydrite-*-U(+6),ferrihydrite,Fe(OH)3,U(+6),d01,d01_f4-4a,29,N(+5)+Na(+1),8.4977,1.3,6.41288e-07,,2.31
ferrihydrite-*-U(+6),ferrihydrite,Fe(OH)3,U(+6),d01,d01_f4-4a,30,N(+5)+Na(+1),8.6296,1.3,3.6502e-07,,2.31
ferrihydrite-*-U(+6),ferrihydrite,Fe(OH)3,U(+6),d01,d01_f4-4a,31,N(+5)+Na(+1),8.7524,1.3,3.00449e-07,,2.31
ferrihydrite-*-U(+6),ferrihydrite,Fe(OH)3,U(+6),d01,d01_f4-4a,32,N(+5)+Na(+1),8.9049,1.3,1.8124e-08,,2.31
ferrihydrite-*-U(+6),ferrihydrite,Fe(OH)3,U(+6),d01,d01_f4-4a,33,N(+5)+Na(+1),9.1819,1.3,2.8083e-08,,2.31
ferrihydrite-*-U(+6),ferrihydrite,Fe(OH)3,U(+6),d01,d01_f4-4a,34,N(+5)+Na(+1),9.6128,1.3,1.378e-08,,2.31
ferrihydrite-*-U(+6),ferrihydrite,Fe(OH)3,U(+6),d01,d01_f4-4a,35,N(+5)+Na(+1),9.982,1.3,-4.96e-10,,2.31
ferrihydrite-*-U(+6),ferrihydrite,Fe(OH)3,U(+6),d01,d01_f4-4b,1,N(+5)+Na(+1),2.5745,1.3,-1.261e-09,,2.31
ferrihydrite-*-U(+6),ferrihydrite,Fe(OH)3,U(+6),d01,d01_f4-4b,2,N(+5)+Na(+1),2.9747,1.3,8.643e-09,,2.31
ferrihydrite-*-U(+6),ferrihydrite,Fe(OH)3,U(+6),d01,d01_f4-4b,3,N(+5)+Na(+1),3.3034,1.3,8.7127e-08,,2.31
ferrihydrite-*-U(+6),ferrihydrite,Fe(OH)3,U(+6),d01,d01_f4-4b,4,N(+5)+Na(+1),3.6848,1.3,4.31717e-07,,2.31
ferrihydrite-*-U(+6),ferrihydrite,Fe(OH)3,U(+6),d01,d01_f4-4b,5,N(+5)+Na(+1),3.9735,1.3,7.13847e-07,,2.31
ferrihydrite-*-U(+6),ferrihydrite,Fe(OH)3,U(+6),d01,d01_f4-4b,6,N(+5)+Na(+1),4.2721,1.3,9.13312e-07,,2.31
ferrihydrite-*-U(+6),ferrihydrite,Fe(OH)3,U(+6),d01,d01_f4-4b,7,N(+5)+Na(+1),4.611,1.3,9.83728e-07,,2.31
ferrihydrite-*-U(+6),ferrihydrite,Fe(OH)3,U(+6),d01,d01_f4-4b,8,N(+5)+Na(+1),4.8573,1.3,9.95716e-07,,2.31
ferrihydrite-*-U(+6),ferrihydrite,Fe(OH)3,U(+6),d01,d01_f4-4b,9,N(+5)+Na(+1),5.3599,1.3,9.99526e-07,,2.31
ferrihydrite-*-U(+6),ferrihydrite,Fe(OH)3,U(+6),d01,d01_f4-4b,10,N(+5)+Na(+1),5.9654,1.3,9.97243e-07,,2.31
ferrihydrite-*-U(+6),ferrihydrite,Fe(OH)3,U(+6),d01,d01_f4-4b,11,N(+5)+Na(+1),6.5297,1.3,9.9901e-07,,2.31
ferrihydrite-*-U(+6),ferrihydrite,Fe(OH)3,U(+6),d01,d01_f4-4b,12,N(+5)+Na(+1),7.176,1.3,9.98725e-07,,2.31
ferrihydrite-*-U(+6),ferrihydrite,Fe(OH)3,U(+6),d01,d01_f4-4b,13,N(+5)+Na(+1),7.5453,1.3,9.96545e-07,,2.31
ferrihydrite-*-U(+6),ferrihydrite,Fe(OH)3,U(+6),d01,d01_f4-4b,14,N(+5)+Na(+1),7.9043,1.3,9.98404e-07,,2.31
ferrihydrite-*-U(+6),ferrihydrite,Fe(OH)3,U(+6),d01,d01_f4-4b,15,N(+5)+Na(+1),8.1404,1.3,9.983e-07,,2.31
ferrihydrite-*-U(+6),ferrihydrite,Fe(OH)3,U(+6),d01,d01_f4-4b,16,N(+5)+Na(+1),8.5917,1.3,9.75924e-07,,2.31
ferrihydrite-*-U(+6),ferrihydrite,Fe(OH)3,U(+6),d01,d01_f4-4b,17,N(+5)+Na(+1),8.9498,1.3,7.80201e-07,,2.31
ferrihydrite-*-U(+6),ferrihydrite,Fe(OH)3,U(+6),d01,d01_f4-4b,18,N(+5)+Na(+1),9.2246,1.3,3.52661e-07,,2.31
ferrihydrite-*-U(+6),ferrihydrite,Fe(OH)3,U(+6),d01,d01_f4-4b,19,N(+5)+Na(+1),9.6127,1.3,1.683e-09,,2.31
ferrihydrite-*-U(+6),ferrihydrite,Fe(OH)3,U(+6),d01,d01_f4-4b,20,N(+5)+Na(+1),9.9205,1.3,1.547e-09,,2.31
ferrihydrite-*-U(+6),ferrihydrite,Fe(OH)3,U(+6),d01,d01_f4-5a,1,N(+5)+Na(+1),3.9901,1.3,-4.139e-07,,2.31
ferrihydrite-*-U(+6),ferrihydrite,Fe(OH)3,U(+6),d01,d01_f4-5a,2,N(+5)+Na(+1),4.2577,1.3,1.0136e-06,,2.31
ferrihydrite-*-U(+6),ferrihydrite,Fe(OH)3,U(+6),d01,d01_f4-5a,3,N(+5)+Na(+1),4.5163,1.3,7.4808e-06,,2.31
ferrihydrite-*-U(+6),ferrihydrite,Fe(OH)3,U(+6),d01,d01_f4-5a,4,N(+5)+Na(+1),4.7471,1.3,2.56399e-05,,2.31
ferrihydrite-*-U(+6),ferrihydrite,Fe(OH)3,U(+6),d01,d01_f4-5a,5,N(+5)+Na(+1),4.8826,1.3,3.31078e-05,,2.31
ferrihydrite-*-U(+6),ferrihydrite,Fe(OH)3,U(+6),d01,d01_f4-5a,6,N(+5)+Na(+1),5.03,1.3,4.68264e-05,,2.31
ferrihydrite-*-U(+6),ferrihydrite,Fe(OH)3,U(+6),d01,d01_f4-5a,7,N(+5)+Na(+1),5.5215,1.3,7.99207e-05,,2.31
ferrihydrite-*-U(+6),ferrihydrite,Fe(OH)3,U(+6),d01,d01_f4-5a,8,N(+5)+Na(+1),6.4405,1.3,9.65085e-05,,2.31
ferrihydrite-*-U(+6),ferrihydrite,Fe(OH)3,U(+6),d01,d01_f4-5a,9,N(+5)+Na(+1),6.749,1.3,9.69304e-05,,2.31
ferrihydrite-*-U(+6),ferrihydrite,Fe(OH)3,U(+6),d01,d01_f4-5a,10,N(+5)+Na(+1),7.2107,1.3,9.4539e-05,,2.31
ferrihydrite-*-U(+6),ferrihydrite,Fe(OH)3,U(+6),d01,d01_f4-5a,11,N(+5)+Na(+1),7.4969,1.3,8.85079e-05,,2.31
ferrihydrite-*-U(+6),ferrihydrite,Fe(OH)3,U(+6),d01,d01_f4-5a,12,N(+5)+Na(+1),7.9964,1.3,3.20865e-05,,2.31
ferrihydrite-*-U(+6),ferrihydrite,Fe(OH)3,U(+6),d01,d01_f4-5a,13,N(+5)+Na(+1),8.3205,1.3,1.35577e-05,,2.31
ferrihydrite-*-U(+6),ferrihydrite,Fe(OH)3,U(+6),d01,d01_f4-5a,14,N(+5)+Na(+1),8.5135,1.3,4.4968e-06,,2.31
ferrihydrite-*-U(+6),ferrihydrite,Fe(OH)3,U(+6),d01,d01_f4-5a,15,N(+5)+Na(+1),8.6048,1.3,-1.348e-07,,2.31
ferrihydrite-*-U(+6),ferrihydrite,Fe(OH)3,U(+6),d01,d01_f4-5a,16,N(+5)+Na(+1),8.8721,1.3,2.846e-07,,2.31
ferrihydrite-*-U(+6),ferrihydrite,Fe(OH)3,U(+6),d01,d01_f4-5a,17,N(+5)+Na(+1),9.4374,1.3,3.188e-07,,2.31
ferrihydrite-*-U(+6),ferrihydrite,Fe(OH)3,U(+6),d01,d01_f4-5b,1,N(+5)+Na(+1),3.9818,1.3,7.0453e-07,,2.31
ferrihydrite-*-U(+6),ferrihydrite,Fe(OH)3,U(+6),d01,d01_f4-5b,2,N(+5)+Na(+1),4.2513,1.3,1.61342e-06,,2.31
ferrihydrite-*-U(+6),ferrihydrite,Fe(OH)3,U(+6),d01,d01_f4-5b,3,N(+5)+Na(+1),4.4809,1.3,2.98577e-06,,2.31
ferrihydrite-*-U(+6),ferrihydrite,Fe(OH)3,U(+6),d01,d01_f4-5b,4,N(+5)+Na(+1),4.7019,1.3,4.96291e-06,,2.31
ferrihydrite-*-U(+6),ferrihydrite,Fe(OH)3,U(+6),d01,d01_f4-5b,5,N(+5)+Na(+1),4.7542,1.3,5.32612e-06,,2.31
ferrihydrite-*-U(+6),ferrihydrite,Fe(OH)3,U(+6),d01,d01_f4-5b,6,N(+5)+Na(+1),4.9853,1.3,7.28317e-06,,2.31
ferrihydrite-*-U(+6),ferrihydrite,Fe(OH)3,U(+6),d01,d01_f4-5b,7,N(+5)+Na(+1),5.6076,1.3,9.46436e-06,,2.31
ferrihydrite-*-U(+6),ferrihydrite,Fe(OH)3,U(+6),d01,d01_f4-5b,8,N(+5)+Na(+1),6.2254,1.3,9.93181e-06,,2.31
ferrihydrite-*-U(+6),ferrihydrite,Fe(OH)3,U(+6),d01,d01_f4-5b,9,N(+5)+Na(+1),6.6364,1.3,9.93429e-06,,2.31
ferrihydrite-*-U(+6),ferrihydrite,Fe(OH)3,U(+6),d01,d01_f4-5b,10,N(+5)+Na(+1),7.1503,1.3,9.89708e-06,,2.31
ferrihydrite-*-U(+6),ferrihydrite,Fe(OH)3,U(+6),d01,d01_f4-5b,11,N(+5)+Na(+1),7.6124,1.3,9.75874e-06,,2.31
ferrihydrite-*-U(+6),ferrihydrite,Fe(OH)3,U(+6),d01,d01_f4-5b,12,N(+5)+Na(+1),7.8683,1.3,9.37723e-06,,2.31
ferrihydrite-*-U(+6),ferrihydrite,Fe(OH)3,U(+6),d01,d01_f4-5b,13,N(+5)+Na(+1),8.2802,1.3,5.67004e-06,,2.31
ferrihydrite-*-U(+6),ferrihydrite,Fe(OH)3,U(+6),d01,d01_f4-5b,14,N(+5)+Na(+1),8.5708,1.3,2.76857e-06,,2.31
ferrihydrite-*-U(+6),ferrihydrite,Fe(OH)3,U(+6),d01,d01_f4-5b,15,N(+5)+Na(+1),8.8951,1.3,9.7618e-07,,2.31
ferrihydrite-*-U(+6),ferrihydrite,Fe(OH)3,U(+6),d01,d01_f4-5b,16,N(+5)+Na(+1),9.2638,1.3,4.5422e-07,,2.31
ferrihydrite-*-U(+6),ferrihydrite,Fe(OH)3,U(+6),d01,d01_f4-5b,17,N(+5)+Na(+1),9.5614,1.3,2.9473e-07,,2.31
ferrihydrite-*-U(+6),ferrihydrite,Fe(OH)3,U(+6),d01,d01_f4-5b,18,N(+5)+Na(+1),9.9623,1.3,3.1731e-07,,2.31
ferrihydrite-*-U(+6),ferrihydrite,Fe(OH)3,U(+6),d01,d01_f4-5c,1,N(+5)+Na(+1),3.0552,1.3,7.391e-09,,2.31
ferrihydrite-*-U(+6),ferrihydrite,Fe(OH)3,U(+6),d01,d01_f4-5c,2,N(+5)+Na(+1),3.2824,1.3,4.9868e-08,,2.31
ferrihydrite-*-U(+6),ferrihydrite,Fe(OH)3,U(+6),d01,d01_f4-5c,3,N(+5)+Na(+1),3.3638,1.3,1.9676e-08,,2.31
ferrihydrite-*-U(+6),ferrihydrite,Fe(OH)3,U(+6),d01,d01_f4-5c,4,N(+5)+Na(+1),3.5286,1.3,3.1872e-08,,2.31
ferrihydrite-*-U(+6),ferrihydrite,Fe(OH)3,U(+6),d01,d01_f4-5c,5,N(+5)+Na(+1),3.5693,1.3,1.7784e-08,,2.31
ferrihydrite-*-U(+6),ferrihydrite,Fe(OH)3,U(+6),d01,d01_f4-5c,6,N(+5)+Na(+1),3.6835,1.3,6.0192e-08,,2.31
ferrihydrite-*-U(+6),ferrihydrite,Fe(OH)3,U(+6),d01,d01_f4-5c,7,N(+5)+Na(+1),3.8296,1.3,1.53022e-07,,2.31
ferrihydrite-*-U(+6),ferrihydrite,Fe(OH)3,U(+6),d01,d01_f4-5c,8,N(+5)+Na(+1),3.9731,1.3,1.3698e-07,,2.31
ferrihydrite-*-U(+6),ferrihydrite,Fe(OH)3,U(+6),d01,d01_f4-5c,9,N(+5)+Na(+1),4.0868,1.3,1.5721e-07,,2.31
ferrihydrite-*-U(+6),ferrihydrite,Fe(OH)3,U(+6),d01,d01_f4-5c,10,N(+5)+Na(+1),4.2443,1.3,2.86337e-07,,2.31
ferrihydrite-*-U(+6),ferrihydrite,Fe(OH)3,U(+6),d01,d01_f4-5c,11,N(+5)+Na(+1),4.3605,1.3,4.11408e-07,,2.31
ferrihydrite-*-U(+6),ferrihydrite,Fe(OH)3,U(+6),d01,d01_f4-5c,12,N(+5)+Na(+1),4.5483,1.3,5.18376e-07,,2.31
ferrihydrite-*-U(+6),ferrihydrite,Fe(OH)3,U(+6),d01,d01_f4-5c,13,N(+5)+Na(+1),4.5293,1.3,5.78848e-07,,2.31
ferrihydrite-*-U(+6),ferrihydrite,Fe(OH)3,U(+6),d01,d01_f4-5c,14,N(+5)+Na(+1),4.6667,1.3,7.26109e-07,,2.31
ferrihydrite-*-U(+6),ferrihydrite,Fe(OH)3,U(+6),d01,d01_f4-5c,15,N(+5)+Na(+1),4.7803,1.3,7.50371e-07,,2.31
ferrihydrite-*-U(+6),ferrihydrite,Fe(OH)3,U(+6),d01,d01_f4-5c,16,N(+5)+Na(+1),5.0199,1.3,8.735e-07,,2.31
ferrihydrite-*-U(+6),ferrihydrite,Fe(OH)3,U(+6),d01,d01_f4-5c,17,N(+5)+Na(+1),5.2581,1.3,9.44209e-07,,2.31
ferrihydrite-*-U(+6),ferrihydrite,Fe(OH)3,U(+6),d01,d01_f4-5c,18,N(+5)+Na(+1),5.2997,1.3,9.64395e-07,,2.31
ferrihydrite-*-U(+6),ferrihydrite,Fe(OH)3,U(+6),d01,d01_f4-5c,19,N(+5)+Na(+1),5.5364,1.3,9.76635e-07,,2.31
ferrihydrite-*-U(+6),ferrihydrite,Fe(OH)3,U(+6),d01,d01_f4-5c,20,N(+5)+Na(+1),5.7322,1.3,9.98931e-07,,2.31
ferrihydrite-*-U(+6),ferrihydrite,Fe(OH)3,U(+6),d01,d01_f4-5c,21,N(+5)+Na(+1),5.9584,1.3,1.00108e-06,,2.31
ferrihydrite-*-U(+6),ferrihydrite,Fe(OH)3,U(+6),d01,d01_f4-5c,22,N(+5)+Na(+1),6.2461,1.3,9.97225e-07,,2.31
ferrihydrite-*-U(+6),ferrihydrite,Fe(OH)3,U(+6),d01,d01_f4-5c,23,N(+5)+Na(+1),6.5545,1.3,9.99428e-07,,2.31
ferrihydrite-*-U(+6),ferrihydrite,Fe(OH)3,U(+6),d01,d01_f4-5c,24,N(+5)+Na(+1),6.9243,1.3,9.9562e-07,,2.31
ferrihydrite-*-U(+6),ferrihydrite,Fe(OH)3,U(+6),d01,d01_f4-5c,25,N(+5)+Na(+1),7.4998,1.3,9.91935e-07,,2.31
ferrihydrite-*-U(+6),ferrihydrite,Fe(OH)3,U(+6),d01,d01_f4-5c,26,N(+5)+Na(+1),7.7464,1.3,9.88052e-07,,2.31
ferrihydrite-*-U(+6),ferrihydrite,Fe(OH)3,U(+6),d01,d01_f4-5c,27,N(+5)+Na(+1),7.9928,1.3,9.78121e-07,,2.31
ferrihydrite-*-U(+6),ferrihydrite,Fe(OH)3,U(+6),d01,d01_f4-5c,28,N(+5)+Na(+1),8.1769,1.3,9.45974e-07,,2.31
ferrihydrite-*-U(+6),ferrihydrite,Fe(OH)3,U(+6),d01,d01_f4-5c,29,N(+5)+Na(+1),8.3189,1.3,8.71463e-07,,2.31
ferrihydrite-*-U(+6),ferrihydrite,Fe(OH)3,U(+6),d01,d01_f4-5c,30,N(+5)+Na(+1),8.3183,1.3,8.47269e-07,,2.31
ferrihydrite-*-U(+6),ferrihydrite,Fe(OH)3,U(+6),d01,d01_f4-5c,31,N(+5)+Na(+1),8.5289,1.3,6.43767e-07,,2.31
ferrihydrite-*-U(+6),ferrihydrite,Fe(OH)3,U(+6),d01,d01_f4-5c,32,N(+5)+Na(+1),8.6038,1.3,3.65587e-07,,2.31
ferrihydrite-*-U(+6),ferrihydrite,Fe(OH)3,U(+6),d01,d01_f4-5c,33,N(+5)+Na(+1),8.7668,1.3,3.05202e-07,,2.31
ferrihydrite-*-U(+6),ferrihydrite,Fe(OH)3,U(+6),d01,d01_f4-5c,34,N(+5)+Na(+1),8.9033,1.3,1.6978e-08,,2.31
ferrihydrite-*-U(+6),ferrihydrite,Fe(OH)3,U(+6),d01,d01_f4-5c,35,N(+5)+Na(+1),9.181,1.3,2.521e-08,,2.31
ferrihydrite-*-U(+6),ferrihydrite,Fe(OH)3,U(+6),d01,d01_f4-5c,36,N(+5)+Na(+1),9.6639,1.3,1.9454e-08,,2.31
ferrihydrite-*-U(+6),ferrihydrite,Fe(OH)3,U(+6),d01,d01_f4-5c,37,N(+5)+Na(+1),9.9924,1.3,3.524e-09,,2.31
ferrihydrite-*-U(+6),ferrihydrite,Fe(OH)3,U(+6),d01,d01_f4-5d,1,N(+5)+Na(+1),4.0284,1.3,2.84191e-09,,2.31
ferrihydrite-*-U(+6),ferrihydrite,Fe(OH)3,U(+6),d01,d01_f4-5d,2,N(+5)+Na(+1),4.2995,1.3,4.35564e-09,,2.31
ferrihydrite-*-U(+6),ferrihydrite,Fe(OH)3,U(+6),d01,d01_f4-5d,3,N(+5)+Na(+1),4.512,1.3,7.0787e-09,,2.31
ferrihydrite-*-U(+6),ferrihydrite,Fe(OH)3,U(+6),d01,d01_f4-5d,4,N(+5)+Na(+1),4.7941,1.3,8.8546e-09,,2.31
ferrihydrite-*-U(+6),ferrihydrite,Fe(OH)3,U(+6),d01,d01_f4-5d,5,N(+5)+Na(+1),5.0838,1.3,9.62248e-09,,2.31
ferrihydrite-*-U(+6),ferrihydrite,Fe(OH)3,U(+6),d01,d01_f4-7a,1,N(+5)+Na(+1),3.0467,1.3,3.088e-09,,2.31
ferrihydrite-*-U(+6),ferrihydrite,Fe(OH)3,U(+6),d01,d01_f4-7a,2,N(+5)+Na(+1),3.2902,1.3,4.8605e-08,,2.31
ferrihydrite-*-U(+6),ferrihydrite,Fe(OH)3,U(+6),d01,d01_f4-7a,3,N(+5)+Na(+1),3.3452,1.3,1.9531e-08,,2.31
ferrihydrite-*-U(+6),ferrihydrite,Fe(OH)3,U(+6),d01,d01_f4-7a,4,N(+5)+Na(+1),3.5316,1.3,2.9807e-08,,2.31
ferrihydrite-*-U(+6),ferrihydrite,Fe(OH)3,U(+6),d01,d01_f4-7a,5,N(+5)+Na(+1),3.6817,1.3,6.085e-08,,2.31
ferrihydrite-*-U(+6),ferrihydrite,Fe(OH)3,U(+6),d01,d01_f4-7a,6,N(+5)+Na(+1),3.815,1.3,1.49992e-07,,2.31
ferrihydrite-*-U(+6),ferrihydrite,Fe(OH)3,U(+6),d01,d01_f4-7a,7,N(+5)+Na(+1),3.9822,1.3,1.37457e-07,,2.31
ferrihydrite-*-U(+6),ferrihydrite,Fe(OH)3,U(+6),d01,d01_f4-7a,8,N(+5)+Na(+1),4.0574,1.3,1.6024e-07,,2.31
ferrihydrite-*-U(+6),ferrihydrite,Fe(OH)3,U(+6),d01,d01_f4-7a,9,N(+5)+Na(+1),4.2477,1.3,2.84623e-07,,2.31
ferrihydrite-*-U(+6),ferrihydrite,Fe(OH)3,U(+6),d01,d01_f4-7a,10,N(+5)+Na(+1),4.3634,1.3,4.06968e-07,,2.31
ferrihydrite-*-U(+6),ferrihydrite,Fe(OH)3,U(+6),d01,d01_f4-7a,11,N(+5)+Na(+1),4.5532,1.3,5.14755e-07,,2.31
ferrihydrite-*-U(+6),ferrihydrite,Fe(OH)3,U(+6),d01,d01_f4-7a,12,N(+5)+Na(+1),4.5363,1.3,5.66631e-07,,2.31
ferrihydrite-*-U(+6),ferrihydrite,Fe(OH)3,U(+6),d01,d01_f4-7a,13,N(+5)+Na(+1),4.69,1.3,7.11779e-07,,2.31
ferrihydrite-*-U(+6),ferrihydrite,Fe(OH)3,U(+6),d01,d01_f4-7a,14,N(+5)+Na(+1),4.7934,1.3,7.42846e-07,,2.31
ferrihydrite-*-U(+6),ferrihydrite,Fe(OH)3,U(+6),d01,d01_f4-7a,15,N(+5)+Na(+1),5.0301,1.3,8.6098e-07,,2.31
ferrihydrite-*-U(+6),ferrihydrite,Fe(OH)3,U(+6),d01,d01_f4-7a,16,N(+5)+Na(+1),5.2747,1.3,9.37617e-07,,2.31
ferrihydrite-*-U(+6),ferrihydrite,Fe(OH)3,U(+6),d01,d01_f4-7a,17,N(+5)+Na(+1),5.5644,1.3,9.70662e-07,,2.31
ferrihydrite-*-U(+6),ferrihydrite,Fe(OH)3,U(+6),d01,d01_f4-7a,18,N(+5)+Na(+1),5.7605,1.3,9.89232e-07,,2.31
ferrihydrite-*-U(+6),ferrihydrite,Fe(OH)3,U(+6),d01,d01_f4-7a,19,N(+5)+Na(+1),6.2634,1.3,9.91046e-07,,2.31
ferrihydrite-*-U(+6),ferrihydrite,Fe(OH)3,U(+6),d01,d01_f4-7a,20,N(+5)+Na(+1),6.5614,1.3,9.90891e-07,,2.31
ferrihydrite-*-U(+6),ferrihydrite,Fe(OH)3,U(+6),d01,d01_f4-7a,21,N(+5)+Na(+1),6.9615,1.3,9.82385e-07,,2.31
ferrihydrite-*-U(+6),ferrihydrite,Fe(OH)3,U(+6),d01,d01_f4-7a,22,N(+5)+Na(+1),7.5202,1.3,9.82095e-07,,2.31
ferrihydrite-*-U(+6),ferrihydrite,Fe(OH)3,U(+6),d01,d01_f4-7a,23,N(+5)+Na(+1),7.7993,1.3,9.75726e-07,,2.31
ferrihydrite-*-U(+6),ferrihydrite,Fe(OH)3,U(+6),d01,d01_f4-7a,24,N(+5)+Na(+1),8.0132,1.3,9.67317e-07,,2.31
ferrihydrite-*-U(+6),ferrihydrite,Fe(OH)3,U(+6),d01,d01_f4-7a,25,N(+5)+Na(+1),8.1987,1.3,9.42324e-07,,2.31
ferrihydrite-*-U(+6),ferrihydrite,Fe(OH)3,U(+6),d01,d01_f4-7a,26,N(+5)+Na(+1),8.3357,1.3,8.63415e-07,,2.31
ferrihydrite-*-U(+6),ferrihydrite,Fe(OH)3,U(+6),d01,d01_f4-7a,27,N(+5)+Na(+1),8.3161,1.3,8.32305e-07,,2.31
ferrihydrite-*-U(+6),ferrihydrite,Fe(OH)3,U(+6),d01,d01_f4-7a,28,N(+5)+Na(+1),8.5425,1.3,6.35091e-07,,2.31
ferrihydrite-*-U(+6),ferrihydrite,Fe(OH)3,U(+6),d01,d01_f4-7a,29,N(+5)+Na(+1),8.6359,1.3,3.5911e-07,,2.31
ferrihydrite-*-U(+6),ferrihydrite,Fe(OH)3,U(+6),d01,d01_f4-7a,30,N(+5)+Na(+1),8.7829,1.3,2.96793e-07,,2.31
ferrihydrite-*-U(+6),ferrihydrite,Fe(OH)3,U(+6),d01,d01_f4-7a,31,N(+5)+Na(+1),8.932,1.3,1.6633e-08,,2.31
ferrihydrite-*-U(+6),ferrihydrite,Fe(OH)3,U(+6),d01,d01_f4-7a,32,N(+5)+Na(+1),9.2117,1.3,2.6861e-08,,2.31
ferrihydrite-*-U(+6),ferrihydrite,Fe(OH)3,U(+6),d01,d01_f4-7a,33,N(+5)+Na(+1),9.6118,1.3,1.8355e-08,,2.31
ferrihydrite-*-U(+6),ferrihydrite,Fe(OH)3,U(+6),d01,d01_f4-7a,34,N(+5)+Na(+1),9.6956,1.3,1.8311e-08,,2.31
ferrihydrite-*-U(+6),ferrihydrite,Fe(OH)3,U(+6),d01,d01_f4-7a,35,N(+5)+Na(+1),10.0209,1.3,-2.604e-09,,2.31
ferrihydrite-*-U(+6),ferrihydrite,Fe(OH)3,U(+6),d01,d01_f4-7b,1,N(+5)+Na(+1),3.662,1.3,2.7665e-08,,2.31
ferrihydrite-*-U(+6),ferrihydrite,Fe(OH)3,U(+6),d01,d01_f4-7b,2,N(+5)+Na(+1),4.2227,1.3,3.73847e-07,,2.31
ferrihydrite-*-U(+6),ferrihydrite,Fe(OH)3,U(+6),d01,d01_f4-7b,3,N(+5)+Na(+1),4.8641,1.3,9.12934e-07,,2.31
ferrihydrite-*-U(+6),ferrihydrite,Fe(OH)3,U(+6),d01,d01_f4-7b,4,N(+5)+Na(+1),5.173,1.3,9.60491e-07,,2.31
ferrihydrite-*-U(+6),ferrihydrite,Fe(OH)3,U(+6),d01,d01_f4-7b,5,N(+5)+Na(+1),5.6103,1.3,9.49891e-07,,2.31
ferrihydrite-*-U(+6),ferrihydrite,Fe(OH)3,U(+6),d01,d01_f4-7b,6,N(+5)+Na(+1),5.9746,1.3,9.84971e-07,,2.31
ferrihydrite-*-U(+6),ferrihydrite,Fe(OH)3,U(+6),d01,d01_f4-7b,7,N(+5)+Na(+1),6.403,1.3,9.88899e-07,,2.31
ferrihydrite-*-U(+6),ferrihydrite,Fe(OH)3,U(+6),d01,d01_f4-7b,8,N(+5)+Na(+1),6.8774,1.3,9.7413e-07,,2.31
ferrihydrite-*-U(+6),ferrihydrite,Fe(OH)3,U(+6),d01,d01_f4-7b,9,N(+5)+Na(+1),7.3065,1.3,7.10422e-07,,2.31
ferrihydrite-*-U(+6),ferrihydrite,Fe(OH)3,U(+6),d01,d01_f4-7b,10,N(+5)+Na(+1),7.4812,1.3,3.57633e-07,,2.31
ferrihydrite-*-U(+6),ferrihydrite,Fe(OH)3,U(+6),d01,d01_f4-7b,11,N(+5)+Na(+1),7.8234,1.3,-1.464e-09,,2.31
ferrihydrite-*-U(+6),ferrihydrite,Fe(OH)3,U(+6),d01,d01_f4-7b,12,N(+5)+Na(+1),8.1865,1.3,4.22e-10,,2.31
ferrihydrite-*-U(+6),ferrihydrite,Fe(OH)3,U(+6),d01,d01_f4-7b,13,N(+5)+Na(+1),8.4752,1.3,2.72e-10,,2.31
ferrihydrite-*-U(+6),ferrihydrite,Fe(OH)3,U(+6),d01,d01_f4-7b,14,N(+5)+Na(+1),8.8569,1.3,-4.075e-09,,2.31
ferrihydrite-*-U(+6),ferrihydrite,Fe(OH)3,U(+6),d01,d01_f4-7b,15,N(+5)+Na(+1),9.2667,1.3,-1.38e-10,,2.31
ferrihydrite-*-U(+6),ferrihydrite,Fe(OH)3,U(+6),d01,d01_f4-8aa,1,N(+5)+Na(+1),3.604,0.052000000000000005,8.153e-09,,2.31
ferrihydrite-*-U(+6),ferrihydrite,Fe(OH)3,U(+6),d01,d01_f4-8aa,2,N(+5)+Na(+1),4.3784,0.052000000000000005,5.62923e-07,,2.31
ferrihydrite-*-U(+6),ferrihydrite,Fe(OH)3,U(+6),d01,d01_f4-8aa,3,N(+5)+Na(+1),4.51,0.052000000000000005,6.00645e-07,,2.31
ferrihydrite-*-U(+6),ferrihydrite,Fe(OH)3,U(+6),d01,d01_f4-8aa,4,N(+5)+Na(+1),4.7227,0.052000000000000005,7.7826e-07,,2.31
ferrihydrite-*-U(+6),ferrihydrite,Fe(OH)3,U(+6),d01,d01_f4-8aa,5,N(+5)+Na(+1),5.0663,0.052000000000000005,9.29386e-07,,2.31
ferrihydrite-*-U(+6),ferrihydrite,Fe(OH)3,U(+6),d01,d01_f4-8aa,6,N(+5)+Na(+1),5.2724,0.052000000000000005,9.38589e-07,,2.31
ferrihydrite-*-U(+6),ferrihydrite,Fe(OH)3,U(+6),d01,d01_f4-8ab,1,N(+5)+Na(+1),4.0798,0.26,2.51737e-07,,2.31
ferrihydrite-*-U(+6),ferrihydrite,Fe(OH)3,U(+6),d01,d01_f4-8ab,2,N(+5)+Na(+1),4.339,0.26,3.98763e-07,,2.31
ferrihydrite-*-U(+6),ferrihydrite,Fe(OH)3,U(+6),d01,d01_f4-8ab,3,N(+5)+Na(+1),4.5182,0.26,5.06949e-07,,2.31
ferrihydrite-*-U(+6),ferrihydrite,Fe(OH)3,U(+6),d01,d01_f4-8ab,4,N(+5)+Na(+1),4.8216,0.26,8.25497e-07,,2.31
ferrihydrite-*-U(+6),ferrihydrite,Fe(OH)3,U(+6),d01,d01_f4-8ab,5,N(+5)+Na(+1),5.0192,0.26,9.05238e-07,,2.31
ferrihydrite-*-U(+6),ferrihydrite,Fe(OH)3,U(+6),d01,d01_f4-8ab,6,N(+5)+Na(+1),5.3664,0.26,9.65834e-07,,2.31
ferrihydrite-*-U(+6),ferrihydrite,Fe(OH)3,U(+6),d01,d01_f4-8ac,1,N(+5)+Na(+1),3.061,1.3,1.2025e-08,,2.31
ferrihydrite-*-U(+6),ferrihydrite,Fe(OH)3,U(+6),d01,d01_f4-8ac,2,N(+5)+Na(+1),3.2862,1.3,5.0676e-08,,2.31
ferrihydrite-*-U(+6),ferrihydrite,Fe(OH)3,U(+6),d01,d01_f4-8ac,3,N(+5)+Na(+1),3.3467,1.3,2.3228e-08,,2.31
ferrihydrite-*-U(+6),ferrihydrite,Fe(OH)3,U(+6),d01,d01_f4-8ac,4,N(+5)+Na(+1),3.5295,1.3,3.6672e-08,,2.31
ferrihydrite-*-U(+6),ferrihydrite,Fe(OH)3,U(+6),d01,d01_f4-8ac,5,N(+5)+Na(+1),3.6796,1.3,6.0685e-08,,2.31
ferrihydrite-*-U(+6),ferrihydrite,Fe(OH)3,U(+6),d01,d01_f4-8ac,6,N(+5)+Na(+1),3.8352,1.3,1.52059e-07,,2.31
ferrihydrite-*-U(+6),ferrihydrite,Fe(OH)3,U(+6),d01,d01_f4-8ac,7,N(+5)+Na(+1),3.9895,1.3,1.36066e-07,,2.31
ferrihydrite-*-U(+6),ferrihydrite,Fe(OH)3,U(+6),d01,d01_f4-8ac,8,N(+5)+Na(+1),4.0787,1.3,1.58054e-07,,2.31
ferrihydrite-*-U(+6),ferrihydrite,Fe(OH)3,U(+6),d01,d01_f4-8ac,9,N(+5)+Na(+1),4.2441,1.3,2.85205e-07,,2.31
ferrihydrite-*-U(+6),ferrihydrite,Fe(OH)3,U(+6),d01,d01_f4-8ac,10,N(+5)+Na(+1),4.3626,1.3,4.08207e-07,,2.31
ferrihydrite-*-U(+6),ferrihydrite,Fe(OH)3,U(+6),d01,d01_f4-8ac,11,N(+5)+Na(+1),4.5417,1.3,5.10077e-07,,2.31
ferrihydrite-*-U(+6),ferrihydrite,Fe(OH)3,U(+6),d01,d01_f4-8ac,12,N(+5)+Na(+1),4.5283,1.3,5.66936e-07,,2.31
ferrihydrite-*-U(+6),ferrihydrite,Fe(OH)3,U(+6),d01,d01_f4-8ac,13,N(+5)+Na(+1),4.6752,1.3,7.17269e-07,,2.31
ferrihydrite-*-U(+6),ferrihydrite,Fe(OH)3,U(+6),d01,d01_f4-8ac,14,N(+5)+Na(+1),4.7785,1.3,7.42397e-07,,2.31
ferrihydrite-*-U(+6),ferrihydrite,Fe(OH)3,U(+6),d01,d01_f4-8ac,15,N(+5)+Na(+1),5.0187,1.3,8.62081e-07,,2.31
ferrihydrite-*-U(+6),ferrihydrite,Fe(OH)3,U(+6),d01,d01_f4-8ac,16,N(+5)+Na(+1),5.0187,1.3,8.68396e-07,,2.31
ferrihydrite-*-U(+6),ferrihydrite,Fe(OH)3,U(+6),d01,d01_f4-8ac,17,N(+5)+Na(+1),5.2584,1.3,9.3966e-07,,2.31
ferrihydrite-*-U(+6),ferrihydrite,Fe(OH)3,U(+6),d01,d01_f4-8ac,18,N(+5)+Na(+1),5.3054,1.3,9.59598e-07,,2.31
ferrihydrite-*-U(+6),ferrihydrite,Fe(OH)3,U(+6),d01,d01_f4-8ac,19,N(+5)+Na(+1),5.5162,1.3,9.709e-07,,2.31
ferrihydrite-*-U(+6),ferrihydrite,Fe(OH)3,U(+6),d01,d01_f4-8ac,20,N(+5)+Na(+1),5.7459,1.3,9.93755e-07,,2.31
ferrihydrite-*-U(+6),ferrihydrite,Fe(OH)3,U(+6),d01,d01_f4-8ac,21,N(+5)+Na(+1),5.9473,1.3,9.9349e-07,,2.31
ferrihydrite-*-U(+6),ferrihydrite,Fe(OH)3,U(+6),d01,d01_f4-8ad,1,N(+5)+Na(+1),3.628,13.0,5.0226e-08,,2.31
ferrihydrite-*-U(+6),ferrihydrite,Fe(OH)3,U(+6),d01,d01_f4-8ad,2,N(+5)+Na(+1),4.055,13.0,1.3177e-07,,2.31
ferrihydrite-*-U(+6),ferrihydrite,Fe(OH)3,U(+6),d01,d01_f4-8ad,3,N(+5)+Na(+1),4.3479,13.0,3.67174e-07,,2.31
ferrihydrite-*-U(+6),ferrihydrite,Fe(OH)3,U(+6),d01,d01_f4-8ad,4,N(+5)+Na(+1),4.4668,13.0,5.10175e-07,,2.31
ferrihydrite-*-U(+6),ferrihydrite,Fe(OH)3,U(+6),d01,d01_f4-8ad,5,N(+5)+Na(+1),4.9007,13.0,7.83289e-07,,2.31
ferrihydrite-*-U(+6),ferrihydrite,Fe(OH)3,U(+6),d01,d01_f4-8ad,6,N(+5)+Na(+1),5.1925,13.0,9.11326e-07,,2.31
ferrihydrite-*-U(+6),ferrihydrite,Fe(OH)3,U(+6),d01,d01_f4-8ba,1,N(+5)+Na(+1),7.7372,0.26,9.91348e-07,,2.31
ferrihydrite-*-U(+6),ferrihydrite,Fe(OH)3,U(+6),d01,d01_f4-8ba,2,N(+5)+Na(+1),7.9628,0.26,9.72082e-07,,2.31
ferrihydrite-*-U(+6),ferrihydrite,Fe(OH)3,U(+6),d01,d01_f4-8ba,3,N(+5)+Na(+1),8.0996,0.26,9.75124e-07,,2.31
ferrihydrite-*-U(+6),ferrihydrite,Fe(OH)3,U(+6),d01,d01_f4-8ba,4,N(+5)+Na(+1),8.2267,0.26,9.6971e-07,,2.31
ferrihydrite-*-U(+6),ferrihydrite,Fe(OH)3,U(+6),d01,d01_f4-8ba,5,N(+5)+Na(+1),8.4325,0.26,9.03901e-07,,2.31
ferrihydrite-*-U(+6),ferrihydrite,Fe(OH)3,U(+6),d01,d01_f4-8ba,6,N(+5)+Na(+1),8.5068,0.26,8.49861e-07,,2.31
ferrihydrite-*-U(+6),ferrihydrite,Fe(OH)3,U(+6),d01,d01_f4-8ba,7,N(+5)+Na(+1),8.637,0.26,7.67195e-07,,2.31
ferrihydrite-*-U(+6),ferrihydrite,Fe(OH)3,U(+6),d01,d01_f4-8ba,8,N(+5)+Na(+1),8.7969,0.26,5.31061e-07,,2.31
ferrihydrite-*-U(+6),ferrihydrite,Fe(OH)3,U(+6),d01,d01_f4-8ba,9,N(+5)+Na(+1),8.7494,0.26,5.15234e-07,,2.31
ferrihydrite-*-U(+6),ferrihydrite,Fe(OH)3,U(+6),d01,d01_f4-8ba,10,N(+5)+Na(+1),9.1178,0.26,1.10644e-07,,2.31
ferrihydrite-*-U(+6),ferrihydrite,Fe(OH)3,U(+6),d01,d01_f4-8ba,11,N(+5)+Na(+1),9.5583,0.26,-8.94e-10,,2.31
ferrihydrite-*-U(+6),ferrihydrite,Fe(OH)3,U(+6),d01,d01_f4-8bb,1,N(+5)+Na(+1),7.4356,1.3,9.91641e-07,,2.31
ferrihydrite-*-U(+6),ferrihydrite,Fe(OH)3,U(+6),d01,d01_f4-8bb,2,N(+5)+Na(+1),7.7686,1.3,9.1936e-07,,2.31
ferrihydrite-*-U(+6),ferrihydrite,Fe(OH)3,U(+6),d01,d01_f4-8bb,3,N(+5)+Na(+1),8.0062,1.3,7.91087e-07,,2.31
ferrihydrite-*-U(+6),ferrihydrite,Fe(OH)3,U(+6),d01,d01_f4-8bb,4,N(+5)+Na(+1),8.1457,1.3,7.06296e-07,,2.31
ferrihydrite-*-U(+6),ferrihydrite,Fe(OH)3,U(+6),d01,d01_f4-8bb,5,N(+5)+Na(+1),8.2287,1.3,6.19443e-07,,2.31
ferrihydrite-*-U(+6),ferrihydrite,Fe(OH)3,U(+6),d01,d01_f4-8bb,6,N(+5)+Na(+1),8.2862,1.3,4.45842e-07,,2.31
ferrihydrite-*-U(+6),ferrihydrite,Fe(OH)3,U(+6),d01,d01_f4-8bb,7,N(+5)+Na(+1),8.4855,1.3,2.89035e-07,,2.31
ferrihydrite-*-U(+6),ferrihydrite,Fe(OH)3,U(+6),d01,d01_f4-8bb,8,N(+5)+Na(+1),8.583,1.3,2.22274e-07,,2.31
ferrihydrite-*-U(+6),ferrihydrite,Fe(OH)3,U(+6),d01,d01_f4-8bb,9,N(+5)+Na(+1),8.7219,1.3,1.05737e-07,,2.31
ferrihydrite-*-U(+6),ferrihydrite,Fe(OH)3,U(+6),d01,d01_f4-8bb,10,N(+5)+Na(+1),9.041,1.3,4.511e-08,,2.31
ferrihydrite-*-U(+6),ferrihydrite,Fe(OH)3,U(+6),d01,d01_f4-8bc,1,N(+5)+Na(+1),7.4356,6.5,9.91641e-07,,2.31
ferrihydrite-*-U(+6),ferrihydrite,Fe(OH)3,U(+6),d01,d01_f4-8bc,2,N(+5)+Na(+1),7.7686,6.5,9.1936e-07,,2.31
ferrihydrite-*-U(+6),ferrihydrite,Fe(OH)3,U(+6),d01,d01_f4-8bc,3,N(+5)+Na(+1),8.0062,6.5,7.91087e-07,,2.31
ferrihydrite-*-U(+6),ferrihydrite,Fe(OH)3,U(+6),d01,d01_f4-8bc,4,N(+5)+Na(+1),8.1457,6.5,7.06296e-07,,2.31
ferrihydrite-*-U(+6),ferrihydrite,Fe(OH)3,U(+6),d01,d01_f4-8bc,5,N(+5)+Na(+1),8.2287,6.5,6.19443e-07,,2.31
ferrihydrite-*-U(+6),ferrihydrite,Fe(OH)3,U(+6),d01,d01_f4-8bc,6,N(+5)+Na(+1),8.2862,6.5,4.45842e-07,,2.31
ferrihydrite-*-U(+6),ferrihydrite,Fe(OH)3,U(+6),d01,d01_f4-8bc,7,N(+5)+Na(+1),8.4855,6.5,2.89035e-07,,2.31
ferrihydrite-*-U(+6),ferrihydrite,Fe(OH)3,U(+6),d01,d01_f4-8bc,8,N(+5)+Na(+1),8.583,6.5,2.22274e-07,,2.31
ferrihydrite-*-U(+6),ferrihydrite,Fe(OH)3,U(+6),d01,d01_f4-8bc,9,N(+5)+Na(+1),8.7219,6.5,1.05737e-07,,2.31
ferrihydrite-*-U(+6),ferrihydrite,Fe(OH)3,U(+6),d01,d01_f4-8bc,10,N(+5)+Na(+1),9.041,6.5,4.511e-08,,2.31
ferrihydrite-*-U(+6),ferrihydrite,Fe(OH)3,U(+6),d01,d01_f4-8bd,1,N(+5)+Na(+1),7.9519,32.5,4.52516e-07,,2.31
ferrihydrite-*-U(+6),ferrihydrite,Fe(OH)3,U(+6),d01,d01_f4-8bd,2,N(+5)+Na(+1),8.2162,32.5,2.53317e-07,,2.31
ferrihydrite-*-U(+6),ferrihydrite,Fe(OH)3,U(+6),d01,d01_f4-8bd,3,N(+5)+Na(+1),8.3956,32.5,4.5735e-08,,2.31
ferrihydrite-*-U(+6),ferrihydrite,Fe(OH)3,U(+6),d01,d01_f4-8bd,4,N(+5)+Na(+1),8.6683,32.5,2.0075e-08,,2.31
ferrihydrite-*-U(+6),ferrihydrite,Fe(OH)3,U(+6),d01,d01_f4-10aa,1,N(+5)+Na(+1),3.0777,1.3,1.2732e-08,,2.31
ferrihydrite-*-U(+6),ferrihydrite,Fe(OH)3,U(+6),d01,d01_f4-10aa,2,N(+5)+Na(+1),3.3096,1.3,4.5901e-08,,2.31
ferrihydrite-*-U(+6),ferrihydrite,Fe(OH)3,U(+6),d01,d01_f4-10aa,3,N(+5)+Na(+1),3.5908,1.3,1.4109e-08,,2.31
ferrihydrite-*-U(+6),ferrihydrite,Fe(OH)3,U(+6),d01,d01_f4-10aa,4,N(+5)+Na(+1),3.8516,1.3,1.50137e-07,,2.31
ferrihydrite-*-U(+6),ferrihydrite,Fe(OH)3,U(+6),d01,d01_f4-10aa,5,N(+5)+Na(+1),4.1212,1.3,1.56396e-07,,2.31
ferrihydrite-*-U(+6),ferrihydrite,Fe(OH)3,U(+6),d01,d01_f4-10aa,6,N(+5)+Na(+1),4.2663,1.3,2.8367e-07,,2.31
ferrihydrite-*-U(+6),ferrihydrite,Fe(OH)3,U(+6),d01,d01_f4-10aa,7,N(+5)+Na(+1),4.5816,1.3,5.15803e-07,,2.31
ferrihydrite-*-U(+6),ferrihydrite,Fe(OH)3,U(+6),d01,d01_f4-10aa,8,N(+5)+Na(+1),4.7812,1.3,7.45893e-07,,2.31
ferrihydrite-*-U(+6),ferrihydrite,Fe(OH)3,U(+6),d01,d01_f4-10aa,9,N(+5)+Na(+1),5.0417,1.3,8.66261e-07,,2.31
ferrihydrite-*-U(+6),ferrihydrite,Fe(OH)3,U(+6),d01,d01_f4-10aa,10,N(+5)+Na(+1),5.2878,1.3,9.41911e-07,,2.31
ferrihydrite-*-U(+6),ferrihydrite,Fe(OH)3,U(+6),d01,d01_f4-10aa,11,N(+5)+Na(+1),5.7768,1.3,9.94782e-07,,2.31
ferrihydrite-*-U(+6),ferrihydrite,Fe(OH)3,U(+6),d01,d01_f4-10aa,12,N(+5)+Na(+1),5.9691,1.3,9.94459e-07,,2.31
ferrihydrite-*-U(+6),ferrihydrite,Fe(OH)3,U(+6),d01,d01_f4-10aa,13,N(+5)+Na(+1),7.495,1.3,9.87424e-07,,2.31
ferrihydrite-*-U(+6),ferrihydrite,Fe(OH)3,U(+6),d01,d01_f4-10aa,14,N(+5)+Na(+1),7.8155,1.3,9.82412e-07,,2.31
ferrihydrite-*-U(+6),ferrihydrite,Fe(OH)3,U(+6),d01,d01_f4-10aa,15,N(+5)+Na(+1),8.0076,1.3,9.70904e-07,,2.31
ferrihydrite-*-U(+6),ferrihydrite,Fe(OH)3,U(+6),d01,d01_f4-10aa,16,N(+5)+Na(+1),8.1862,1.3,9.41522e-07,,2.31
ferrihydrite-*-U(+6),ferrihydrite,Fe(OH)3,U(+6),d01,d01_f4-10aa,17,N(+5)+Na(+1),8.312,1.3,8.65248e-07,,2.31
ferrihydrite-*-U(+6),ferrihydrite,Fe(OH)3,U(+6),d01,d01_f4-10aa,18,N(+5)+Na(+1),8.2854,1.3,8.38447e-07,,2.31
ferrihydrite-*-U(+6),ferrihydrite,Fe(OH)3,U(+6),d01,d01_f4-10aa,19,N(+5)+Na(+1),8.5485,1.3,6.41138e-07,,2.31
ferrihydrite-*-U(+6),ferrihydrite,Fe(OH)3,U(+6),d01,d01_f4-10aa,20,N(+5)+Na(+1),8.6421,1.3,3.61339e-07,,2.31
ferrihydrite-*-U(+6),ferrihydrite,Fe(OH)3,U(+6),d01,d01_f4-10aa,21,N(+5)+Na(+1),8.794,1.3,2.96207e-07,,2.31
ferrihydrite-*-U(+6),ferrihydrite,Fe(OH)3,U(+6),d01,d01_f4-10aa,22,N(+5)+Na(+1),9.2212,1.3,2.0322e-08,,2.31
ferrihydrite-*-U(+6),ferrihydrite,Fe(OH)3,U(+6),d01,d01_f4-10aa,23,N(+5)+Na(+1),9.7084,1.3,1.7268e-08,,2.31
ferrihydrite-*-U(+6),ferrihydrite,Fe(OH)3,U(+6),d01,d01_f4-10aa,24,N(+5)+Na(+1),10.0802,1.3,1.217e-08,,2.31
ferrihydrite-*-U(+6),ferrihydrite,Fe(OH)3,U(+6),d01,d01_f4-10ac,1,N(+5)+Na(+1),4.0391,1.3,-2.303e-07,,2.31
ferrihydrite-*-U(+6),ferrihydrite,Fe(OH)3,U(+6),d01,d01_f4-10ac,2,N(+5)+Na(+1),4.296,1.3,8.452e-07,,2.31
ferrihydrite-*-U(+6),ferrihydrite,Fe(OH)3,U(+6),d01,d01_f4-10ac,3,N(+5)+Na(+1),4.5417,1.3,7.2917e-06,,2.31
ferrihydrite-*-U(+6),ferrihydrite,Fe(OH)3,U(+6),d01,d01_f4-10ac,4,N(+5)+Na(+1),4.7784,1.3,2.55965e-05,,2.31
ferrihydrite-*-U(+6),ferrihydrite,Fe(OH)3,U(+6),d01,d01_f4-10ac,5,N(+5)+Na(+1),4.9219,1.3,3.31786e-05,,2.31
ferrihydrite-*-U(+6),ferrihydrite,Fe(OH)3,U(+6),d01,d01_f4-10ac,6,N(+5)+Na(+1),5.0673,1.3,4.65771e-05,,2.31
ferrihydrite-*-U(+6),ferrihydrite,Fe(OH)3,U(+6),d01,d01_f4-10ac,7,N(+5)+Na(+1),5.5396,1.3,7.96075e-05,,2.31
ferrihydrite-*-U(+6),ferrihydrite,Fe(OH)3,U(+6),d01,d01_f4-10ac,8,N(+5)+Na(+1),6.4683,1.3,9.60064e-05,,2.31
ferrihydrite-*-U(+6),ferrihydrite,Fe(OH)3,U(+6),d01,d01_f4-10ac,9,N(+5)+Na(+1),6.7633,1.3,9.6628e-05,,2.31
ferrihydrite-*-U(+6),ferrihydrite,Fe(OH)3,U(+6),d01,d01_f4-10ac,10,N(+5)+Na(+1),7.2116,1.3,9.43157e-05,,2.31
ferrihydrite-*-U(+6),ferrihydrite,Fe(OH)3,U(+6),d01,d01_f4-10ac,11,N(+5)+Na(+1),7.4916,1.3,8.7781e-05,,2.31
ferrihydrite-*-U(+6),ferrihydrite,Fe(OH)3,U(+6),d01,d01_f4-10ac,12,N(+5)+Na(+1),8.038,1.3,3.1761e-05,,2.31
ferrihydrite-*-U(+6),ferrihydrite,Fe(OH)3,U(+6),d01,d01_f4-10ac,13,N(+5)+Na(+1),8.3526,1.3,1.29162e-05,,2.31
ferrihydrite-*-U(+6),ferrihydrite,Fe(OH)3,U(+6),d01,d01_f4-10ac,14,N(+5)+Na(+1),8.5548,1.3,3.71e-06,,2.31
ferrihydrite-*-U(+6),ferrihydrite,Fe(OH)3,U(+6),d01,d01_f4-10ac,15,N(+5)+Na(+1),8.6562,1.3,1.136e-07,,2.31
ferrihydrite-*-U(+6),ferrihydrite,Fe(OH)3,U(+6),d01,d01_f4-10ac,16,N(+5)+Na(+1),8.8871,1.3,7.49e-08,,2.31
ferrihydrite-*-U(+6),ferrihydrite,Fe(OH)3,U(+6),d01,d01_f4-11a,1,N(+5)+Na(+1),3.0619,1.3,1.0983e-08,,2.31
ferrihydrite-*-U(+6),ferrihydrite,Fe(OH)3,U(+6),d01,d01_f4-11a,2,N(+5)+Na(+1),3.2959,1.3,5.4374e-08,,2.31
ferrihydrite-*-U(+6),ferrihydrite,Fe(OH)3,U(+6),d01,d01_f4-11a,3,N(+5)+Na(+1),3.3683,1.3,2.1124e-08,,2.31
ferrihydrite-*-U(+6),ferrihydrite,Fe(OH)3,U(+6),d01,d01_f4-11a,4,N(+5)+Na(+1),3.5417,1.3,3.5514e-08,,2.31
ferrihydrite-*-U(+6),ferrihydrite,Fe(OH)3,U(+6),d01,d01_f4-11a,5,N(+5)+Na(+1),3.5726,1.3,2.5118e-08,,2.31
ferrihydrite-*-U(+6),ferrihydrite,Fe(OH)3,U(+6),d01,d01_f4-11a,6,N(+5)+Na(+1),3.684,1.3,6.4452e-08,,2.31
ferrihydrite-*-U(+6),ferrihydrite,Fe(OH)3,U(+6),d01,d01_f4-11a,7,N(+5)+Na(+1),3.8248,1.3,1.55631e-07,,2.31
ferrihydrite-*-U(+6),ferrihydrite,Fe(OH)3,U(+6),d01,d01_f4-11a,8,N(+5)+Na(+1),3.999,1.3,1.38901e-07,,2.31
ferrihydrite-*-U(+6),ferrihydrite,Fe(OH)3,U(+6),d01,d01_f4-11a,9,N(+5)+Na(+1),4.0904,1.3,1.63728e-07,,2.31
ferrihydrite-*-U(+6),ferrihydrite,Fe(OH)3,U(+6),d01,d01_f4-11a,10,N(+5)+Na(+1),4.2508,1.3,2.86013e-07,,2.31
ferrihydrite-*-U(+6),ferrihydrite,Fe(OH)3,U(+6),d01,d01_f4-11a,11,N(+5)+Na(+1),4.3703,1.3,4.08328e-07,,2.31
ferrihydrite-*-U(+6),ferrihydrite,Fe(OH)3,U(+6),d01,d01_f4-11a,12,N(+5)+Na(+1),4.5516,1.3,5.13999e-07,,2.31
ferrihydrite-*-U(+6),ferrihydrite,Fe(OH)3,U(+6),d01,d01_f4-11a,13,N(+5)+Na(+1),4.5194,1.3,5.7004e-07,,2.31
ferrihydrite-*-U(+6),ferrihydrite,Fe(OH)3,U(+6),d01,d01_f4-11a,14,N(+5)+Na(+1),4.6793,1.3,7.15147e-07,,2.31
ferrihydrite-*-U(+6),ferrihydrite,Fe(OH)3,U(+6),d01,d01_f4-11a,15,N(+5)+Na(+1),4.7808,1.3,7.44116e-07,,2.31
ferrihydrite-*-U(+6),ferrihydrite,Fe(OH)3,U(+6),d01,d01_f4-11a,16,N(+5)+Na(+1),5.0026,1.3,8.64279e-07,,2.31
ferrihydrite-*-U(+6),ferrihydrite,Fe(OH)3,U(+6),d01,d01_f4-11a,17,N(+5)+Na(+1),5.2664,1.3,9.40842e-07,,2.31
ferrihydrite-*-U(+6),ferrihydrite,Fe(OH)3,U(+6),d01,d01_f4-11a,18,N(+5)+Na(+1),5.3069,1.3,9.57408e-07,,2.31
ferrihydrite-*-U(+6),ferrihydrite,Fe(OH)3,U(+6),d01,d01_f4-11a,19,N(+5)+Na(+1),5.7353,1.3,9.92352e-07,,2.31
ferrihydrite-*-U(+6),ferrihydrite,Fe(OH)3,U(+6),d01,d01_f4-11a,20,N(+5)+Na(+1),5.5314,1.3,9.7176e-07,,2.31
ferrihydrite-*-U(+6),ferrihydrite,Fe(OH)3,U(+6),d01,d01_f4-11a,21,N(+5)+Na(+1),5.9397,1.3,9.92197e-07,,2.31
ferrihydrite-*-U(+6),ferrihydrite,Fe(OH)3,U(+6),d01,d01_f4-11a,22,N(+5)+Na(+1),6.2362,1.3,9.91971e-07,,2.31
ferrihydrite-*-U(+6),ferrihydrite,Fe(OH)3,U(+6),d01,d01_f4-11a,23,N(+5)+Na(+1),6.9108,1.3,9.89383e-07,,2.31
ferrihydrite-*-U(+6),ferrihydrite,Fe(OH)3,U(+6),d01,d01_f4-11a,24,N(+5)+Na(+1),7.4526,1.3,9.86896e-07,,2.31
ferrihydrite-*-U(+6),ferrihydrite,Fe(OH)3,U(+6),d01,d01_f4-11a,25,N(+5)+Na(+1),7.9441,1.3,9.53327e-07,,2.31
ferrihydrite-*-U(+6),ferrihydrite,Fe(OH)3,U(+6),d01,d01_f4-11a,26,N(+5)+Na(+1),8.159,1.3,9.4279e-07,,2.31
ferrihydrite-*-U(+6),ferrihydrite,Fe(OH)3,U(+6),d01,d01_f4-11a,27,N(+5)+Na(+1),8.3144,1.3,8.63834e-07,,2.31
ferrihydrite-*-U(+6),ferrihydrite,Fe(OH)3,U(+6),d01,d01_f4-11a,28,N(+5)+Na(+1),8.2946,1.3,8.36878e-07,,2.31
ferrihydrite-*-U(+6),ferrihydrite,Fe(OH)3,U(+6),d01,d01_f4-11a,29,N(+5)+Na(+1),8.5246,1.3,6.37532e-07,,2.31
ferrihydrite-*-U(+6),ferrihydrite,Fe(OH)3,U(+6),d01,d01_f4-11a,30,N(+5)+Na(+1),8.6339,1.3,3.61516e-07,,2.31
ferrihydrite-*-U(+6),ferrihydrite,Fe(OH)3,U(+6),d01,d01_f4-11a,31,N(+5)+Na(+1),8.7888,1.3,2.99158e-07,,2.31
ferrihydrite-*-U(+6),ferrihydrite,Fe(OH)3,U(+6),d01,d01_f4-11a,32,N(+5)+Na(+1),8.9289,1.3,1.4819e-08,,2.31
ferrihydrite-*-U(+6),ferrihydrite,Fe(OH)3,U(+6),d01,d01_f4-11a,33,N(+5)+Na(+1),9.2147,1.3,2.9123e-08,,2.31
ferrihydrite-*-U(+6),ferrihydrite,Fe(OH)3,U(+6),d01,d01_f4-12a,1,N(+5)+Na(+1),7.7328,0.26,9.90539e-07,,2.31
ferrihydrite-*-U(+6),ferrihydrite,Fe(OH)3,U(+6),d01,d01_f4-12a,2,N(+5)+Na(+1),8.0956,0.26,9.71501e-07,,2.31
ferrihydrite-*-U(+6),ferrihydrite,Fe(OH)3,U(+6),d01,d01_f4-12a,3,N(+5)+Na(+1),8.2179,0.26,9.67278e-07,,2.31
ferrihydrite-*-U(+6),ferrihydrite,Fe(OH)3,U(+6),d01,d01_f4-12a,4,N(+5)+Na(+1),8.4256,0.26,9.01501e-07,,2.31
ferrihydrite-*-U(+6),ferrihydrite,Fe(OH)3,U(+6),d01,d01_f4-12a,5,N(+5)+Na(+1),8.4907,0.26,8.48435e-07,,2.31
ferrihydrite-*-U(+6),ferrihydrite,Fe(OH)3,U(+6),d01,d01_f4-12a,6,N(+5)+Na(+1),8.6332,0.26,7.67783e-07,,2.31
ferrihydrite-*-U(+6),ferrihydrite,Fe(OH)3,U(+6),d01,d01_f4-12a,7,N(+5)+Na(+1),8.7427,0.26,5.19396e-07,,2.31
ferrihydrite-*-U(+6),ferrihydrite,Fe(OH)3,U(+6),d01,d01_f4-12a,8,N(+5)+Na(+1),8.7997,0.26,5.36393e-07,,2.31
ferrihydrite-*-U(+6),ferrihydrite,Fe(OH)3,U(+6),d01,d01_f4-12a,9,N(+5)+Na(+1),9.125,0.26,1.16073e-07,,2.31
ferrihydrite-*-U(+6),ferrihydrite,Fe(OH)3,U(+6),d01,d01_f4-12c,1,N(+5)+Na(+1),7.9571,1.3,9.7572e-07,,2.31
ferrihydrite-*-U(+6),ferrihydrite,Fe(OH)3,U(+6),d01,d01_f4-12c,2,N(+5)+Na(+1),8.2749,1.3,9.52427e-07,,2.31
ferrihydrite-*-U(+6),ferrihydrite,Fe(OH)3,U(+6),d01,d01_f4-12c,3,N(+5)+Na(+1),8.6168,1.3,7.2744e-07,,2.31
ferrihydrite-*-U(+6),ferrihydrite,Fe(OH)3,U(+6),d01,d01_f4-12c,4,N(+5)+Na(+1),8.9744,1.3,2.17955e-07,,2.31
ferrihydrite-*-U(+6),ferrihydrite,Fe(OH)3,U(+6),d01,d01_f4-12c,5,N(+5)+Na(+1),9.3693,1.3,1.4209e-08,,2.31
ferrihydrite-*-U(+6),ferrihydrite,Fe(OH)3,U(+6),d01,d01_f4-12e,1,N(+5)+Na(+1),7.4354,6.5,9.90482e-07,,2.31
ferrihydrite-*-U(+6),ferrihydrite,Fe(OH)3,U(+6),d01,d01_f4-12e,2,N(+5)+Na(+1),7.7654,6.5,9.18359e-07,,2.31
ferrihydrite-*-U(+6),ferrihydrite,Fe(OH)3,U(+6),d01,d01_f4-12e,3,N(+5)+Na(+1),7.9933,6.5,7.93136e-07,,2.31
ferrihydrite-*-U(+6),ferrihydrite,Fe(OH)3,U(+6),d01,d01_f4-12e,4,N(+5)+Na(+1),8.1481,6.5,7.06118e-07,,2.31
ferrihydrite-*-U(+6),ferrihydrite,Fe(OH)3,U(+6),d01,d01_f4-12e,5,N(+5)+Na(+1),8.2335,6.5,6.23332e-07,,2.31
ferrihydrite-*-U(+6),ferrihydrite,Fe(OH)3,U(+6),d01,d01_f4-12e,6,N(+5)+Na(+1),8.2902,6.5,4.49245e-07,,2.31
ferrihydrite-*-U(+6),ferrihydrite,Fe(OH)3,U(+6),d01,d01_f4-12e,7,N(+5)+Na(+1),8.4814,6.5,2.9217e-07,,2.31
ferrihydrite-*-U(+6),ferrihydrite,Fe(OH)3,U(+6),d01,d01_f4-12e,8,N(+5)+Na(+1),8.5995,6.5,2.30621e-07,,2.31
ferrihydrite-*-U(+6),ferrihydrite,Fe(OH)3,U(+6),d01,d01_f4-12e,9,N(+5)+Na(+1),8.7297,6.5,1.07504e-07,,2.31
ferrihydrite-*-U(+6),ferrihydrite,Fe(OH)3,U(+6),d01,d01_f4-12e,10,N(+5)+Na(+1),9.0434,6.5,4.8117e-08,,2.31
ferrihydrite-*-U(+6),ferrihydrite,Fe(OH)3,U(+6),d01,d01_f4-12e,11,N(+5)+Na(+1),9.5975,6.5,5.76e-09,,2.31
ferrihydrite-*-U(+6),ferrihydrite,Fe(OH)3,U(+6),d01,d01_f4-12e,12,N(+5)+Na(+1),10.0703,6.5,1.0098e-08,,2.31
ferrihydrite-*-U(+6),ferrihydrite,Fe(OH)3,U(+6),d01,d01_f4-14a,1,N(+5)+Na(+1),3.1764,1.3,1.1419e-08,,2.31
ferrihydrite-*-U(+6),ferrihydrite,Fe(OH)3,U(+6),d01,d01_f4-14a,2,N(+5)+Na(+1),3.3712,1.3,4.8875e-08,,2.31
ferrihydrite-*-U(+6),ferrihydrite,Fe(OH)3,U(+6),d01,d01_f4-14a,3,N(+5)+Na(+1),3.4271,1.3,1.7612e-08,,2.31
ferrihydrite-*-U(+6),ferrihydrite,Fe(OH)3,U(+6),d01,d01_f4-14a,4,N(+5)+Na(+1),3.6686,1.3,2.1726e-08,,2.31
ferrihydrite-*-U(+6),ferrihydrite,Fe(OH)3,U(+6),d01,d01_f4-14a,5,N(+5)+Na(+1),3.752,1.3,6.129e-08,,2.31
ferrihydrite-*-U(+6),ferrihydrite,Fe(OH)3,U(+6),d01,d01_f4-14a,6,N(+5)+Na(+1),3.8908,1.3,1.52926e-07,,2.31
ferrihydrite-*-U(+6),ferrihydrite,Fe(OH)3,U(+6),d01,d01_f4-14a,7,N(+5)+Na(+1),4.0488,1.3,1.38308e-07,,2.31
ferrihydrite-*-U(+6),ferrihydrite,Fe(OH)3,U(+6),d01,d01_f4-14a,8,N(+5)+Na(+1),4.1415,1.3,1.5912e-07,,2.31
ferrihydrite-*-U(+6),ferrihydrite,Fe(OH)3,U(+6),d01,d01_f4-14a,9,N(+5)+Na(+1),4.2988,1.3,2.84085e-07,,2.31
ferrihydrite-*-U(+6),ferrihydrite,Fe(OH)3,U(+6),d01,d01_f4-14a,10,N(+5)+Na(+1),4.4097,1.3,4.0906e-07,,2.31
ferrihydrite-*-U(+6),ferrihydrite,Fe(OH)3,U(+6),d01,d01_f4-14a,11,N(+5)+Na(+1),4.5764,1.3,5.1319e-07,,2.31
ferrihydrite-*-U(+6),ferrihydrite,Fe(OH)3,U(+6),d01,d01_f4-14a,12,N(+5)+Na(+1),4.576,1.3,5.6944e-07,,2.31
ferrihydrite-*-U(+6),ferrihydrite,Fe(OH)3,U(+6),d01,d01_f4-14a,13,N(+5)+Na(+1),4.6962,1.3,7.19413e-07,,2.31
ferrihydrite-*-U(+6),ferrihydrite,Fe(OH)3,U(+6),d01,d01_f4-14a,14,N(+5)+Na(+1),4.7889,1.3,7.44392e-07,,2.31
ferrihydrite-*-U(+6),ferrihydrite,Fe(OH)3,U(+6),d01,d01_f4-14a,15,N(+5)+Na(+1),5.0205,1.3,8.71424e-07,,2.31
ferrihydrite-*-U(+6),ferrihydrite,Fe(OH)3,U(+6),d01,d01_f4-14a,16,N(+5)+Na(+1),5.2802,1.3,9.44283e-07,,2.31
ferrihydrite-*-U(+6),ferrihydrite,Fe(OH)3,U(+6),d01,d01_f4-14a,17,N(+5)+Na(+1),5.3357,1.3,9.60937e-07,,2.31
ferrihydrite-*-U(+6),ferrihydrite,Fe(OH)3,U(+6),d01,d01_f4-14a,18,N(+5)+Na(+1),5.5401,1.3,9.73391e-07,,2.31
ferrihydrite-*-U(+6),ferrihydrite,Fe(OH)3,U(+6),d01,d01_f4-14a,19,N(+5)+Na(+1),5.7443,1.3,9.96261e-07,,2.31
ferrihydrite-*-U(+6),ferrihydrite,Fe(OH)3,U(+6),d01,d01_f4-14a,20,N(+5)+Na(+1),6.2179,1.3,9.94073e-07,,2.31
ferrihydrite-*-U(+6),ferrihydrite,Fe(OH)3,U(+6),d01,d01_f4-14a,21,N(+5)+Na(+1),6.5244,1.3,9.94005e-07,,2.31
ferrihydrite-*-U(+6),ferrihydrite,Fe(OH)3,U(+6),d01,d01_f4-14a,22,N(+5)+Na(+1),6.8959,1.3,9.89755e-07,,2.31
ferrihydrite-*-U(+6),ferrihydrite,Fe(OH)3,U(+6),d01,d01_f4-14a,23,N(+5)+Na(+1),7.4439,1.3,9.83383e-07,,2.31
ferrihydrite-*-U(+6),ferrihydrite,Fe(OH)3,U(+6),d01,d01_f4-14a,24,N(+5)+Na(+1),7.7039,1.3,9.85408e-07,,2.31
ferrihydrite-*-U(+6),ferrihydrite,Fe(OH)3,U(+6),d01,d01_f4-14a,25,N(+5)+Na(+1),7.9454,1.3,9.68688e-07,,2.31
ferrihydrite-*-U(+6),ferrihydrite,Fe(OH)3,U(+6),d01,d01_f4-14a,26,N(+5)+Na(+1),8.1313,1.3,9.4573e-07,,2.31
ferrihydrite-*-U(+6),ferrihydrite,Fe(OH)3,U(+6),d01,d01_f4-14a,27,N(+5)+Na(+1),8.2523,1.3,8.70703e-07,,2.31
ferrihydrite-*-U(+6),ferrihydrite,Fe(OH)3,U(+6),d01,d01_f4-14a,28,N(+5)+Na(+1),8.2339,1.3,8.37372e-07,,2.31
ferrihydrite-*-U(+6),ferrihydrite,Fe(OH)3,U(+6),d01,d01_f4-14a,29,N(+5)+Na(+1),8.4484,1.3,6.41492e-07,,2.31
ferrihydrite-*-U(+6),ferrihydrite,Fe(OH)3,U(+6),d01,d01_f4-14a,30,N(+5)+Na(+1),8.5705,1.3,3.58132e-07,,2.31
ferrihydrite-*-U(+6),ferrihydrite,Fe(OH)3,U(+6),d01,d01_f4-14a,31,N(+5)+Na(+1),8.7008,1.3,2.97686e-07,,2.31
ferrihydrite-*-U(+6),ferrihydrite,Fe(OH)3,U(+6),d01,d01_f4-14a,32,N(+5)+Na(+1),8.8507,1.3,1.4319e-08,,2.31
ferrihydrite-*-U(+6),ferrihydrite,Fe(OH)3,U(+6),d01,d01_f4-14a,33,N(+5)+Na(+1),9.1199,1.3,2.6759e-08,,2.31
ferrihydrite-*-U(+6),ferrihydrite,Fe(OH)3,U(+6),d01,d01_f4-14a,34,N(+5)+Na(+1),9.5192,1.3,2.042e-08,,2.31
ferrihydrite-*-U(+6),ferrihydrite,Fe(OH)3,U(+6),d01,d01_f4-14a,35,N(+5)+Na(+1),9.5843,1.3,2.0405e-08,,2.31
ferrihydrite-*-U(+6),ferrihydrite,Fe(OH)3,U(+6),akbn96,akbn96_f1a,1,N(+5)+Na(+1),3.56041,1.3,1.69e-10,,2.31
ferrihydrite-*-U(+6),ferrihydrite,Fe(OH)3,U(+6),akbn96,akbn96_f1a,2,N(+5)+Na(+1),4.07969,1.3,2.8463e-08,,2.31
ferrihydrite-*-U(+6),ferrihydrite,Fe(OH)3,U(+6),akbn96,akbn96_f1a,3,N(+5)+Na(+1),4.51985,1.3,7.0101e-08,,2.31
ferrihydrite-*-U(+6),ferrihydrite,Fe(OH)3,U(+6),akbn96,akbn96_f1a,4,N(+5)+Na(+1),5.00029,1.3,9.8226e-08,,2.31
ferrihydrite-*-U(+6),ferrihydrite,Fe(OH)3,U(+6),akbn96,akbn96_f1a,5,N(+5)+Na(+1),5.47929,1.3,1e-07,,2.31
ferrihydrite-*-U(+6),ferrihydrite,Fe(OH)3,U(+6),akbn96,akbn96_f1a,6,N(+5)+Na(+1),5.93959,1.3,1e-07,,2.31
ferrihydrite-*-U(+6),ferrihydrite,Fe(OH)3,U(+6),akbn96,akbn96_f1b,1,N(+5)+Na(+1),3.53884,1.3,1.69e-09,,2.31
ferrihydrite-*-U(+6),ferrihydrite,Fe(OH)3,U(+6),akbn96,akbn96_f1b,2,N(+5)+Na(+1),4.05811,1.3,1.69e-09,,2.31
ferrihydrite-*-U(+6),ferrihydrite,Fe(OH)3,U(+6),akbn96,akbn96_f1b,3,N(+5)+Na(+1),4.51841,1.3,4.2568e-07,,2.31
ferrihydrite-*-U(+6),ferrihydrite,Fe(OH)3,U(+6),akbn96,akbn96_f1b,4,N(+5)+Na(+1),4.937,1.3,8.674e-07,,2.31
ferrihydrite-*-U(+6),ferrihydrite,Fe(OH)3,U(+6),akbn96,akbn96_f1b,5,N(+5)+Na(+1),5.41743,1.3,9.7804e-07,,2.31
ferrihydrite-*-U(+6),ferrihydrite,Fe(OH)3,U(+6),akbn96,akbn96_f1b,6,N(+5)+Na(+1),5.92808,1.3,9.1554e-07,,2.31
ferrihydrite-*-U(+6),ferrihydrite,Fe(OH)3,U(+6),akbn96,akbn96_f1c,1,N(+5)+Na(+1),3.54028,1.3,1.858e-07,,2.31
ferrihydrite-*-U(+6),ferrihydrite,Fe(OH)3,U(+6),akbn96,akbn96_f1c,2,N(+5)+Na(+1),4.02934,1.3,6.757e-07,,2.31
ferrihydrite-*-U(+6),ferrihydrite,Fe(OH)3,U(+6),akbn96,akbn96_f1c,3,N(+5)+Na(+1),4.36018,1.3,2.1453e-06,,2.31
ferrihydrite-*-U(+6),ferrihydrite,Fe(OH)3,U(+6),akbn96,akbn96_f1c,4,N(+5)+Na(+1),4.79028,1.3,5.6419e-06,,2.31
ferrihydrite-*-U(+6),ferrihydrite,Fe(OH)3,U(+6),akbn96,akbn96_f1c,5,N(+5)+Na(+1),5.39873,1.3,8.9105e-06,,2.31
ferrihydrite-*-U(+6),ferrihydrite,Fe(OH)3,U(+6),akbn96,akbn96_f1c,6,N(+5)+Na(+1),5.8202,1.3,9.5777e-06,,2.31
ferrihydrite-*-U(+6),ferrihydrite,Fe(OH)3,U(+6),akbn96,akbn96_f1d,1,N(+5)+Na(+1),3.56185,1.3,0.0,,2.31
ferrihydrite-*-U(+6),ferrihydrite,Fe(OH)3,U(+6),akbn96,akbn96_f1d,2,N(+5)+Na(+1),4.04085,1.3,4.223e-06,,2.31
ferrihydrite-*-U(+6),ferrihydrite,Fe(OH)3,U(+6),akbn96,akbn96_f1d,3,N(+5)+Na(+1),4.4393,1.3,1.1318e-05,,2.31
ferrihydrite-*-U(+6),ferrihydrite,Fe(OH)3,U(+6),akbn96,akbn96_f1d,4,N(+5)+Na(+1),4.91974,1.3,3.4291e-05,,2.31
ferrihydrite-*-U(+6),ferrihydrite,Fe(OH)3,U(+6),akbn96,akbn96_f1d,5,N(+5)+Na(+1),5.3599,1.3,6.6807e-05,,2.31
ferrihydrite-*-U(+6),ferrihydrite,Fe(OH)3,U(+6),akbn96,akbn96_f1d,6,N(+5)+Na(+1),5.78999,1.3,8.5135e-05,,2.31
ferrihydrite-*-U(+6),ferrihydrite,Fe(OH)3,U(+6),fdz06,fdz06_f5a,1,N(+5)+Na(+1),6.97609,0.14170000000000002,9.5428e-07,,2.31
ferrihydrite-*-U(+6),ferrihydrite,Fe(OH)3,U(+6),fdz06,fdz06_f5a,2,N(+5)+Na(+1),7.21821,0.14170000000000002,9.5428e-07,,2.31
ferrihydrite-*-U(+6),ferrihydrite,Fe(OH)3,U(+6),fdz06,fdz06_f5a,3,N(+5)+Na(+1),7.39624,0.14170000000000002,9.2773e-07,,2.31
ferrihydrite-*-U(+6),ferrihydrite,Fe(OH)3,U(+6),fdz06,fdz06_f5a,4,N(+5)+Na(+1),7.544,0.14170000000000002,8.7906e-07,,2.31
ferrihydrite-*-U(+6),ferrihydrite,Fe(OH)3,U(+6),fdz06,fdz06_f5a,5,N(+5)+Na(+1),7.85198,0.14170000000000002,8.3333e-07,,2.31
ferrihydrite-*-U(+6),ferrihydrite,Fe(OH)3,U(+6),fdz06,fdz06_f5a,6,N(+5)+Na(+1),7.92854,0.14170000000000002,7.5811e-07,,2.31
ferrihydrite-*-U(+6),ferrihydrite,Fe(OH)3,U(+6),fdz06,fdz06_f5a,7,N(+5)+Na(+1),8.13149,0.14170000000000002,5.8407e-07,,2.31
ferrihydrite-*-U(+6),ferrihydrite,Fe(OH)3,U(+6),fdz06,fdz06_f5a,8,N(+5)+Na(+1),8.32553,0.14170000000000002,3.7463e-07,,2.31
ferrihydrite-*-U(+6),ferrihydrite,Fe(OH)3,U(+6),fdz06,fdz06_f5a,9,N(+5)+Na(+1),8.43413,0.14170000000000002,2.8614e-07,,2.31
ferrihydrite-*-U(+6),ferrihydrite,Fe(OH)3,U(+6),fdz06,fdz06_f6a,1,N(+5)+Na(+1),6.59416,0.065,9.9273e-07,,2.31
ferrihydrite-*-U(+6),ferrihydrite,Fe(OH)3,U(+6),fdz06,fdz06_f6a,2,N(+5)+Na(+1),6.82069,0.065,9.8998e-07,,2.31
ferrihydrite-*-U(+6),ferrihydrite,Fe(OH)3,U(+6),fdz06,fdz06_f6a,3,N(+5)+Na(+1),7.06053,0.065,9.8062e-07,,2.31
ferrihydrite-*-U(+6),ferrihydrite,Fe(OH)3,U(+6),fdz06,fdz06_f6a,4,N(+5)+Na(+1),7.3368,0.065,9.132e-07,,2.31
ferrihydrite-*-U(+6),ferrihydrite,Fe(OH)3,U(+6),fdz06,fdz06_f6a,5,N(+5)+Na(+1),7.62551,0.065,6.2595e-07,,2.31
ferrihydrite-*-U(+6),ferrihydrite,Fe(OH)3,U(+6),fdz06,fdz06_f6a,6,N(+5)+Na(+1),7.85203,0.065,2.2834e-07,,2.31
ferrihydrite-*-U(+6),ferrihydrite,Fe(OH)3,U(+6),fdz06,fdz06_f6a,7,N(+5)+Na(+1),8.12563,0.065,5.063e-08,,2.31
ferrihydrite-*-U(+6),ferrihydrite,Fe(OH)3,U(+6),gdb09,gdb09_f2aa,1,N(+5)+Na(+1),3.5232,0.13,3.56e-06,,2.31
ferrihydrite-*-U(+6),ferrihydrite,Fe(OH)3,U(+6),gdb09,gdb09_f2aa,2,N(+5)+Na(+1),4.5392,0.13,9.424e-06,,2.31
ferrihydrite-*-U(+6),ferrihydrite,Fe(OH)3,U(+6),gdb09,gdb09_f2aa,3,N(+5)+Na(+1),4.9608,0.13,1e-05,,2.31
ferrihydrite-*-U(+6),ferrihydrite,Fe(OH)3,U(+6),gdb09,gdb09_f2aa,4,N(+5)+Na(+1),5.2504,0.13,1e-05,,2.31
ferrihydrite-*-U(+6),ferrihydrite,Fe(OH)3,U(+6),gdb09,gdb09_f2aa,5,N(+5)+Na(+1),5.4028,0.13,1e-05,,2.31
ferrihydrite-*-U(+6),ferrihydrite,Fe(OH)3,U(+6),gdb09,gdb09_f2aa,6,N(+5)+Na(+1),5.5094,0.13,1e-05,,2.31
ferrihydrite-*-U(+6),ferrihydrite,Fe(OH)3,U(+6),gdb09,gdb09_f2aa,7,N(+5)+Na(+1),5.7177,0.13,9.992e-06,,2.31
ferrihydrite-*-U(+6),ferrihydrite,Fe(OH)3,U(+6),gdb09,gdb09_f2aa,8,N(+5)+Na(+1),5.799,0.13,9.992e-06,,2.31
ferrihydrite-*-U(+6),ferrihydrite,Fe(OH)3,U(+6),gdb09,gdb09_f2aa,9,N(+5)+Na(+1),6.0835,0.13,1e-05,,2.31
ferrihydrite-*-U(+6),ferrihydrite,Fe(OH)3,U(+6),gdb09,gdb09_f2aa,10,N(+5)+Na(+1),6.2866,0.13,1e-05,,2.31
ferrihydrite-*-U(+6),ferrihydrite,Fe(OH)3,U(+6),gdb09,gdb09_f2aa,11,N(+5)+Na(+1),9.0806,0.13,1e-05,,2.31
ferrihydrite-*-U(+6),ferrihydrite,Fe(OH)3,U(+6),gdb09,gdb09_f2aa,12,N(+5)+Na(+1),9.2888,0.13,1e-05,,2.31
ferrihydrite-*-U(+6),ferrihydrite,Fe(OH)3,U(+6),gdb09,gdb09_f2ab,1,N(+5)+Na(+1),3.508,0.13,3.216e-06,,2.31
ferrihydrite-*-U(+6),ferrihydrite,Fe(OH)3,U(+6),gdb09,gdb09_f2ab,2,N(+5)+Na(+1),4.3665,0.13,3.872e-06,,2.31
ferrihydrite-*-U(+6),ferrihydrite,Fe(OH)3,U(+6),gdb09,gdb09_f2ab,3,N(+5)+Na(+1),4.6814,0.13,5.888e-06,,2.31
ferrihydrite-*-U(+6),ferrihydrite,Fe(OH)3,U(+6),gdb09,gdb09_f2ab,4,N(+5)+Na(+1),4.8643,0.13,7.688e-06,,2.31
ferrihydrite-*-U(+6),ferrihydrite,Fe(OH)3,U(+6),gdb09,gdb09_f2ab,5,N(+5)+Na(+1),5.0472,0.13,8.584e-06,,2.31
ferrihydrite-*-U(+6),ferrihydrite,Fe(OH)3,U(+6),gdb09,gdb09_f2ab,6,N(+5)+Na(+1),5.3621,0.13,9.608e-06,,2.31
ferrihydrite-*-U(+6),ferrihydrite,Fe(OH)3,U(+6),gdb09,gdb09_f2ab,7,N(+5)+Na(+1),5.5958,0.13,1e-05,,2.31
ferrihydrite-*-U(+6),ferrihydrite,Fe(OH)3,U(+6),gdb09,gdb09_f2ab,8,N(+5)+Na(+1),6.4035,0.13,1e-05,,2.31
ferrihydrite-*-U(+6),ferrihydrite,Fe(OH)3,U(+6),gdb09,gdb09_f2ab,9,N(+5)+Na(+1),6.6473,0.13,1e-05,,2.31
ferrihydrite-*-U(+6),ferrihydrite,Fe(OH)3,U(+6),gdb09,gdb09_f2ab,10,N(+5)+Na(+1),7.1096,0.13,1e-05,,2.31
ferrihydrite-*-U(+6),ferrihydrite,Fe(OH)3,U(+6),gdb09,gdb09_f2ab,11,N(+5)+Na(+1),7.7903,0.13,9.976e-06,,2.31
ferrihydrite-*-U(+6),ferrihydrite,Fe(OH)3,U(+6),gdb09,gdb09_f2ab,12,N(+5)+Na(+1),8.9078,0.13,9.984e-06,,2.31
ferrihydrite-*-U(+6),ferrihydrite,Fe(OH)3,U(+6),gdb09,gdb09_f2ab,13,N(+5)+Na(+1),9.2533,0.13,9.936e-06,,2.31
ferrihydrite-*-U(+6),ferrihydrite,Fe(OH)3,U(+6),hl85,hl85_f2a,1,N(+5)+Na(+1),3.10413,1.3,1.1665e-06,,2.31
ferrihydrite-*-U(+6),ferrihydrite,Fe(OH)3,U(+6),hl85,hl85_f2a,2,N(+5)+Na(+1),3.20293,1.3,3.7304e-06,,2.31
ferrihydrite-*-U(+6),ferrihydrite,Fe(OH)3,U(+6),hl85,hl85_f2a,3,N(+5)+Na(+1),3.26701,1.3,3.487e-07,,2.31
ferrihydrite-*-U(+6),ferrihydrite,Fe(OH)3,U(+6),hl85,hl85_f2a,4,N(+5)+Na(+1),3.38972,1.3,4.9309e-06,,2.31
ferrihydrite-*-U(+6),ferrihydrite,Fe(OH)3,U(+6),hl85,hl85_f2a,5,N(+5)+Na(+1),3.44833,1.3,2.8947e-06,,2.31
ferrihydrite-*-U(+6),ferrihydrite,Fe(OH)3,U(+6),hl85,hl85_f2a,6,N(+5)+Na(+1),3.48361,1.3,5.7129e-06,,2.31
ferrihydrite-*-U(+6),ferrihydrite,Fe(OH)3,U(+6),hl85,hl85_f2a,7,N(+5)+Na(+1),3.5651,1.3,1.9859e-06,,2.31
ferrihydrite-*-U(+6),ferrihydrite,Fe(OH)3,U(+6),hl85,hl85_f2a,8,N(+5)+Na(+1),3.946,1.3,3.7141e-06,,2.31
ferrihydrite-*-U(+6),ferrihydrite,Fe(OH)3,U(+6),hl85,hl85_f2a,9,N(+5)+Na(+1),3.95716,1.3,7.7687e-06,,2.31
ferrihydrite-*-U(+6),ferrihydrite,Fe(OH)3,U(+6),hl85,hl85_f2a,10,N(+5)+Na(+1),4.26864,1.3,7.6059e-06,,2.31
ferrihydrite-*-U(+6),ferrihydrite,Fe(OH)3,U(+6),hl85,hl85_f2a,11,N(+5)+Na(+1),4.49188,1.3,8.7156e-06,,2.31
ferrihydrite-*-U(+6),ferrihydrite,Fe(OH)3,U(+6),hl85,hl85_f2a,12,N(+5)+Na(+1),4.73171,1.3,9.1889e-06,,2.31
ferrihydrite-*-U(+6),ferrihydrite,Fe(OH)3,U(+6),hl85,hl85_f2a,13,N(+5)+Na(+1),4.9535,1.3,9.7713e-06,,2.31
ferrihydrite-*-U(+6),ferrihydrite,Fe(OH)3,U(+6),hl85,hl85_f2a,14,N(+5)+Na(+1),5.32112,1.3,1.00086e-05,,2.31
ferrihydrite-*-U(+6),ferrihydrite,Fe(OH)3,U(+6),hl85,hl85_f2a,15,N(+5)+Na(+1),5.56888,1.3,1.00275e-05,,2.31
ferrihydrite-*-U(+6),ferrihydrite,Fe(OH)3,U(+6),hl85,hl85_f2a,16,N(+5)+Na(+1),5.93591,1.3,1.00466e-05,,2.31
ferrihydrite-*-U(+6),ferrihydrite,Fe(OH)3,U(+6),hl85,hl85_f2a,17,N(+5)+Na(+1),6.1194,1.3,1.00471e-05,,2.31
ferrihydrite-*-U(+6),ferrihydrite,Fe(OH)3,U(+6),hl85,hl85_f2a,18,N(+5)+Na(+1),6.24789,1.3,1.00656e-05,,2.31
ferrihydrite-*-U(+6),ferrihydrite,Fe(OH)3,U(+6),hl85,hl85_f2a,19,N(+5)+Na(+1),6.50462,1.3,1.00117e-05,,2.31
ferrihydrite-*-U(+6),ferrihydrite,Fe(OH)3,U(+6),hl85,hl85_f2a,20,N(+5)+Na(+1),6.94509,1.3,1.00492e-05,,2.31
ferrihydrite-*-U(+6),ferrihydrite,Fe(OH)3,U(+6),hl85,hl85_f2a,21,N(+5)+Na(+1),8.72482,1.3,1.00175e-05,,2.31
ferrihydrite-*-U(+6),ferrihydrite,Fe(OH)3,U(+6),hl85,hl85_f4aa,1,N(+5)+Na(+1),3.2522,1.3,3.6659e-06,,2.31
ferrihydrite-*-U(+6),ferrihydrite,Fe(OH)3,U(+6),hl85,hl85_f4aa,2,N(+5)+Na(+1),3.2677,1.3,5.26361e-07,,2.31
ferrihydrite-*-U(+6),ferrihydrite,Fe(OH)3,U(+6),hl85,hl85_f4aa,3,N(+5)+Na(+1),3.4183,1.3,4.86197e-06,,2.31
ferrihydrite-*-U(+6),ferrihydrite,Fe(OH)3,U(+6),hl85,hl85_f4aa,4,N(+5)+Na(+1),3.4753,1.3,2.9101e-06,,2.31
ferrihydrite-*-U(+6),ferrihydrite,Fe(OH)3,U(+6),hl85,hl85_f4aa,5,N(+5)+Na(+1),3.4802,1.3,5.73077e-06,,2.31
ferrihydrite-*-U(+6),ferrihydrite,Fe(OH)3,U(+6),hl85,hl85_f4aa,6,N(+5)+Na(+1),3.6567,1.3,1.87032e-06,,2.31
ferrihydrite-*-U(+6),ferrihydrite,Fe(OH)3,U(+6),hl85,hl85_f4aa,7,N(+5)+Na(+1),3.9653,1.3,7.36629e-06,,2.31
ferrihydrite-*-U(+6),ferrihydrite,Fe(OH)3,U(+6),hl85,hl85_f4aa,8,N(+5)+Na(+1),4.3545,1.3,7.68457e-06,,2.31
ferrihydrite-*-U(+6),ferrihydrite,Fe(OH)3,U(+6),hl85,hl85_f4aa,9,N(+5)+Na(+1),4.526,1.3,8.71356e-06,,2.31
ferrihydrite-*-U(+6),ferrihydrite,Fe(OH)3,U(+6),hl85,hl85_f4aa,10,N(+5)+Na(+1),4.7052,1.3,9.1604e-06,,2.31
ferrihydrite-*-U(+6),ferrihydrite,Fe(OH)3,U(+6),hl85,hl85_f4aa,11,N(+5)+Na(+1),4.9927,1.3,9.74291e-06,,2.31
ferrihydrite-*-U(+6),ferrihydrite,Fe(OH)3,U(+6),hl85,hl85_f4aa,12,N(+5)+Na(+1),5.2557,1.3,9.96831e-06,,2.31
ferrihydrite-*-U(+6),ferrihydrite,Fe(OH)3,U(+6),hl85,hl85_f4aa,13,N(+5)+Na(+1),5.3835,1.3,9.98922e-06,,2.31
ferrihydrite-*-U(+6),ferrihydrite,Fe(OH)3,U(+6),hl85,hl85_f4aa,14,N(+5)+Na(+1),5.455,1.3,9.98253e-06,,2.31
ferrihydrite-*-U(+6),ferrihydrite,Fe(OH)3,U(+6),hl85,hl85_f4aa,15,N(+5)+Na(+1),5.4701,1.3,9.97685e-06,,2.31
ferrihydrite-*-U(+6),ferrihydrite,Fe(OH)3,U(+6),hl85,hl85_f4aa,16,N(+5)+Na(+1),5.5789,1.3,9.98764e-06,,2.31
ferrihydrite-*-U(+6),ferrihydrite,Fe(OH)3,U(+6),hl85,hl85_f4aa,17,N(+5)+Na(+1),5.6266,1.3,9.99045e-06,,2.31
ferrihydrite-*-U(+6),ferrihydrite,Fe(OH)3,U(+6),hl85,hl85_f4aa,18,N(+5)+Na(+1),5.6775,1.3,9.98322e-06,,2.31
ferrihydrite-*-U(+6),ferrihydrite,Fe(OH)3,U(+6),hl85,hl85_f4aa,19,N(+5)+Na(+1),5.9672,1.3,9.99112e-06,,2.31
ferrihydrite-*-U(+6),ferrihydrite,Fe(OH)3,U(+6),hl85,hl85_f4aa,20,N(+5)+Na(+1),5.9863,1.3,9.99434e-06,,2.31
ferrihydrite-*-U(+6),ferrihydrite,Fe(OH)3,U(+6),hl85,hl85_f4aa,21,N(+5)+Na(+1),6.1945,1.3,9.99506e-06,,2.31
ferrihydrite-*-U(+6),ferrihydrite,Fe(OH)3,U(+6),hl85,hl85_f4aa,22,N(+5)+Na(+1),6.2206,1.3,9.99675e-06,,2.31
ferrihydrite-*-U(+6),ferrihydrite,Fe(OH)3,U(+6),hl85,hl85_f4aa,23,N(+5)+Na(+1),6.298,1.3,9.99603e-06,,2.31
ferrihydrite-*-U(+6),ferrihydrite,Fe(OH)3,U(+6),hl85,hl85_f4aa,24,N(+5)+Na(+1),6.3738,1.3,9.99667e-06,,2.31
ferrihydrite-*-U(+6),ferrihydrite,Fe(OH)3,U(+6),hl85,hl85_f4aa,25,N(+5)+Na(+1),6.38,1.3,9.99724e-06,,2.31
ferrihydrite-*-U(+6),ferrihydrite,Fe(OH)3,U(+6),hl85,hl85_f4aa,26,N(+5)+Na(+1),6.5679,1.3,9.99724e-06,,2.31
ferrihydrite-*-U(+6),ferrihydrite,Fe(OH)3,U(+6),hl85,hl85_f4aa,27,N(+5)+Na(+1),6.8738,1.3,9.99739e-06,,2.31
ferrihydrite-*-U(+6),ferrihydrite,Fe(OH)3,U(+6),hl85,hl85_f4aa,28,N(+5)+Na(+1),8.0363,1.3,9.99705e-06,,2.31
ferrihydrite-*-U(+6),ferrihydrite,Fe(OH)3,U(+6),hl85,hl85_f4aa,29,N(+5)+Na(+1),9.5276,1.3,9.99498e-06,,2.31
ferrihydrite-*-U(+6),ferrihydrite,Fe(OH)3,U(+6),jdb07,jdb07_f1aa,1,N(+5)+Na(+1),5.9,0.13,1.23437e-07,,2.31
ferrihydrite-*-U(+6),ferrihydrite,Fe(OH)3,U(+6),jdb07,jdb07_f1aa,2,N(+5)+Na(+1),5.9,0.13,2.48682e-07,,2.31
ferrihydrite-*-U(+6),ferrihydrite,Fe(OH)3,U(+6),jdb07,jdb07_f1aa,3,N(+5)+Na(+1),5.9,0.13,3.43119e-07,,2.31
ferrihydrite-*-U(+6),ferrihydrite,Fe(OH)3,U(+6),jdb07,jdb07_f1aa,4,N(+5)+Na(+1),5.9,0.13,8.63265e-07,,2.31
ferrihydrite-*-U(+6),ferrihydrite,Fe(OH)3,U(+6),jdb07,jdb07_f1aa,5,N(+5)+Na(+1),5.9,0.13,1.26836e-06,,2.31
ferrihydrite-*-U(+6),ferrihydrite,Fe(OH)3,U(+6),jdb07,jdb07_f1aa,6,N(+5)+Na(+1),5.9,0.13,2.04995e-06,,2.31
ferrihydrite-*-U(+6),ferrihydrite,Fe(OH)3,U(+6),jdb07,jdb07_f1aa,7,N(+5)+Na(+1),5.9,0.13,3.38957e-06,,2.31
ferrihydrite-*-U(+6),ferrihydrite,Fe(OH)3,U(+6),jdb07,jdb07_f1aa,8,N(+5)+Na(+1),5.9,0.13,5.08328e-06,,2.31
ferrihydrite-*-U(+6),ferrihydrite,Fe(OH)3,U(+6),jdb07,jdb07_f1aa,9,N(+5)+Na(+1),5.9,0.13,7.47213e-06,,2.31
ferrihydrite-*-U(+6),ferrihydrite,Fe(OH)3,U(+6),jdb07,jdb07_f1ca,1,N(+5)+Na(+1),6.8,0.13,2.52664e-07,,2.31
ferrihydrite-*-U(+6),ferrihydrite,Fe(OH)3,U(+6),jdb07,jdb07_f1ca,2,N(+5)+Na(+1),6.8,0.13,4.09491e-07,,2.31
ferrihydrite-*-U(+6),ferrihydrite,Fe(OH)3,U(+6),jdb07,jdb07_f1ca,3,N(+5)+Na(+1),6.8,0.13,8.96075e-07,,2.31
ferrihydrite-*-U(+6),ferrihydrite,Fe(OH)3,U(+6),jdb07,jdb07_f1ca,4,N(+5)+Na(+1),6.8,0.13,1.57451e-06,,2.31
ferrihydrite-*-U(+6),ferrihydrite,Fe(OH)3,U(+6),jdb07,jdb07_f1ca,5,N(+5)+Na(+1),6.8,0.13,2.17192e-06,,2.31
ferrihydrite-*-U(+6),ferrihydrite,Fe(OH)3,U(+6),jdb07,jdb07_f1ca,6,N(+5)+Na(+1),6.8,0.13,3.65969e-06,,2.31
ferrihydrite-*-U(+6),ferrihydrite,Fe(OH)3,U(+6),jdb07,jdb07_f1ca,7,N(+5)+Na(+1),6.8,0.13,5.37705e-06,,2.31
ferrihydrite-*-U(+6),ferrihydrite,Fe(OH)3,U(+6),jdb07,jdb07_f1ca,8,N(+5)+Na(+1),6.8,0.13,8.89701e-06,,2.31
ferrihydrite-*-U(+6),ferrihydrite,Fe(OH)3,U(+6),jdb07,jdb07_f1ea,1,N(+5)+Na(+1),7.8,0.13,1.36787e-07,,2.31
ferrihydrite-*-U(+6),ferrihydrite,Fe(OH)3,U(+6),jdb07,jdb07_f1ea,2,N(+5)+Na(+1),7.8,0.13,2.50175e-07,,2.31
ferrihydrite-*-U(+6),ferrihydrite,Fe(OH)3,U(+6),jdb07,jdb07_f1ea,3,N(+5)+Na(+1),7.8,0.13,3.74063e-07,,2.31
ferrihydrite-*-U(+6),ferrihydrite,Fe(OH)3,U(+6),jdb07,jdb07_f1ea,4,N(+5)+Na(+1),7.8,0.13,8.86429e-07,,2.31
ferrihydrite-*-U(+6),ferrihydrite,Fe(OH)3,U(+6),jdb07,jdb07_f1ea,5,N(+5)+Na(+1),7.8,0.13,1.43663e-06,,2.31
ferrihydrite-*-U(+6),ferrihydrite,Fe(OH)3,U(+6),jdb07,jdb07_f1ea,6,N(+5)+Na(+1),7.8,0.13,1.79616e-06,,2.31
ferrihydrite-*-U(+6),ferrihydrite,Fe(OH)3,U(+6),jdb07,jdb07_f1ea,7,N(+5)+Na(+1),7.8,0.13,2.58193e-06,,2.31
ferrihydrite-*-U(+6),ferrihydrite,Fe(OH)3,U(+6),jdb07,jdb07_f1ea,8,N(+5)+Na(+1),7.8,0.13,4.89941e-06,,2.31
ferrihydrite-*-U(+6),ferrihydrite,Fe(OH)3,U(+6),jdb07,jdb07_f1ea,9,N(+5)+Na(+1),7.8,0.13,8.10297e-06,,2.31
ferrihydrite-*-U(+6),ferrihydrite,Fe(OH)3,U(+6),usbr08,usbr08_f3,1,N(+5)+Na(+1),6.6117,0.13,9.8313e-07,,2.31
ferrihydrite-*-U(+6),ferrihydrite,Fe(OH)3,U(+6),usbr08,usbr08_f3,2,N(+5)+Na(+1),7.2272,0.13,1e-06,,2.31
ferrihydrite-*-U(+6),ferrihydrite,Fe(OH)3,U(+6),usbr08,usbr08_f3,3,N(+5)+Na(+1),7.75912,0.13,9.3948e-07,,2.31
ferrihydrite-*-U(+6),ferrihydrite,Fe(OH)3,U(+6),usbr08,usbr08_f3,4,N(+5)+Na(+1),7.77432,0.13,9.6131e-07,,2.31
ferrihydrite-*-U(+6),ferrihydrite,Fe(OH)3,U(+6),usbr08,usbr08_f3,5,N(+5)+Na(+1),9.18769,0.13,7.5992e-07,,2.31
ferrihydrite-*-U(+6),ferrihydrite,Fe(OH)3,U(+6),usbr08,usbr08_f3,6,N(+5)+Na(+1),9.27128,0.13,8.006e-07,,2.31
ferrihydrite-*-U(+6),ferrihydrite,Fe(OH)3,U(+6),usbr08,usbr08_f3,7,N(+5)+Na(+1),9.59422,0.13,6.498e-07,,2.31
ferrihydrite-*-U(+6),ferrihydrite,Fe(OH)3,U(+6),usbr08,usbr08_f3,8,N(+5)+Na(+1),9.69301,0.13,5.7639e-07,,2.31
ferrihydrite-*-U(+6),ferrihydrite,Fe(OH)3,U(+6),usbr08,usbr08_f3,9,N(+5)+Na(+1),10.0692,0.13,7.639e-08,,2.31
ferrihydrite-*-U(+6),ferrihydrite,Fe(OH)3,U(+6),usbr08,usbr08_f3,10,N(+5)+Na(+1),10.1413,0.13,2.877e-08,,2.31
ferrihydrite-*-U(+6),ferrihydrite,Fe(OH)3,U(+6),wdpwx94,wdpwx94_f4aa,1,N(+5)+Na(+1),3.60556,0.052000000000000005,7.458e-09,,2.31
ferrihydrite-*-U(+6),ferrihydrite,Fe(OH)3,U(+6),wdpwx94,wdpwx94_f4aa,2,N(+5)+Na(+1),4.18167,0.052000000000000005,3.64588e-07,,2.31
ferrihydrite-*-U(+6),ferrihydrite,Fe(OH)3,U(+6),wdpwx94,wdpwx94_f4aa,3,N(+5)+Na(+1),4.41306,0.052000000000000005,5.64851e-07,,2.31
ferrihydrite-*-U(+6),ferrihydrite,Fe(OH)3,U(+6),wdpwx94,wdpwx94_f4aa,4,N(+5)+Na(+1),4.54056,0.052000000000000005,6.04085e-07,,2.31
ferrihydrite-*-U(+6),ferrihydrite,Fe(OH)3,U(+6),wdpwx94,wdpwx94_f4aa,5,N(+5)+Na(+1),4.74361,0.052000000000000005,7.75376e-07,,2.31
ferrihydrite-*-U(+6),ferrihydrite,Fe(OH)3,U(+6),wdpwx94,wdpwx94_f4aa,6,N(+5)+Na(+1),5.09778,0.052000000000000005,9.27988e-07,,2.31
ferrihydrite-*-U(+6),ferrihydrite,Fe(OH)3,U(+6),wdpwx94,wdpwx94_f4aa,7,N(+5)+Na(+1),5.29611,0.052000000000000005,9.38289e-07,,2.31
ferrihydrite-*-U(+6),ferrihydrite,Fe(OH)3,U(+6),wdpwx94,wdpwx94_f4ab,1,N(+5)+Na(+1),3.59139,0.26,5.0893e-08,,2.31
ferrihydrite-*-U(+6),ferrihydrite,Fe(OH)3,U(+6),wdpwx94,wdpwx94_f4ab,2,N(+5)+Na(+1),4.11083,0.26,2.53827e-07,,2.31
ferrihydrite-*-U(+6),ferrihydrite,Fe(OH)3,U(+6),wdpwx94,wdpwx94_f4ab,3,N(+5)+Na(+1),4.37528,0.26,3.98737e-07,,2.31
ferrihydrite-*-U(+6),ferrihydrite,Fe(OH)3,U(+6),wdpwx94,wdpwx94_f4ab,4,N(+5)+Na(+1),4.85222,0.26,8.20564e-07,,2.31
ferrihydrite-*-U(+6),ferrihydrite,Fe(OH)3,U(+6),wdpwx94,wdpwx94_f4ab,5,N(+5)+Na(+1),5.04583,0.26,9.01562e-07,,2.31
ferrihydrite-*-U(+6),ferrihydrite,Fe(OH)3,U(+6),wdpwx94,wdpwx94_f4ab,6,N(+5)+Na(+1),5.39056,0.26,9.64732e-07,,2.31
ferrihydrite-*-U(+6),ferrihydrite,Fe(OH)3,U(+6),wdpwx94,wdpwx94_f4ab,7,N(+5)+Na(+1),6.59,0.26,9.9247e-07,,2.31
ferrihydrite-*-U(+6),ferrihydrite,Fe(OH)3,U(+6),wdpwx94,wdpwx94_f4ab,8,N(+5)+Na(+1),7.76583,0.26,9.86979e-07,,2.31
ferrihydrite-*-U(+6),ferrihydrite,Fe(OH)3,U(+6),wdpwx94,wdpwx94_f4ab,9,N(+5)+Na(+1),7.97833,0.26,9.69177e-07,,2.31
ferrihydrite-*-U(+6),ferrihydrite,Fe(OH)3,U(+6),wdpwx94,wdpwx94_f4ab,10,N(+5)+Na(+1),8.44583,0.26,8.99517e-07,,2.31
ferrihydrite-*-U(+6),ferrihydrite,Fe(OH)3,U(+6),wdpwx94,wdpwx94_f4ab,11,N(+5)+Na(+1),8.51194,0.26,8.41622e-07,,2.31
ferrihydrite-*-U(+6),ferrihydrite,Fe(OH)3,U(+6),wdpwx94,wdpwx94_f4ab,12,N(+5)+Na(+1),8.64889,0.26,7.61609e-07,,2.31
ferrihydrite-*-U(+6),ferrihydrite,Fe(OH)3,U(+6),wdpwx94,wdpwx94_f4ab,13,N(+5)+Na(+1),8.76222,0.26,5.17191e-07,,2.31
ferrihydrite-*-U(+6),ferrihydrite,Fe(OH)3,U(+6),wdpwx94,wdpwx94_f4ab,14,N(+5)+Na(+1),8.81417,0.26,5.32544e-07,,2.31
ferrihydrite-*-U(+6),ferrihydrite,Fe(OH)3,U(+6),wdpwx94,wdpwx94_f4ab,15,N(+5)+Na(+1),9.12583,0.26,1.13589e-07,,2.31
ferrihydrite-*-U(+6),ferrihydrite,Fe(OH)3,U(+6),wdpwx94,wdpwx94_f4ac,1,N(+5)+Na(+1),3.58194,1.3,2.0225e-08,,2.31
ferrihydrite-*-U(+6),ferrihydrite,Fe(OH)3,U(+6),wdpwx94,wdpwx94_f4ac,2,N(+5)+Na(+1),3.84639,1.3,1.5321e-07,,2.31
ferrihydrite-*-U(+6),ferrihydrite,Fe(OH)3,U(+6),wdpwx94,wdpwx94_f4ac,3,N(+5)+Na(+1),4.10611,1.3,1.60981e-07,,2.31
ferrihydrite-*-U(+6),ferrihydrite,Fe(OH)3,U(+6),wdpwx94,wdpwx94_f4ac,4,N(+5)+Na(+1),4.27611,1.3,2.86262e-07,,2.31
ferrihydrite-*-U(+6),ferrihydrite,Fe(OH)3,U(+6),wdpwx94,wdpwx94_f4ac,5,N(+5)+Na(+1),4.52167,1.3,4.69495e-07,,2.31
ferrihydrite-*-U(+6),ferrihydrite,Fe(OH)3,U(+6),wdpwx94,wdpwx94_f4ac,6,N(+5)+Na(+1),4.57361,1.3,5.12957e-07,,2.31
ferrihydrite-*-U(+6),ferrihydrite,Fe(OH)3,U(+6),wdpwx94,wdpwx94_f4ac,7,N(+5)+Na(+1),4.80028,1.3,7.40475e-07,,2.31
ferrihydrite-*-U(+6),ferrihydrite,Fe(OH)3,U(+6),wdpwx94,wdpwx94_f4ac,8,N(+5)+Na(+1),5.05056,1.3,8.64937e-07,,2.31
ferrihydrite-*-U(+6),ferrihydrite,Fe(OH)3,U(+6),wdpwx94,wdpwx94_f4ac,9,N(+5)+Na(+1),5.28667,1.3,9.39989e-07,,2.31
ferrihydrite-*-U(+6),ferrihydrite,Fe(OH)3,U(+6),wdpwx94,wdpwx94_f4ac,10,N(+5)+Na(+1),5.56528,1.3,9.70765e-07,,2.31
ferrihydrite-*-U(+6),ferrihydrite,Fe(OH)3,U(+6),wdpwx94,wdpwx94_f4ac,11,N(+5)+Na(+1),5.78722,1.3,9.93e-07,,2.31
ferrihydrite-*-U(+6),ferrihydrite,Fe(OH)3,U(+6),wdpwx94,wdpwx94_f4ac,12,N(+5)+Na(+1),5.98556,1.3,9.9308e-07,,2.31
ferrihydrite-*-U(+6),ferrihydrite,Fe(OH)3,U(+6),wdpwx94,wdpwx94_f4ac,13,N(+5)+Na(+1),6.27361,1.3,9.92343e-07,,2.31
ferrihydrite-*-U(+6),ferrihydrite,Fe(OH)3,U(+6),wdpwx94,wdpwx94_f4ac,14,N(+5)+Na(+1),6.58528,1.3,9.92468e-07,,2.31
ferrihydrite-*-U(+6),ferrihydrite,Fe(OH)3,U(+6),wdpwx94,wdpwx94_f4ac,15,N(+5)+Na(+1),6.95361,1.3,9.86653e-07,,2.31
ferrihydrite-*-U(+6),ferrihydrite,Fe(OH)3,U(+6),wdpwx94,wdpwx94_f4ac,16,N(+5)+Na(+1),7.52972,1.3,9.84329e-07,,2.31
ferrihydrite-*-U(+6),ferrihydrite,Fe(OH)3,U(+6),wdpwx94,wdpwx94_f4ac,17,N(+5)+Na(+1),7.80361,1.3,9.8018e-07,,2.31
ferrihydrite-*-U(+6),ferrihydrite,Fe(OH)3,U(+6),wdpwx94,wdpwx94_f4ac,18,N(+5)+Na(+1),8.02556,1.3,9.71751e-07,,2.31
ferrihydrite-*-U(+6),ferrihydrite,Fe(OH)3,U(+6),wdpwx94,wdpwx94_f4ac,19,N(+5)+Na(+1),8.205,1.3,9.42862e-07,,2.31
ferrihydrite-*-U(+6),ferrihydrite,Fe(OH)3,U(+6),wdpwx94,wdpwx94_f4ac,20,N(+5)+Na(+1),8.32778,1.3,8.3303e-07,,2.31
ferrihydrite-*-U(+6),ferrihydrite,Fe(OH)3,U(+6),wdpwx94,wdpwx94_f4ac,21,N(+5)+Na(+1),8.34667,1.3,8.62851e-07,,2.31
ferrihydrite-*-U(+6),ferrihydrite,Fe(OH)3,U(+6),wdpwx94,wdpwx94_f4ac,22,N(+5)+Na(+1),8.55444,1.3,6.36358e-07,,2.31
ferrihydrite-*-U(+6),ferrihydrite,Fe(OH)3,U(+6),wdpwx94,wdpwx94_f4ac,23,N(+5)+Na(+1),8.65361,1.3,3.6127e-07,,2.31
ferrihydrite-*-U(+6),ferrihydrite,Fe(OH)3,U(+6),wdpwx94,wdpwx94_f4ac,24,N(+5)+Na(+1),8.79056,1.3,2.98293e-07,,2.31
ferrihydrite-*-U(+6),ferrihydrite,Fe(OH)3,U(+6),wdpwx94,wdpwx94_f4ac,25,N(+5)+Na(+1),8.9275,1.3,1.6405e-08,,2.31
ferrihydrite-*-U(+6),ferrihydrite,Fe(OH)3,U(+6),wdpwx94,wdpwx94_f4ac,26,N(+5)+Na(+1),9.20611,1.3,2.8442e-08,,2.31
ferrihydrite-*-U(+6),ferrihydrite,Fe(OH)3,U(+6),wdpwx94,wdpwx94_f4ac,27,N(+5)+Na(+1),9.66889,1.3,1.9258e-08,,2.31
ferrihydrite-*-U(+6),ferrihydrite,Fe(OH)3,U(+6),wdpwx94,wdpwx94_f4ac,28,N(+5)+Na(+1),9.97111,1.3,0.0,,2.31
ferrihydrite-*-U(+6),ferrihydrite,Fe(OH)3,U(+6),wdpwx94,wdpwx94_f4ad,1,N(+5)+Na(+1),3.64333,6.5,4.6655e-08,,2.31
ferrihydrite-*-U(+6),ferrihydrite,Fe(OH)3,U(+6),wdpwx94,wdpwx94_f4ad,2,N(+5)+Na(+1),4.0825,6.5,1.33714e-07,,2.31
ferrihydrite-*-U(+6),ferrihydrite,Fe(OH)3,U(+6),wdpwx94,wdpwx94_f4ad,3,N(+5)+Na(+1),4.37056,6.5,3.69775e-07,,2.31
ferrihydrite-*-U(+6),ferrihydrite,Fe(OH)3,U(+6),wdpwx94,wdpwx94_f4ad,4,N(+5)+Na(+1),4.5075,6.5,5.12078e-07,,2.31
ferrihydrite-*-U(+6),ferrihydrite,Fe(OH)3,U(+6),wdpwx94,wdpwx94_f4ad,5,N(+5)+Na(+1),4.9325,6.5,7.78859e-07,,2.31
ferrihydrite-*-U(+6),ferrihydrite,Fe(OH)3,U(+6),wdpwx94,wdpwx94_f4ad,6,N(+5)+Na(+1),5.21583,6.5,9.07592e-07,,2.31
ferrihydrite-*-U(+6),ferrihydrite,Fe(OH)3,U(+6),wdpwx94,wdpwx94_f4ad,7,N(+5)+Na(+1),7.46361,6.5,9.88561e-07,,2.31
ferrihydrite-*-U(+6),ferrihydrite,Fe(OH)3,U(+6),wdpwx94,wdpwx94_f4ad,8,N(+5)+Na(+1),7.78944,6.5,9.13735e-07,,2.31
ferrihydrite-*-U(+6),ferrihydrite,Fe(OH)3,U(+6),wdpwx94,wdpwx94_f4ad,9,N(+5)+Na(+1),8.02083,6.5,7.86911e-07,,2.31
ferrihydrite-*-U(+6),ferrihydrite,Fe(OH)3,U(+6),wdpwx94,wdpwx94_f4ad,10,N(+5)+Na(+1),8.16722,6.5,7.0605e-07,,2.31
ferrihydrite-*-U(+6),ferrihydrite,Fe(OH)3,U(+6),wdpwx94,wdpwx94_f4ad,11,N(+5)+Na(+1),8.25694,6.5,6.20907e-07,,2.31
ferrihydrite-*-U(+6),ferrihydrite,Fe(OH)3,U(+6),wdpwx94,wdpwx94_f4ad,12,N(+5)+Na(+1),8.40806,6.5,4.48906e-07,,2.31
ferrihydrite-*-U(+6),ferrihydrite,Fe(OH)3,U(+6),wdpwx94,wdpwx94_f4ad,13,N(+5)+Na(+1),8.49306,6.5,2.91359e-07,,2.31
ferrihydrite-*-U(+6),ferrihydrite,Fe(OH)3,U(+6),wdpwx94,wdpwx94_f4ad,14,N(+5)+Na(+1),8.59222,6.5,2.28366e-07,,2.31
ferrihydrite-*-U(+6),ferrihydrite,Fe(OH)3,U(+6),wdpwx94,wdpwx94_f4ad,15,N(+5)+Na(+1),8.72917,6.5,1.07467e-07,,2.31
ferrihydrite-*-U(+6),ferrihydrite,Fe(OH)3,U(+6),wdpwx94,wdpwx94_f4ad,16,N(+5)+Na(+1),9.03611,6.5,4.8817e-08,,2.31
ferrihydrite-*-U(+6),ferrihydrite,Fe(OH)3,U(+6),wdpwx94,wdpwx94_f4ad,17,N(+5)+Na(+1),9.6075,6.5,3.901e-09,,2.31
ferrihydrite-*-U(+6),ferrihydrite,Fe(OH)3,U(+6),wdpwx94,wdpwx94_f4ad,18,N(+5)+Na(+1),10.0608,6.5,6.76e-10,,2.31
ferrihydrite-*-U(+6),ferrihydrite,Fe(OH)3,U(+6),wdpwx94,wdpwx94_f4bb,1,N(+5)+Na(+1),3.6961,1.3,4.2685e-07,,2.31
ferrihydrite-*-U(+6),ferrihydrite,Fe(OH)3,U(+6),wdpwx94,wdpwx94_f4bb,2,N(+5)+Na(+1),4.0142,1.3,7.117e-07,,2.31
ferrihydrite-*-U(+6),ferrihydrite,Fe(OH)3,U(+6),wdpwx94,wdpwx94_f4bb,3,N(+5)+Na(+1),4.3042,1.3,9.148e-07,,2.31
ferrihydrite-*-U(+6),ferrihydrite,Fe(OH)3,U(+6),wdpwx94,wdpwx94_f4bb,4,N(+5)+Na(+1),4.6442,1.3,9.8451e-07,,2.31
ferrihydrite-*-U(+6),ferrihydrite,Fe(OH)3,U(+6),wdpwx94,wdpwx94_f4bb,5,N(+5)+Na(+1),4.8983,1.3,9.9484e-07,,2.31
ferrihydrite-*-U(+6),ferrihydrite,Fe(OH)3,U(+6),wdpwx94,wdpwx94_f4bb,6,N(+5)+Na(+1),5.4061,1.3,9.9742e-07,,2.31
ferrihydrite-*-U(+6),ferrihydrite,Fe(OH)3,U(+6),wdpwx94,wdpwx94_f4bb,7,N(+5)+Na(+1),6.5857,1.3,9.9742e-07,,2.31
ferrihydrite-*-U(+6),ferrihydrite,Fe(OH)3,U(+6),wdpwx94,wdpwx94_f4bb,8,N(+5)+Na(+1),7.2311,1.3,9.9914e-07,,2.31
ferrihydrite-*-U(+6),ferrihydrite,Fe(OH)3,U(+6),wdpwx94,wdpwx94_f4bb,9,N(+5)+Na(+1),7.6172,1.3,1e-06,,2.31
ferrihydrite-*-U(+6),ferrihydrite,Fe(OH)3,U(+6),wdpwx94,wdpwx94_f4bb,10,N(+5)+Na(+1),7.9769,1.3,9.9914e-07,,2.31
ferrihydrite-*-U(+6),ferrihydrite,Fe(OH)3,U(+6),wdpwx94,wdpwx94_f4bb,11,N(+5)+Na(+1),8.2096,1.3,9.9742e-07,,2.31
ferrihydrite-*-U(+6),ferrihydrite,Fe(OH)3,U(+6),wdpwx94,wdpwx94_f4bb,12,N(+5)+Na(+1),8.6481,1.3,9.7418e-07,,2.31
ferrihydrite-*-U(+6),ferrihydrite,Fe(OH)3,U(+6),wdpwx94,wdpwx94_f4bb,13,N(+5)+Na(+1),9.0037,1.3,7.7883e-07,,2.31
ferrihydrite-*-U(+6),ferrihydrite,Fe(OH)3,U(+6),wdpwx94,wdpwx94_f4bb,14,N(+5)+Na(+1),9.2643,1.3,3.4682e-07,,2.31
ferrihydrite-*-U(+6),ferrihydrite,Fe(OH)3,U(+6),wdpwx94,wdpwx94_f4bb,15,N(+5)+Na(+1),10.0029,1.3,4.3e-09,,2.31
ferrihydrite-*-U(+6),ferrihydrite,Fe(OH)3,U(+6),wdpwx94,wdpwx94_f5a,1,N(+5)+Na(+1),4.00605,1.3,2.8556e-09,,2.31
ferrihydrite-*-U(+6),ferrihydrite,Fe(OH)3,U(+6),wdpwx94,wdpwx94_f5a,2,N(+5)+Na(+1),4.28615,1.3,4.3643e-09,,2.31
ferrihydrite-*-U(+6),ferrihydrite,Fe(OH)3,U(+6),wdpwx94,wdpwx94_f5a,3,N(+5)+Na(+1),4.50982,1.3,7.0062e-09,,2.31
ferrihydrite-*-U(+6),ferrihydrite,Fe(OH)3,U(+6),wdpwx94,wdpwx94_f5a,4,N(+5)+Na(+1),4.785,1.3,8.8363e-09,,2.31
ferrihydrite-*-U(+6),ferrihydrite,Fe(OH)3,U(+6),wdpwx94,wdpwx94_f5a,5,N(+5)+Na(+1),5.07039,1.3,9.609e-09,,2.31
ferrihydrite-*-U(+6),ferrihydrite,Fe(OH)3,U(+6),wdpwx94,wdpwx94_f5c,1,N(+5)+Na(+1),3.98033,1.3,7.234e-07,,2.31
ferrihydrite-*-U(+6),ferrihydrite,Fe(OH)3,U(+6),wdpwx94,wdpwx94_f5c,2,N(+5)+Na(+1),4.24251,1.3,1.6397e-06,,2.31
ferrihydrite-*-U(+6),ferrihydrite,Fe(OH)3,U(+6),wdpwx94,wdpwx94_f5c,3,N(+5)+Na(+1),4.4812,1.3,3.0211e-06,,2.31
ferrihydrite-*-U(+6),ferrihydrite,Fe(OH)3,U(+6),wdpwx94,wdpwx94_f5c,4,N(+5)+Na(+1),4.71015,1.3,4.9439e-06,,2.31
ferrihydrite-*-U(+6),ferrihydrite,Fe(OH)3,U(+6),wdpwx94,wdpwx94_f5c,5,N(+5)+Na(+1),4.7652,1.3,5.2997e-06,,2.31
ferrihydrite-*-U(+6),ferrihydrite,Fe(OH)3,U(+6),wdpwx94,wdpwx94_f5c,6,N(+5)+Na(+1),5.00338,1.3,7.2226e-06,,2.31
ferrihydrite-*-U(+6),ferrihydrite,Fe(OH)3,U(+6),wdpwx94,wdpwx94_f5c,7,N(+5)+Na(+1),5.62429,1.3,9.4453e-06,,2.31
ferrihydrite-*-U(+6),ferrihydrite,Fe(OH)3,U(+6),wdpwx94,wdpwx94_f5c,8,N(+5)+Na(+1),6.23761,1.3,9.8914e-06,,2.31
ferrihydrite-*-U(+6),ferrihydrite,Fe(OH)3,U(+6),wdpwx94,wdpwx94_f5c,9,N(+5)+Na(+1),6.66679,1.3,9.8703e-06,,2.31
ferrihydrite-*-U(+6),ferrihydrite,Fe(OH)3,U(+6),wdpwx94,wdpwx94_f5d,1,N(+5)+Na(+1),3.9902,1.3,2.98e-07,,2.31
ferrihydrite-*-U(+6),ferrihydrite,Fe(OH)3,U(+6),wdpwx94,wdpwx94_f5d,2,N(+5)+Na(+1),4.26238,1.3,1.171e-06,,2.31
ferrihydrite-*-U(+6),ferrihydrite,Fe(OH)3,U(+6),wdpwx94,wdpwx94_f5d,3,N(+5)+Na(+1),4.51095,1.3,7.794e-06,,2.31
ferrihydrite-*-U(+6),ferrihydrite,Fe(OH)3,U(+6),wdpwx94,wdpwx94_f5d,4,N(+5)+Na(+1),4.75387,1.3,2.567e-05,,2.31
ferrihydrite-*-U(+6),ferrihydrite,Fe(OH)3,U(+6),wdpwx94,wdpwx94_f5d,5,N(+5)+Na(+1),4.8916,1.3,3.3382e-05,,2.31
ferrihydrite-*-U(+6),ferrihydrite,Fe(OH)3,U(+6),wdpwx94,wdpwx94_f5d,6,N(+5)+Na(+1),5.03806,1.3,4.6426e-05,,2.31
ferrihydrite-*-U(+6),ferrihydrite,Fe(OH)3,U(+6),wdpwx94,wdpwx94_f5d,7,N(+5)+Na(+1),5.55189,1.3,7.8964e-05,,2.31
ferrihydrite-*-U(+6),ferrihydrite,Fe(OH)3,U(+6),wdpwx94,wdpwx94_f5d,8,N(+5)+Na(+1),6.46863,1.3,9.5807e-05,,2.31
ferrihydrite-*-U(+6),ferrihydrite,Fe(OH)3,U(+6),wdpwx94,wdpwx94_f5d,9,N(+5)+Na(+1),6.77775,1.3,9.6345e-05,,2.31
ferrihydrite-*-U(+6),ferrihydrite,Fe(OH)3,U(+6),wdpwx94,wdpwx94_f5d,10,N(+5)+Na(+1),7.22557,1.3,9.4105e-05,,2.31
ferrihydrite-*-U(+6),ferrihydrite,Fe(OH)3,U(+6),wdpwx94,wdpwx94_f5d,11,N(+5)+Na(+1),7.52149,1.3,8.779e-05,,2.31
ferrihydrite-*-U(+6),ferrihydrite,Fe(OH)3,U(+6),wdpwx94,wdpwx94_f5d,12,N(+5)+Na(+1),8.00656,1.3,3.1831e-05,,2.31
ferrihydrite-*-U(+6),ferrihydrite,Fe(OH)3,U(+6),wdpwx94,wdpwx94_f5d,13,N(+5)+Na(+1),8.33129,1.3,1.3335e-05,,2.31
ferrihydrite-*-U(+6),ferrihydrite,Fe(OH)3,U(+6),wdpwx94,wdpwx94_f5d,14,N(+5)+Na(+1),8.51208,1.3,4.386e-06,,2.31
ferrihydrite-*-U(+6),ferrihydrite,Fe(OH)3,U(+6),wdpwx94,wdpwx94_f5d,15,N(+5)+Na(+1),8.62323,1.3,8.2e-08,,2.31
ferrihydrite-*-U(+6),ferrihydrite,Fe(OH)3,U(+6),wdpwx94,wdpwx94_f6b,1,N(+5)+Na(+1),3.6504,1.3,3.084e-08,,2.31
ferrihydrite-*-U(+6),ferrihydrite,Fe(OH)3,U(+6),wdpwx94,wdpwx94_f6b,2,N(+5)+Na(+1),4.2359,1.3,3.7602e-07,,2.31
ferrihydrite-*-U(+6),ferrihydrite,Fe(OH)3,U(+6),wdpwx94,wdpwx94_f6b,3,N(+5)+Na(+1),4.8604,1.3,9.1134e-07,,2.31
ferrihydrite-*-U(+6),ferrihydrite,Fe(OH)3,U(+6),wdpwx94,wdpwx94_f6b,4,N(+5)+Na(+1),5.1995,1.3,9.6209e-07,,2.31
ferrihydrite-*-U(+6),ferrihydrite,Fe(OH)3,U(+6),wdpwx94,wdpwx94_f6b,5,N(+5)+Na(+1),5.6172,1.3,9.5084e-07,,2.31
ferrihydrite-*-U(+6),ferrihydrite,Fe(OH)3,U(+6),wdpwx94,wdpwx94_f6b,6,N(+5)+Na(+1),5.9139,1.3,9.8888e-07,,2.31
ferrihydrite-*-U(+6),ferrihydrite,Fe(OH)3,U(+6),wdpwx94,wdpwx94_f6b,7,N(+5)+Na(+1),6.4111,1.3,9.8776e-07,,2.31
ferrihydrite-*-U(+6),ferrihydrite,Fe(OH)3,U(+6),wdpwx94,wdpwx94_f6b,8,N(+5)+Na(+1),6.8658,1.3,9.7478e-07,,2.31
ferrihydrite-*-U(+6),ferrihydrite,Fe(OH)3,U(+6),wdpwx94,wdpwx94_f6b,9,N(+5)+Na(+1),7.3391,1.3,7.1052e-07,,2.31
ferrihydrite-*-U(+6),ferrihydrite,Fe(OH)3,U(+6),wdpwx94,wdpwx94_f6b,10,N(+5)+Na(+1),7.5152,1.3,3.5814e-07,,2.31
ferrihydrite-*-U(+6),ferrihydrite,Fe(OH)3,U(+6),wdpwx94,wdpwx94_f6b,11,N(+5)+Na(+1),7.8552,1.3,1.98e-09,,2.31
ferrihydrite-*-U(+6),ferrihydrite,Fe(OH)3,U(+6),wdpwx94,wdpwx94_f6b,12,N(+5)+Na(+1),8.2096,1.3,0.0,,2.31
ferrihydrite-*-U(+6),ferrihydrite,Fe(OH)3,U(+6),wdpwx94,wdpwx94_f6b,13,N(+5)+Na(+1),8.5006,1.3,0.0,,2.31
ferrihydrite-*-U(+6),ferrihydrite,Fe(OH)3,U(+6),wdpwx94,wdpwx94_f6b,14,N(+5)+Na(+1),8.8655,1.3,0.0,,2.31
ferrihydrite-*-U(+6),ferrihydrite,Fe(OH)3,U(+6),wdpwx94,wdpwx94_f6b,15,N(+5)+Na(+1),9.2887,1.3,0.0,,2.31
ferrihydrite-*-U(+6),ferrihydrite,Fe(OH)3,U(+6),d01,d01_f4-10ab,1,N(+5)+Na(+1)+P(+5),2.6549,1.30125,2.4628e-08,,2.31
ferrihydrite-*-U(+6),ferrihydrite,Fe(OH)3,U(+6),d01,d01_f4-10ab,2,N(+5)+Na(+1)+P(+5),3.132,1.30125,1.04365e-07,,2.31
ferrihydrite-*-U(+6),ferrihydrite,Fe(OH)3,U(+6),d01,d01_f4-10ab,3,N(+5)+Na(+1)+P(+5),3.46,1.30125,3.36476e-07,,2.31
ferrihydrite-*-U(+6),ferrihydrite,Fe(OH)3,U(+6),d01,d01_f4-10ab,4,N(+5)+Na(+1)+P(+5),3.7376,1.30125,5.93281e-07,,2.31
ferrihydrite-*-U(+6),ferrihydrite,Fe(OH)3,U(+6),d01,d01_f4-10ab,5,N(+5)+Na(+1)+P(+5),4.0531,1.30125,8.34363e-07,,2.31
ferrihydrite-*-U(+6),ferrihydrite,Fe(OH)3,U(+6),d01,d01_f4-10ab,6,N(+5)+Na(+1)+P(+5),4.2999,1.30125,9.30146e-07,,2.31
ferrihydrite-*-U(+6),ferrihydrite,Fe(OH)3,U(+6),d01,d01_f4-10ab,7,N(+5)+Na(+1)+P(+5),4.5579,1.30125,9.7893e-07,,2.31
ferrihydrite-*-U(+6),ferrihydrite,Fe(OH)3,U(+6),d01,d01_f4-10ab,8,N(+5)+Na(+1)+P(+5),4.9048,1.30125,9.96245e-07,,2.31
ferrihydrite-*-U(+6),ferrihydrite,Fe(OH)3,U(+6),d01,d01_f4-10ab,9,N(+5)+Na(+1)+P(+5),5.5845,1.30125,9.97341e-07,,2.31
ferrihydrite-*-U(+6),ferrihydrite,Fe(OH)3,U(+6),d01,d01_f4-10ab,10,N(+5)+Na(+1)+P(+5),6.1487,1.30125,9.94158e-07,,2.31
ferrihydrite-*-U(+6),ferrihydrite,Fe(OH)3,U(+6),d01,d01_f4-10ab,11,N(+5)+Na(+1)+P(+5),6.5463,1.30125,9.93491e-07,,2.31
ferrihydrite-*-U(+6),ferrihydrite,Fe(OH)3,U(+6),d01,d01_f4-10ab,12,N(+5)+Na(+1)+P(+5),6.8927,1.30125,9.97384e-07,,2.31
ferrihydrite-*-U(+6),ferrihydrite,Fe(OH)3,U(+6),d01,d01_f4-10ab,13,N(+5)+Na(+1)+P(+5),7.316,1.30125,9.98911e-07,,2.31
ferrihydrite-*-U(+6),ferrihydrite,Fe(OH)3,U(+6),d01,d01_f4-10ab,14,N(+5)+Na(+1)+P(+5),7.7258,1.30125,9.82563e-07,,2.31
ferrihydrite-*-U(+6),ferrihydrite,Fe(OH)3,U(+6),d01,d01_f4-10ab,15,N(+5)+Na(+1)+P(+5),7.9567,1.30125,9.82176e-07,,2.31
ferrihydrite-*-U(+6),ferrihydrite,Fe(OH)3,U(+6),d01,d01_f4-10ab,16,N(+5)+Na(+1)+P(+5),8.4627,1.30125,7.64324e-07,,2.31
ferrihydrite-*-U(+6),ferrihydrite,Fe(OH)3,U(+6),d01,d01_f4-10ab,17,N(+5)+Na(+1)+P(+5),8.9047,1.30125,1.50607e-07,,2.31
ferrihydrite-*-U(+6),ferrihydrite,Fe(OH)3,U(+6),d01,d01_f4-10ab,18,N(+5)+Na(+1)+P(+5),9.49,1.30125,4.211e-09,,2.31
ferrihydrite-*-U(+6),ferrihydrite,Fe(OH)3,U(+6),d01,d01_f4-10ab,19,N(+5)+Na(+1)+P(+5),9.9902,1.30125,5.609e-09,,2.31
ferrihydrite-*-U(+6),ferrihydrite,Fe(OH)3,U(+6),d01,d01_f4-10ad,1,N(+5)+Na(+1)+P(+5),2.617,1.30125,4.4826e-06,,2.31
ferrihydrite-*-U(+6),ferrihydrite,Fe(OH)3,U(+6),d01,d01_f4-10ad,2,N(+5)+Na(+1)+P(+5),3.0943,1.30125,1.29036e-05,,2.31
ferrihydrite-*-U(+6),ferrihydrite,Fe(OH)3,U(+6),d01,d01_f4-10ad,3,N(+5)+Na(+1)+P(+5),3.5718,1.30125,2.24432e-05,,2.31
ferrihydrite-*-U(+6),ferrihydrite,Fe(OH)3,U(+6),d01,d01_f4-10ad,4,N(+5)+Na(+1)+P(+5),4.0241,1.30125,3.28819e-05,,2.31
ferrihydrite-*-U(+6),ferrihydrite,Fe(OH)3,U(+6),d01,d01_f4-10ad,5,N(+5)+Na(+1)+P(+5),4.4801,1.30125,5.51767e-05,,2.31
ferrihydrite-*-U(+6),ferrihydrite,Fe(OH)3,U(+6),d01,d01_f4-10ad,6,N(+5)+Na(+1)+P(+5),4.9628,1.30125,8.08228e-05,,2.31
ferrihydrite-*-U(+6),ferrihydrite,Fe(OH)3,U(+6),d01,d01_f4-10ad,7,N(+5)+Na(+1)+P(+5),5.5579,1.30125,9.66066e-05,,2.31
ferrihydrite-*-U(+6),ferrihydrite,Fe(OH)3,U(+6),d01,d01_f4-10ad,8,N(+5)+Na(+1)+P(+5),6.2257,1.30125,9.96266e-05,,2.31
ferrihydrite-*-U(+6),ferrihydrite,Fe(OH)3,U(+6),d01,d01_f4-10ad,9,N(+5)+Na(+1)+P(+5),7.0588,1.30125,9.76971e-05,,2.31
ferrihydrite-*-U(+6),ferrihydrite,Fe(OH)3,U(+6),d01,d01_f4-10ad,10,N(+5)+Na(+1)+P(+5),7.3023,1.30125,9.74325e-05,,2.31
ferrihydrite-*-U(+6),ferrihydrite,Fe(OH)3,U(+6),d01,d01_f4-10ad,11,N(+5)+Na(+1)+P(+5),7.8403,1.30125,9.53288e-05,,2.31
ferrihydrite-*-U(+6),ferrihydrite,Fe(OH)3,U(+6),d01,d01_f4-10ad,12,N(+5)+Na(+1)+P(+5),8.1533,1.30125,7.13389e-05,,2.31
ferrihydrite-*-U(+6),ferrihydrite,Fe(OH)3,U(+6),d01,d01_f4-10ad,13,N(+5)+Na(+1)+P(+5),8.4847,1.30125,2.51983e-05,,2.31
ferrihydrite-*-U(+6),ferrihydrite,Fe(OH)3,U(+6),d01,d01_f4-10ad,14,N(+5)+Na(+1)+P(+5),8.775,1.30125,1.06082e-05,,2.31
ferrihydrite-*-U(+6),ferrihydrite,Fe(OH)3,U(+6),d01,d01_f4-10ad,15,N(+5)+Na(+1)+P(+5),9.0677,1.30125,3.4003e-06,,2.31
ferrihydrite-*-U(+6),ferrihydrite,Fe(OH)3,U(+6),d01,d01_f4-11b,1,N(+5)+Na(+1)+P(+5),3.059,0.26125,1.23019e-07,,2.31
ferrihydrite-*-U(+6),ferrihydrite,Fe(OH)3,U(+6),d01,d01_f4-11b,2,N(+5)+Na(+1)+P(+5),3.49,0.26125,4.5879e-07,,2.31
ferrihydrite-*-U(+6),ferrihydrite,Fe(OH)3,U(+6),d01,d01_f4-11b,3,N(+5)+Na(+1)+P(+5),4.0221,0.26125,8.35979e-07,,2.31
ferrihydrite-*-U(+6),ferrihydrite,Fe(OH)3,U(+6),d01,d01_f4-11b,4,N(+5)+Na(+1)+P(+5),4.5704,0.26125,9.76641e-07,,2.31
ferrihydrite-*-U(+6),ferrihydrite,Fe(OH)3,U(+6),d01,d01_f4-11b,5,N(+5)+Na(+1)+P(+5),5.0604,0.26125,1.00324e-06,,2.31
ferrihydrite-*-U(+6),ferrihydrite,Fe(OH)3,U(+6),d01,d01_f4-11b,6,N(+5)+Na(+1)+P(+5),6.0622,0.26125,9.98327e-07,,2.31
ferrihydrite-*-U(+6),ferrihydrite,Fe(OH)3,U(+6),d01,d01_f4-11b,7,N(+5)+Na(+1)+P(+5),7.1661,0.26125,1.00164e-06,,2.31
ferrihydrite-*-U(+6),ferrihydrite,Fe(OH)3,U(+6),d01,d01_f4-11b,8,N(+5)+Na(+1)+P(+5),8.2713,0.26125,9.51004e-07,,2.31
ferrihydrite-*-U(+6),ferrihydrite,Fe(OH)3,U(+6),d01,d01_f4-11b,9,N(+5)+Na(+1)+P(+5),8.5939,0.26125,7.22543e-07,,2.31
ferrihydrite-*-U(+6),ferrihydrite,Fe(OH)3,U(+6),d01,d01_f4-11b,10,N(+5)+Na(+1)+P(+5),8.9748,0.26125,2.18104e-07,,2.31
ferrihydrite-*-U(+6),ferrihydrite,Fe(OH)3,U(+6),d01,d01_f4-11b,11,N(+5)+Na(+1)+P(+5),9.3689,0.26125,-2.113e-09,,2.31
ferrihydrite-*-U(+6),ferrihydrite,Fe(OH)3,U(+6),d01,d01_f4-11b,12,N(+5)+Na(+1)+P(+5),9.6754,0.26125,1.803e-09,,2.31
ferrihydrite-*-U(+6),ferrihydrite,Fe(OH)3,U(+6),d01,d01_f4-11c,1,N(+5)+Na(+1)+P(+5),2.6528,1.30125,2.1668e-08,,2.31
ferrihydrite-*-U(+6),ferrihydrite,Fe(OH)3,U(+6),d01,d01_f4-11c,2,N(+5)+Na(+1)+P(+5),3.1616,1.30125,1.08418e-07,,2.31
ferrihydrite-*-U(+6),ferrihydrite,Fe(OH)3,U(+6),d01,d01_f4-11c,3,N(+5)+Na(+1)+P(+5),3.4523,1.30125,3.32263e-07,,2.31
ferrihydrite-*-U(+6),ferrihydrite,Fe(OH)3,U(+6),d01,d01_f4-11c,4,N(+5)+Na(+1)+P(+5),3.7319,1.30125,5.91387e-07,,2.31
ferrihydrite-*-U(+6),ferrihydrite,Fe(OH)3,U(+6),d01,d01_f4-11c,5,N(+5)+Na(+1)+P(+5),4.0426,1.30125,8.33889e-07,,2.31
ferrihydrite-*-U(+6),ferrihydrite,Fe(OH)3,U(+6),d01,d01_f4-11c,6,N(+5)+Na(+1)+P(+5),4.2854,1.30125,9.31214e-07,,2.31
ferrihydrite-*-U(+6),ferrihydrite,Fe(OH)3,U(+6),d01,d01_f4-11c,7,N(+5)+Na(+1)+P(+5),4.5396,1.30125,9.78739e-07,,2.31
ferrihydrite-*-U(+6),ferrihydrite,Fe(OH)3,U(+6),d01,d01_f4-11c,8,N(+5)+Na(+1)+P(+5),4.8665,1.30125,9.90937e-07,,2.31
ferrihydrite-*-U(+6),ferrihydrite,Fe(OH)3,U(+6),d01,d01_f4-11c,9,N(+5)+Na(+1)+P(+5),5.5819,1.30125,9.96618e-07,,2.31
ferrihydrite-*-U(+6),ferrihydrite,Fe(OH)3,U(+6),d01,d01_f4-11c,10,N(+5)+Na(+1)+P(+5),6.144,1.30125,9.98265e-07,,2.31
ferrihydrite-*-U(+6),ferrihydrite,Fe(OH)3,U(+6),d01,d01_f4-11c,11,N(+5)+Na(+1)+P(+5),6.5324,1.30125,9.9797e-07,,2.31
ferrihydrite-*-U(+6),ferrihydrite,Fe(OH)3,U(+6),d01,d01_f4-11c,12,N(+5)+Na(+1)+P(+5),6.8901,1.30125,9.99771e-07,,2.31
ferrihydrite-*-U(+6),ferrihydrite,Fe(OH)3,U(+6),d01,d01_f4-11c,13,N(+5)+Na(+1)+P(+5),7.3195,1.30125,9.9737e-07,,2.31
ferrihydrite-*-U(+6),ferrihydrite,Fe(OH)3,U(+6),d01,d01_f4-11c,14,N(+5)+Na(+1)+P(+5),7.6879,1.30125,9.80493e-07,,2.31
ferrihydrite-*-U(+6),ferrihydrite,Fe(OH)3,U(+6),d01,d01_f4-11c,15,N(+5)+Na(+1)+P(+5),7.9332,1.30125,9.82381e-07,,2.31
ferrihydrite-*-U(+6),ferrihydrite,Fe(OH)3,U(+6),d01,d01_f4-11c,16,N(+5)+Na(+1)+P(+5),8.4497,1.30125,7.68296e-07,,2.31
ferrihydrite-*-U(+6),ferrihydrite,Fe(OH)3,U(+6),d01,d01_f4-11c,17,N(+5)+Na(+1)+P(+5),8.8947,1.30125,1.55924e-07,,2.31
ferrihydrite-*-U(+6),ferrihydrite,Fe(OH)3,U(+6),d01,d01_f4-11c,18,N(+5)+Na(+1)+P(+5),9.5219,1.30125,1.0218e-08,,2.31
ferrihydrite-*-U(+6),ferrihydrite,Fe(OH)3,U(+6),d01,d01_f4-11c,19,N(+5)+Na(+1)+P(+5),9.951,1.30125,1.4041e-08,,2.31
ferrihydrite-*-U(+6),ferrihydrite,Fe(OH)3,U(+6),d01,d01_f4-11d,1,N(+5)+Na(+1)+P(+5),3.3716,6.50125,2.90831e-07,,2.31
ferrihydrite-*-U(+6),ferrihydrite,Fe(OH)3,U(+6),d01,d01_f4-11d,2,N(+5)+Na(+1)+P(+5),3.7708,6.50125,6.6812e-07,,2.31
ferrihydrite-*-U(+6),ferrihydrite,Fe(OH)3,U(+6),d01,d01_f4-11d,3,N(+5)+Na(+1)+P(+5),4.0417,6.50125,8.67084e-07,,2.31
ferrihydrite-*-U(+6),ferrihydrite,Fe(OH)3,U(+6),d01,d01_f4-11d,4,N(+5)+Na(+1)+P(+5),4.4889,6.50125,9.64255e-07,,2.31
ferrihydrite-*-U(+6),ferrihydrite,Fe(OH)3,U(+6),d01,d01_f4-11d,5,N(+5)+Na(+1)+P(+5),4.9994,6.50125,9.90836e-07,,2.31
ferrihydrite-*-U(+6),ferrihydrite,Fe(OH)3,U(+6),d01,d01_f4-11d,6,N(+5)+Na(+1)+P(+5),6.0317,6.50125,9.94201e-07,,2.31
ferrihydrite-*-U(+6),ferrihydrite,Fe(OH)3,U(+6),d01,d01_f4-11d,7,N(+5)+Na(+1)+P(+5),7.391,6.50125,9.99391e-07,,2.31
ferrihydrite-*-U(+6),ferrihydrite,Fe(OH)3,U(+6),d01,d01_f4-11d,8,N(+5)+Na(+1)+P(+5),7.4626,6.50125,9.95187e-07,,2.31
ferrihydrite-*-U(+6),ferrihydrite,Fe(OH)3,U(+6),d01,d01_f4-11d,9,N(+5)+Na(+1)+P(+5),7.8415,6.50125,9.70003e-07,,2.31
ferrihydrite-*-U(+6),ferrihydrite,Fe(OH)3,U(+6),d01,d01_f4-11d,10,N(+5)+Na(+1)+P(+5),8.1432,6.50125,7.62305e-07,,2.31
ferrihydrite-*-U(+6),ferrihydrite,Fe(OH)3,U(+6),d01,d01_f4-11d,11,N(+5)+Na(+1)+P(+5),7.9542,6.50125,9.57469e-07,,2.31
ferrihydrite-*-U(+6),ferrihydrite,Fe(OH)3,U(+6),d01,d01_f4-11d,12,N(+5)+Na(+1)+P(+5),8.2267,6.50125,6.93776e-07,,2.31
ferrihydrite-*-U(+6),ferrihydrite,Fe(OH)3,U(+6),d01,d01_f4-11d,13,N(+5)+Na(+1)+P(+5),8.2701,6.50125,5.96233e-07,,2.31
ferrihydrite-*-U(+6),ferrihydrite,Fe(OH)3,U(+6),d01,d01_f4-11d,14,N(+5)+Na(+1)+P(+5),8.5652,6.50125,2.47461e-07,,2.31
ferrihydrite-*-U(+6),ferrihydrite,Fe(OH)3,U(+6),d01,d01_f4-11d,15,N(+5)+Na(+1)+P(+5),8.9382,6.50125,5.0082e-08,,2.31
ferrihydrite-*-U(+6),ferrihydrite,Fe(OH)3,U(+6),d01,d01_f4-11d,16,N(+5)+Na(+1)+P(+5),9.3075,6.50125,8.1293e-12,,2.31
ferrihydrite-*-U(+6),ferrihydrite,Fe(OH)3,U(+6),d01,d01_f4-11d,17,N(+5)+Na(+1)+P(+5),9.6341,6.50125,2.0507e-08,,2.31
ferrihydrite-*-U(+6),ferrihydrite,Fe(OH)3,U(+6),d01,d01_f4-12b,1,N(+5)+Na(+1)+P(+5),7.9571,0.26125,9.7572e-07,,2.31
ferrihydrite-*-U(+6),ferrihydrite,Fe(OH)3,U(+6),d01,d01_f4-12b,2,N(+5)+Na(+1)+P(+5),8.2749,0.26125,9.52427e-07,,2.31
ferrihydrite-*-U(+6),ferrihydrite,Fe(OH)3,U(+6),d01,d01_f4-12b,3,N(+5)+Na(+1)+P(+5),8.6168,0.26125,7.2744e-07,,2.31
ferrihydrite-*-U(+6),ferrihydrite,Fe(OH)3,U(+6),d01,d01_f4-12b,4,N(+5)+Na(+1)+P(+5),8.9744,0.26125,2.17955e-07,,2.31
ferrihydrite-*-U(+6),ferrihydrite,Fe(OH)3,U(+6),d01,d01_f4-12b,5,N(+5)+Na(+1)+P(+5),9.3693,0.26125,1.4209e-08,,2.31
ferrihydrite-*-U(+6),ferrihydrite,Fe(OH)3,U(+6),d01,d01_f4-12d,1,N(+5)+Na(+1)+P(+5),7.3009,1.30125,9.96825e-07,,2.31
ferrihydrite-*-U(+6),ferrihydrite,Fe(OH)3,U(+6),d01,d01_f4-12d,2,N(+5)+Na(+1)+P(+5),7.7003,1.30125,9.75671e-07,,2.31
ferrihydrite-*-U(+6),ferrihydrite,Fe(OH)3,U(+6),d01,d01_f4-12d,3,N(+5)+Na(+1)+P(+5),7.9571,1.30125,9.7572e-07,,2.31
ferrihydrite-*-U(+6),ferrihydrite,Fe(OH)3,U(+6),d01,d01_f4-12d,4,N(+5)+Na(+1)+P(+5),8.462,1.30125,7.6775e-07,,2.31
ferrihydrite-*-U(+6),ferrihydrite,Fe(OH)3,U(+6),d01,d01_f4-12d,5,N(+5)+Na(+1)+P(+5),8.8969,1.30125,1.54245e-07,,2.31
ferrihydrite-*-U(+6),ferrihydrite,Fe(OH)3,U(+6),d01,d01_f4-12d,6,N(+5)+Na(+1)+P(+5),9.5364,1.30125,1.2119e-08,,2.31
ferrihydrite-*-U(+6),ferrihydrite,Fe(OH)3,U(+6),d01,d01_f4-12d,7,N(+5)+Na(+1)+P(+5),9.9603,1.30125,1.4324e-08,,2.31
ferrihydrite-*-U(+6),ferrihydrite,Fe(OH)3,U(+6),d01,d01_f4-12f,1,N(+5)+Na(+1)+P(+5),7.4069,6.50125,9.92599e-07,,2.31
ferrihydrite-*-U(+6),ferrihydrite,Fe(OH)3,U(+6),d01,d01_f4-12f,2,N(+5)+Na(+1)+P(+5),7.4802,6.50125,9.88367e-07,,2.31
ferrihydrite-*-U(+6),ferrihydrite,Fe(OH)3,U(+6),d01,d01_f4-12f,3,N(+5)+Na(+1)+P(+5),7.8307,6.50125,9.73573e-07,,2.31
ferrihydrite-*-U(+6),ferrihydrite,Fe(OH)3,U(+6),d01,d01_f4-12f,4,N(+5)+Na(+1)+P(+5),7.9571,6.50125,9.84213e-07,,2.31
ferrihydrite-*-U(+6),ferrihydrite,Fe(OH)3,U(+6),d01,d01_f4-12f,5,N(+5)+Na(+1)+P(+5),8.136,6.50125,7.69809e-07,,2.31
ferrihydrite-*-U(+6),ferrihydrite,Fe(OH)3,U(+6),d01,d01_f4-12f,6,N(+5)+Na(+1)+P(+5),8.2255,6.50125,6.95516e-07,,2.31
ferrihydrite-*-U(+6),ferrihydrite,Fe(OH)3,U(+6),d01,d01_f4-12f,7,N(+5)+Na(+1)+P(+5),8.2661,6.50125,6.0423e-07,,2.31
ferrihydrite-*-U(+6),ferrihydrite,Fe(OH)3,U(+6),d01,d01_f4-12f,8,N(+5)+Na(+1)+P(+5),8.571,6.50125,2.47601e-07,,2.31
ferrihydrite-*-U(+6),ferrihydrite,Fe(OH)3,U(+6),d01,d01_f4-12f,9,N(+5)+Na(+1)+P(+5),8.917,6.50125,4.8092e-08,,2.31
ferrihydrite-*-U(+6),ferrihydrite,Fe(OH)3,U(+6),d01,d01_f4-12f,10,N(+5)+Na(+1)+P(+5),9.3,6.50125,5.704e-09,,2.31
ferrihydrite-*-U(+6),ferrihydrite,Fe(OH)3,U(+6),d01,d01_f4-12f,11,N(+5)+Na(+1)+P(+5),9.6219,6.50125,2.0628e-08,,2.31
ferrihydrite-*-U(+6),ferrihydrite,Fe(OH)3,U(+6),d01,d01_f4-16aa,1,N(+5)+Na(+1)+S(+6),2.9689,1.48,3.2737e-08,,2.31
ferrihydrite-*-U(+6),ferrihydrite,Fe(OH)3,U(+6),d01,d01_f4-16aa,2,N(+5)+Na(+1)+S(+6),3.4183,1.48,-2.128e-09,,2.31
ferrihydrite-*-U(+6),ferrihydrite,Fe(OH)3,U(+6),d01,d01_f4-16aa,3,N(+5)+Na(+1)+S(+6),3.992,1.48,1.7245e-08,,2.31
ferrihydrite-*-U(+6),ferrihydrite,Fe(OH)3,U(+6),d01,d01_f4-16aa,4,N(+5)+Na(+1)+S(+6),4.5462,1.48,2.60088e-07,,2.31
ferrihydrite-*-U(+6),ferrihydrite,Fe(OH)3,U(+6),d01,d01_f4-16aa,5,N(+5)+Na(+1)+S(+6),4.9458,1.48,6.75874e-07,,2.31
ferrihydrite-*-U(+6),ferrihydrite,Fe(OH)3,U(+6),d01,d01_f4-16aa,6,N(+5)+Na(+1)+S(+6),5.5453,1.48,9.39675e-07,,2.31
ferrihydrite-*-U(+6),ferrihydrite,Fe(OH)3,U(+6),d01,d01_f4-16aa,7,N(+5)+Na(+1)+S(+6),6.032,1.48,9.7639e-07,,2.31
ferrihydrite-*-U(+6),ferrihydrite,Fe(OH)3,U(+6),d01,d01_f4-16aa,8,N(+5)+Na(+1)+S(+6),6.5171,1.48,9.88415e-07,,2.31
ferrihydrite-*-U(+6),ferrihydrite,Fe(OH)3,U(+6),d01,d01_f4-16aa,9,N(+5)+Na(+1)+S(+6),7.0014,1.48,9.84391e-07,,2.31
ferrihydrite-*-U(+6),ferrihydrite,Fe(OH)3,U(+6),d01,d01_f4-16aa,10,N(+5)+Na(+1)+S(+6),7.5838,1.48,9.65487e-07,,2.31
ferrihydrite-*-U(+6),ferrihydrite,Fe(OH)3,U(+6),d01,d01_f4-16aa,11,N(+5)+Na(+1)+S(+6),7.8801,1.48,9.50476e-07,,2.31
ferrihydrite-*-U(+6),ferrihydrite,Fe(OH)3,U(+6),d01,d01_f4-16aa,12,N(+5)+Na(+1)+S(+6),8.2875,1.48,7.66256e-07,,2.31
ferrihydrite-*-U(+6),ferrihydrite,Fe(OH)3,U(+6),d01,d01_f4-16aa,13,N(+5)+Na(+1)+S(+6),8.5129,1.48,4.88329e-07,,2.31
ferrihydrite-*-U(+6),ferrihydrite,Fe(OH)3,U(+6),d01,d01_f4-16aa,14,N(+5)+Na(+1)+S(+6),8.9008,1.48,1.67085e-07,,2.31
ferrihydrite-*-U(+6),ferrihydrite,Fe(OH)3,U(+6),d01,d01_f4-16aa,15,N(+5)+Na(+1)+S(+6),9.2591,1.48,8.4132e-08,,2.31
ferrihydrite-*-U(+6),ferrihydrite,Fe(OH)3,U(+6),d01,d01_f4-16ba,1,N(+5)+Na(+1)+S(+6),2.9342,1.48,2.2923e-07,,2.31
ferrihydrite-*-U(+6),ferrihydrite,Fe(OH)3,U(+6),d01,d01_f4-16ba,2,N(+5)+Na(+1)+S(+6),3.5131,1.48,4.8395e-07,,2.31
ferrihydrite-*-U(+6),ferrihydrite,Fe(OH)3,U(+6),d01,d01_f4-16ba,3,N(+5)+Na(+1)+S(+6),4.1029,1.48,6.397e-07,,2.31
ferrihydrite-*-U(+6),ferrihydrite,Fe(OH)3,U(+6),d01,d01_f4-16ba,4,N(+5)+Na(+1)+S(+6),4.5177,1.48,1.53857e-06,,2.31
ferrihydrite-*-U(+6),ferrihydrite,Fe(OH)3,U(+6),d01,d01_f4-16ba,5,N(+5)+Na(+1)+S(+6),4.9846,1.48,4.41475e-06,,2.31
ferrihydrite-*-U(+6),ferrihydrite,Fe(OH)3,U(+6),d01,d01_f4-16ba,6,N(+5)+Na(+1)+S(+6),5.465,1.48,7.88415e-06,,2.31
ferrihydrite-*-U(+6),ferrihydrite,Fe(OH)3,U(+6),d01,d01_f4-16ba,7,N(+5)+Na(+1)+S(+6),6.0602,1.48,9.46135e-06,,2.31
ferrihydrite-*-U(+6),ferrihydrite,Fe(OH)3,U(+6),d01,d01_f4-16ba,8,N(+5)+Na(+1)+S(+6),6.5283,1.48,9.77881e-06,,2.31
ferrihydrite-*-U(+6),ferrihydrite,Fe(OH)3,U(+6),d01,d01_f4-16ba,9,N(+5)+Na(+1)+S(+6),6.9064,1.48,9.81272e-06,,2.31
ferrihydrite-*-U(+6),ferrihydrite,Fe(OH)3,U(+6),d01,d01_f4-16ba,10,N(+5)+Na(+1)+S(+6),7.2506,1.48,9.71095e-06,,2.31
ferrihydrite-*-U(+6),ferrihydrite,Fe(OH)3,U(+6),d01,d01_f4-16ba,11,N(+5)+Na(+1)+S(+6),7.7382,1.48,9.34839e-06,,2.31
ferrihydrite-*-U(+6),ferrihydrite,Fe(OH)3,U(+6),d01,d01_f4-16ba,12,N(+5)+Na(+1)+S(+6),8.1498,1.48,6.56373e-06,,2.31
ferrihydrite-*-U(+6),ferrihydrite,Fe(OH)3,U(+6),d01,d01_f4-16ba,13,N(+5)+Na(+1)+S(+6),8.4663,1.48,2.19766e-06,,2.31
ferrihydrite-*-U(+6),ferrihydrite,Fe(OH)3,U(+6),d01,d01_f4-16ba,14,N(+5)+Na(+1)+S(+6),8.7948,1.48,9.2173e-07,,2.31
ferrihydrite-*-U(+6),ferrihydrite,Fe(OH)3,U(+6),d01,d01_f4-16ba,15,N(+5)+Na(+1)+S(+6),9.1814,1.48,3.128e-07,,2.31
ferrihydrite-*-U(+6),ferrihydrite,Fe(OH)3,U(+6),d01,d01_f4-16ba,16,N(+5)+Na(+1)+S(+6),9.5604,1.48,5.692e-07,,2.31
ferrihydrite-*-U(+6),ferrihydrite,Fe(OH)3,U(+6),d01,d01_f4-16ba,17,N(+5)+Na(+1)+S(+6),9.9485,1.48,3.6817e-07,,2.31
