Reference,Set,SetID,Mineral,Mineral_formula,Sorbate,Temp,pH,Electrolyte1,Electrolyte1_val,Electrolyte2,Electrolyte2_val,Mineralsites,Sorbed_val
synthetic_study_1,24,0,goethite,FeOOH,U(+6),24.92510502032213,7.5956934985716344,Na(+1),0.0010480536987025567,NO3(-1),0.0010480536987025567,2.3,103.11315326576562
synthetic_study_0,34,1,goethite,FeOOH,U(+6),24.72587468155798,4.6582937101109625,Na(+1),0.2397988489827848,NO3(-1),0.2397988489827848,2.3,18.494240930221256
synthetic_study_3,21,2,goethite,FeOOH,U(+6),25.281353153207235,2.8277881914895575,Na(+1),0.17092072594336744,NO3(-1),0.17092072594336744,2.3,2.638974262231053
synthetic_study_2,106,3,goethite,FeOOH,U(+6),25.214001702477724,2.6322210842282328,Na(+1),0.14715491925745022,NO3(-1),0.14715491925745022,2.3,0.0
synthetic_study_1,122,4,goethite,FeOOH,U(+6),25.18857170725128,9.00616191360218,Na(+1),0.1855536525288675,NO3(-1),0.1855536525288675,2.3,97.35214997881197
synthetic_study_1,127,5,goethite,FeOOH,U(+6),25.066061028315914,9.802044618221775,Na(+1),0.08603435286352991,NO3(-1),0.08603435286352991,2.3,97.49222345414574
synthetic_study_0,96,6,goethite,FeOOH,U(+6),24.38498750672994,7.353086206137439,Na(+1),0.002401156932358472,NO3(-1),0.002401156932358472,2.3,101.58705810058171
synthetic_study_1,68,7,goethite,FeOOH,U(+6),24.643906481416803,8.335972487871988,Na(+1),0.16157430029045358,NO3(-1),0.16157430029045358,2.3,95.10597046425997
synthetic_study_1,42,8,goethite,FeOOH,U(+6),25.085320092149942,6.848999931723383,Na(+1),0.001051417323875903,NO3(-1),0.001051417323875903,2.3,99.35802142901116
synthetic_study_3,138,9,goethite,FeOOH,U(+6),24.20351532573843,9.980579390302147,Na(+1),0.004012190086869644,NO3(-1),0.004012190086869644,2.3,99.83715508701923
synthetic_study_3,47,10,goethite,FeOOH,U(+6),24.976223315596766,9.026828432972257,Na(+1),0.02448492269297641,NO3(-1),0.02448492269297641,2.3,100.43709504330477
synthetic_study_0,107,11,goethite,FeOOH,U(+6),24.692406289764453,2.5219080013611848,Na(+1),0.017726335114955864,NO3(-1),0.017726335114955864,2.3,6.883471179169583
synthetic_study_1,58,12,goethite,FeOOH,U(+6),25.189988110129388,9.359234212700555,Na(+1),0.0024693635652613542,NO3(-1),0.0024693635652613542,2.3,98.01782967086886
synthetic_study_2,11,13,goethite,FeOOH,U(+6),24.941019585868624,2.768684602443715,Na(+1),0.02564248400753361,NO3(-1),0.02564248400753361,2.3,7.792854735571477
synthetic_study_1,16,14,goethite,FeOOH,U(+6),25.317675434295726,8.337243571439553,Na(+1),0.1142712304905707,NO3(-1),0.1142712304905707,2.3,93.20202927389312
synthetic_study_0,141,15,goethite,FeOOH,U(+6),25.10129640082775,3.905244964820472,Na(+1),0.01760472818728819,NO3(-1),0.01760472818728819,2.3,4.51505890148716
synthetic_study_2,141,16,goethite,FeOOH,U(+6),25.03412462560729,9.405431378799094,Na(+1),0.21779519536626674,NO3(-1),0.21779519536626674,2.3,93.4539691618432
synthetic_study_1,58,17,goethite,FeOOH,U(+6),24.707998140399916,6.831689761992734,Na(+1),0.005781531747080241,NO3(-1),0.005781531747080241,2.3,90.66593408953166
synthetic_study_0,122,18,goethite,FeOOH,U(+6),25.18831258646078,4.897695124299078,Na(+1),0.0029827949455633698,NO3(-1),0.0029827949455633698,2.3,43.329760964046855
synthetic_study_1,94,19,goethite,FeOOH,U(+6),25.713784782578227,5.881497769581268,Na(+1),0.2960530139925952,NO3(-1),0.2960530139925952,2.3,55.71968301697053
synthetic_study_1,41,20,goethite,FeOOH,U(+6),24.486866666357304,2.7265573691637037,Na(+1),0.16099145602755305,NO3(-1),0.16099145602755305,2.3,1.9010296994311093
synthetic_study_0,26,21,goethite,FeOOH,U(+6),24.692879682277542,3.4942662119965116,Na(+1),0.02611699992889629,NO3(-1),0.02611699992889629,2.3,4.791145956962845
synthetic_study_2,120,22,goethite,FeOOH,U(+6),25.499227804963642,7.864995317549043,Na(+1),0.002827040563074531,NO3(-1),0.002827040563074531,2.3,94.30662145998221
synthetic_study_3,78,23,goethite,FeOOH,U(+6),25.153537369509234,7.677516092594001,Na(+1),0.15493742710523467,NO3(-1),0.15493742710523467,2.3,91.02507882466804
synthetic_study_1,72,24,goethite,FeOOH,U(+6),24.91122111417325,7.423080891850031,Na(+1),0.29843789958908323,NO3(-1),0.29843789958908323,2.3,94.78797457162557
synthetic_study_2,33,25,goethite,FeOOH,U(+6),25.234593528407185,5.5694204340950675,Na(+1),0.003475447685092741,NO3(-1),0.003475447685092741,2.3,72.58093477069548
synthetic_study_2,123,26,goethite,FeOOH,U(+6),25.09974763085504,10.477679486313688,Na(+1),0.1882329860976392,NO3(-1),0.1882329860976392,2.3,98.505874034509
synthetic_study_0,98,27,goethite,FeOOH,U(+6),24.804213417033314,10.34668271020984,Na(+1),0.014914283187029547,NO3(-1),0.014914283187029547,2.3,94.9011599792676
synthetic_study_0,61,28,goethite,FeOOH,U(+6),24.799512726469516,7.984335875845558,Na(+1),1.0468668052783003,NO3(-1),1.0468668052783003,2.3,90.29471335039304
synthetic_study_3,45,29,goethite,FeOOH,U(+6),25.256582580814413,7.70367421014253,Na(+1),0.3020514807435999,NO3(-1),0.3020514807435999,2.3,93.13957576898007
synthetic_study_1,72,30,goethite,FeOOH,U(+6),25.10299141567031,8.00757384456752,Na(+1),0.008004106558764788,NO3(-1),0.008004106558764788,2.3,105.29200717592502
synthetic_study_0,149,31,goethite,FeOOH,U(+6),25.323304744328397,5.61137139183283,Na(+1),1.2459105255666754,NO3(-1),1.2459105255666754,2.3,32.27459295184787
synthetic_study_1,19,32,goethite,FeOOH,U(+6),25.196134224257168,3.5807720401792897,Na(+1),0.001211345680877537,NO3(-1),0.001211345680877537,2.3,4.710086886581062
synthetic_study_1,16,33,goethite,FeOOH,U(+6),24.81580140628115,8.271906721552654,Na(+1),0.004073045370210763,NO3(-1),0.004073045370210763,2.3,97.00286901838638
synthetic_study_1,2,34,goethite,FeOOH,U(+6),25.457234848640528,6.702834579805807,Na(+1),0.006284631310686632,NO3(-1),0.006284631310686632,2.3,90.16375033248295
synthetic_study_0,84,35,goethite,FeOOH,U(+6),24.72305112596181,4.981935004471645,Na(+1),0.26053392071398673,NO3(-1),0.26053392071398673,2.3,21.55109635363256
synthetic_study_2,86,36,goethite,FeOOH,U(+6),24.86401147706782,6.386682870654313,Na(+1),0.05449472943413322,NO3(-1),0.05449472943413322,2.3,77.2846864066874
synthetic_study_1,27,37,goethite,FeOOH,U(+6),24.765165351760285,9.615902674792002,Na(+1),0.03407523393447259,NO3(-1),0.03407523393447259,2.3,96.3377974562881
synthetic_study_3,91,38,goethite,FeOOH,U(+6),24.579645948251738,9.972348127649997,Na(+1),0.005424503802239562,NO3(-1),0.005424503802239562,2.3,99.2124024469697
synthetic_study_1,44,39,goethite,FeOOH,U(+6),25.186778099081792,5.362361573672562,Na(+1),0.3135750240037046,NO3(-1),0.3135750240037046,2.3,33.54574492492278
synthetic_study_3,135,40,goethite,FeOOH,U(+6),24.684144031913792,7.0722386458380875,Na(+1),0.0024347319035540388,NO3(-1),0.0024347319035540388,2.3,99.3507546191251
synthetic_study_3,129,41,goethite,FeOOH,U(+6),24.79473254723882,5.074955128607537,Na(+1),0.006549769662889014,NO3(-1),0.006549769662889014,2.3,45.54505513524401
synthetic_study_1,93,42,goethite,FeOOH,U(+6),25.28283187710841,7.254400241597574,Na(+1),0.4581303404379683,NO3(-1),0.4581303404379683,2.3,88.96138483094043
synthetic_study_2,75,43,goethite,FeOOH,U(+6),25.259563944942144,5.203289804057066,Na(+1),0.03079332833793206,NO3(-1),0.03079332833793206,2.3,32.248137142561205
synthetic_study_1,26,44,goethite,FeOOH,U(+6),24.813572735896994,5.63295200422529,Na(+1),0.782525557772661,NO3(-1),0.782525557772661,2.3,33.40117444481463
synthetic_study_1,13,45,goethite,FeOOH,U(+6),24.607588169173923,9.622194816038338,Na(+1),0.09671448954429739,NO3(-1),0.09671448954429739,2.3,101.00432363380126
synthetic_study_2,123,46,goethite,FeOOH,U(+6),24.968723904940955,4.317260748267038,Na(+1),0.4031784723411571,NO3(-1),0.4031784723411571,2.3,1.745630796777732
synthetic_study_0,109,47,goethite,FeOOH,U(+6),24.520640233719817,7.485497157488339,Na(+1),0.004153658626710612,NO3(-1),0.004153658626710612,2.3,98.95738221368191
synthetic_study_2,132,48,goethite,FeOOH,U(+6),24.696872737454353,3.1721227486590786,Na(+1),0.011054323333541194,NO3(-1),0.011054323333541194,2.3,0.37363860330885634
synthetic_study_0,66,49,goethite,FeOOH,U(+6),24.883667110500728,9.161153181227181,Na(+1),0.017503704421307845,NO3(-1),0.017503704421307845,2.3,97.48684422066151
synthetic_study_1,82,50,goethite,FeOOH,U(+6),24.952560932934762,8.796786459909466,Na(+1),0.04274224992442215,NO3(-1),0.04274224992442215,2.3,104.05446449191751
synthetic_study_1,12,51,goethite,FeOOH,U(+6),24.83343093649852,4.414955543943617,Na(+1),0.036236077578480685,NO3(-1),0.036236077578480685,2.3,15.044951922584923
synthetic_study_1,86,52,goethite,FeOOH,U(+6),24.95639652956772,9.511873846485631,Na(+1),0.5177717126801085,NO3(-1),0.5177717126801085,2.3,105.23861657981439
synthetic_study_0,72,53,goethite,FeOOH,U(+6),25.414612096178438,2.9685442784415548,Na(+1),0.0037284537079470188,NO3(-1),0.0037284537079470188,2.3,0.0
synthetic_study_0,28,54,goethite,FeOOH,U(+6),25.188137848557524,5.188936484365283,Na(+1),0.6455108081174659,NO3(-1),0.6455108081174659,2.3,26.951198724389965
synthetic_study_0,66,55,goethite,FeOOH,U(+6),25.413767877206304,3.7022357351587125,Na(+1),0.8587223583600646,NO3(-1),0.8587223583600646,2.3,5.84374826384461
synthetic_study_1,111,56,goethite,FeOOH,U(+6),25.268808819595378,6.102714933194296,Na(+1),0.0017750591001227587,NO3(-1),0.0017750591001227587,2.3,73.53795210698877
synthetic_study_2,87,57,goethite,FeOOH,U(+6),25.069594500675827,8.870594162298353,Na(+1),0.0010739602807431747,NO3(-1),0.0010739602807431747,2.3,99.4992146396205
synthetic_study_0,28,58,goethite,FeOOH,U(+6),24.63584791767898,4.3451376719499795,Na(+1),0.009248787693518553,NO3(-1),0.009248787693518553,2.3,23.366979730243777
synthetic_study_0,65,59,goethite,FeOOH,U(+6),24.59917387544992,2.916170408515277,Na(+1),0.021011532707574995,NO3(-1),0.021011532707574995,2.3,4.647261431896892
synthetic_study_3,127,60,goethite,FeOOH,U(+6),24.993824416440024,5.736414718572226,Na(+1),1.5939806399468963,NO3(-1),1.5939806399468963,2.3,34.64908801547318
synthetic_study_1,90,61,goethite,FeOOH,U(+6),24.877417715646175,4.088104356074043,Na(+1),0.0017204750156509198,NO3(-1),0.0017204750156509198,2.3,16.234179136461254
synthetic_study_0,91,62,goethite,FeOOH,U(+6),24.71963707078214,3.226024364952975,Na(+1),0.3787105251687824,NO3(-1),0.3787105251687824,2.3,0.0
synthetic_study_0,105,63,goethite,FeOOH,U(+6),25.122911383884983,7.142659087894805,Na(+1),0.03705973818458089,NO3(-1),0.03705973818458089,2.3,94.75544111216887
synthetic_study_3,17,64,goethite,FeOOH,U(+6),25.367223753479614,4.889569062551381,Na(+1),0.0026827649997309883,NO3(-1),0.0026827649997309883,2.3,34.147979542666846
synthetic_study_3,148,65,goethite,FeOOH,U(+6),24.97957375452169,7.875959023650875,Na(+1),0.016146002619744304,NO3(-1),0.016146002619744304,2.3,94.41989623261347
synthetic_study_3,147,66,goethite,FeOOH,U(+6),25.02575066777231,4.096123551745706,Na(+1),0.018070686157747276,NO3(-1),0.018070686157747276,2.3,14.850472957656226
synthetic_study_3,83,67,goethite,FeOOH,U(+6),24.83591053959514,10.036904884051982,Na(+1),0.006364865796951529,NO3(-1),0.006364865796951529,2.3,99.88451506325669
synthetic_study_2,13,68,goethite,FeOOH,U(+6),24.79361772772099,5.4208813459586285,Na(+1),0.009362684734535739,NO3(-1),0.009362684734535739,2.3,53.97856949605591
synthetic_study_0,66,69,goethite,FeOOH,U(+6),25.592095911054006,3.343962236561836,Na(+1),0.02430704376661181,NO3(-1),0.02430704376661181,2.3,2.5503491018457938
synthetic_study_0,32,70,goethite,FeOOH,U(+6),24.62307669441175,7.532865212317674,Na(+1),1.49783027041873,NO3(-1),1.49783027041873,2.3,103.04141594863205
synthetic_study_2,106,71,goethite,FeOOH,U(+6),24.951632600411337,9.917236424542939,Na(+1),0.032676826908978406,NO3(-1),0.032676826908978406,2.3,104.07938382252564
synthetic_study_3,148,72,goethite,FeOOH,U(+6),24.865857955616082,6.023017237726272,Na(+1),1.3659837721534627,NO3(-1),1.3659837721534627,2.3,45.881378509703204
synthetic_study_1,137,73,goethite,FeOOH,U(+6),24.967032509693723,10.136723949525898,Na(+1),0.0012611183246044812,NO3(-1),0.0012611183246044812,2.3,106.64832797318587
synthetic_study_2,116,74,goethite,FeOOH,U(+6),25.313900009494546,6.499166509501176,Na(+1),0.0016525851781193223,NO3(-1),0.0016525851781193223,2.3,91.73513606732652
synthetic_study_3,3,75,goethite,FeOOH,U(+6),25.298128790254417,5.901828998792604,Na(+1),0.0012353570284474756,NO3(-1),0.0012353570284474756,2.3,85.20095599369316
synthetic_study_3,130,76,goethite,FeOOH,U(+6),24.957966400733003,7.4617076161230225,Na(+1),0.1576221714807246,NO3(-1),0.1576221714807246,2.3,92.45902192291096
synthetic_study_0,5,77,goethite,FeOOH,U(+6),25.337048711416312,10.460772041882592,Na(+1),0.00533049917751428,NO3(-1),0.00533049917751428,2.3,96.23290058474547
synthetic_study_0,78,78,goethite,FeOOH,U(+6),24.770035848309774,10.091549399502123,Na(+1),0.07983376260470151,NO3(-1),0.07983376260470151,2.3,103.1500974519449
synthetic_study_0,146,79,goethite,FeOOH,U(+6),25.106703133661252,6.180361114472769,Na(+1),0.4214133091924412,NO3(-1),0.4214133091924412,2.3,59.62805280146478
synthetic_study_1,125,80,goethite,FeOOH,U(+6),25.53385360769139,8.561830762466332,Na(+1),0.01244474297928957,NO3(-1),0.01244474297928957,2.3,96.4165042665381
synthetic_study_3,81,81,goethite,FeOOH,U(+6),24.826723618207534,6.479381563900952,Na(+1),0.006467489405138201,NO3(-1),0.006467489405138201,2.3,92.44658713226598
synthetic_study_2,123,82,goethite,FeOOH,U(+6),25.06153522221138,6.734497281574163,Na(+1),0.24765570540882728,NO3(-1),0.24765570540882728,2.3,78.24029517621835
synthetic_study_0,7,83,goethite,FeOOH,U(+6),25.449573980503146,8.78628560571046,Na(+1),0.037193129126273546,NO3(-1),0.037193129126273546,2.3,93.90684057615655
synthetic_study_3,56,84,goethite,FeOOH,U(+6),24.74725673407406,5.817246794845366,Na(+1),0.003107373673531872,NO3(-1),0.003107373673531872,2.3,78.28043561521007
synthetic_study_1,99,85,goethite,FeOOH,U(+6),25.019297543661988,8.375868574309834,Na(+1),0.0019434299336074108,NO3(-1),0.0019434299336074108,2.3,91.76992069616392
synthetic_study_3,52,86,goethite,FeOOH,U(+6),24.905559887996805,8.189143023918,Na(+1),0.2708025526272004,NO3(-1),0.2708025526272004,2.3,95.15795148169187
synthetic_study_0,14,87,goethite,FeOOH,U(+6),24.664917071257648,9.956477492907027,Na(+1),0.6908133235361631,NO3(-1),0.6908133235361631,2.3,98.41297291615184
synthetic_study_2,72,88,goethite,FeOOH,U(+6),25.121278332935542,3.4194610662472416,Na(+1),0.8673509496688595,NO3(-1),0.8673509496688595,2.3,0.0
synthetic_study_1,15,89,goethite,FeOOH,U(+6),24.746761282275557,8.332120936610476,Na(+1),0.048227386175693214,NO3(-1),0.048227386175693214,2.3,94.58796315811607
synthetic_study_2,68,90,goethite,FeOOH,U(+6),25.496726335071354,9.91939142899648,Na(+1),0.00320922427794937,NO3(-1),0.00320922427794937,2.3,102.62951529780335
synthetic_study_1,60,91,goethite,FeOOH,U(+6),25.006198357504726,10.243409519397172,Na(+1),0.005554813221305327,NO3(-1),0.005554813221305327,2.3,101.14705830396647
synthetic_study_3,100,92,goethite,FeOOH,U(+6),24.936955136633962,2.6176504397229543,Na(+1),0.03137825830384911,NO3(-1),0.03137825830384911,2.3,0.0
synthetic_study_2,99,93,goethite,FeOOH,U(+6),25.012261539305978,9.409120721964605,Na(+1),0.6473353635209756,NO3(-1),0.6473353635209756,2.3,101.81369645922643
synthetic_study_2,102,94,goethite,FeOOH,U(+6),25.03083621445286,10.349560320530754,Na(+1),0.13984646154970337,NO3(-1),0.13984646154970337,2.3,106.03395624624875
synthetic_study_2,123,95,goethite,FeOOH,U(+6),24.94023273250132,10.157681436887708,Na(+1),0.008033096016444816,NO3(-1),0.008033096016444816,2.3,94.84151028829467
synthetic_study_0,68,96,goethite,FeOOH,U(+6),25.01716855581251,3.6901120978599833,Na(+1),0.31231836118592243,NO3(-1),0.31231836118592243,2.3,3.023754450884075
synthetic_study_3,128,97,goethite,FeOOH,U(+6),24.82755653218972,10.28103051058364,Na(+1),0.027349700734082244,NO3(-1),0.027349700734082244,2.3,107.87460407860453
synthetic_study_3,7,98,goethite,FeOOH,U(+6),24.850168149756026,9.619484445764165,Na(+1),1.7503343633687247,NO3(-1),1.7503343633687247,2.3,102.16888515188224
synthetic_study_3,58,99,goethite,FeOOH,U(+6),25.158113052740614,9.078990620344563,Na(+1),0.025989597503017547,NO3(-1),0.025989597503017547,2.3,103.01979474852087
synthetic_study_2,51,100,goethite,FeOOH,U(+6),24.359094904878454,6.339903390462657,Na(+1),0.5790925147868575,NO3(-1),0.5790925147868575,2.3,66.12677546924087
synthetic_study_2,147,101,goethite,FeOOH,U(+6),24.76015504038642,4.358983357114431,Na(+1),0.0011168308027214471,NO3(-1),0.0011168308027214471,2.3,23.44706237504701
synthetic_study_0,5,102,goethite,FeOOH,U(+6),25.002566561383357,8.915044629746463,Na(+1),0.23449315764324694,NO3(-1),0.23449315764324694,2.3,104.03877268782178
synthetic_study_1,20,103,goethite,FeOOH,U(+6),25.102714136555072,9.888241278267756,Na(+1),0.020652796281327646,NO3(-1),0.020652796281327646,2.3,102.55755849799894
synthetic_study_1,77,104,goethite,FeOOH,U(+6),24.882837553633458,4.629042178338341,Na(+1),0.04433336703231691,NO3(-1),0.04433336703231691,2.3,18.103333139965876
synthetic_study_1,100,105,goethite,FeOOH,U(+6),25.04086721305343,6.811475260977495,Na(+1),0.004530281003643755,NO3(-1),0.004530281003643755,2.3,91.95668152400295
synthetic_study_1,7,106,goethite,FeOOH,U(+6),24.895160590148077,6.042022631796252,Na(+1),1.1678525014451506,NO3(-1),1.1678525014451506,2.3,43.77724003992479
synthetic_study_1,34,107,goethite,FeOOH,U(+6),24.441785930196954,9.94813852784924,Na(+1),0.004558569119118373,NO3(-1),0.004558569119118373,2.3,100.58822685023625
synthetic_study_0,4,108,goethite,FeOOH,U(+6),25.28214125435867,2.824085689507477,Na(+1),0.07132407096581594,NO3(-1),0.07132407096581594,2.3,0.0
synthetic_study_1,106,109,goethite,FeOOH,U(+6),25.08039879877156,8.356049565252487,Na(+1),0.0935923943374506,NO3(-1),0.0935923943374506,2.3,98.40269414183746
synthetic_study_1,59,110,goethite,FeOOH,U(+6),24.71279289336442,7.414985975591973,Na(+1),0.6805551269571704,NO3(-1),0.6805551269571704,2.3,94.78240386680972
synthetic_study_0,70,111,goethite,FeOOH,U(+6),25.44249248609068,2.7269229209081685,Na(+1),0.03467365158968913,NO3(-1),0.03467365158968913,2.3,4.271786201237518
synthetic_study_3,104,112,goethite,FeOOH,U(+6),25.20324834777082,8.253758182613922,Na(+1),0.5478242184632254,NO3(-1),0.5478242184632254,2.3,100.90886561971948
synthetic_study_0,4,113,goethite,FeOOH,U(+6),24.812348661163814,2.627933836188576,Na(+1),0.05356223146716333,NO3(-1),0.05356223146716333,2.3,9.775270749678633
synthetic_study_3,70,114,goethite,FeOOH,U(+6),25.33197001915328,8.563608018851426,Na(+1),1.4318725917349526,NO3(-1),1.4318725917349526,2.3,103.15624907757051
synthetic_study_1,6,115,goethite,FeOOH,U(+6),25.161708349005245,6.602069786096624,Na(+1),0.23163589044377156,NO3(-1),0.23163589044377156,2.3,76.81792240488149
synthetic_study_1,84,116,goethite,FeOOH,U(+6),25.24866243171936,9.93283376637605,Na(+1),1.0231689713575411,NO3(-1),1.0231689713575411,2.3,96.5838309275411
synthetic_study_1,44,117,goethite,FeOOH,U(+6),24.819461874071198,3.028659973792598,Na(+1),1.2876260567949847,NO3(-1),1.2876260567949847,2.3,9.971153117346665
synthetic_study_3,76,118,goethite,FeOOH,U(+6),24.8330099538861,9.230538236899065,Na(+1),0.4440300025606817,NO3(-1),0.4440300025606817,2.3,96.97454778412138
synthetic_study_3,14,119,goethite,FeOOH,U(+6),24.753260754776107,3.0335200701368112,Na(+1),0.002534036719622248,NO3(-1),0.002534036719622248,2.3,2.9614917219249706
synthetic_study_1,19,120,goethite,FeOOH,U(+6),24.837682457488945,5.254479830433001,Na(+1),0.0025740345633035572,NO3(-1),0.0025740345633035572,2.3,63.638179895652655
synthetic_study_2,103,121,goethite,FeOOH,U(+6),24.306073491722906,5.942389855582666,Na(+1),0.10804328394662405,NO3(-1),0.10804328394662405,2.3,68.34560650343157
synthetic_study_0,134,122,goethite,FeOOH,U(+6),25.325129821667606,10.22849664627256,Na(+1),0.007852031860217424,NO3(-1),0.007852031860217424,2.3,99.75600830195839
synthetic_study_3,69,123,goethite,FeOOH,U(+6),24.64586554263365,6.997854737827656,Na(+1),0.018663911649606832,NO3(-1),0.018663911649606832,2.3,94.50120185385772
synthetic_study_0,26,124,goethite,FeOOH,U(+6),25.170913718287167,4.570916745367458,Na(+1),0.003746562508462117,NO3(-1),0.003746562508462117,2.3,21.018934364335433
synthetic_study_0,96,125,goethite,FeOOH,U(+6),24.610534208836096,4.43340571275476,Na(+1),0.32746620597732773,NO3(-1),0.32746620597732773,2.3,5.2482627266421975
synthetic_study_0,144,126,goethite,FeOOH,U(+6),25.035042044806367,9.604946565273439,Na(+1),0.6604537676728167,NO3(-1),0.6604537676728167,2.3,98.31813670702348
synthetic_study_0,99,127,goethite,FeOOH,U(+6),24.642294496405487,4.306955427338595,Na(+1),0.002743186086189328,NO3(-1),0.002743186086189328,2.3,20.936503369786564
synthetic_study_0,4,128,goethite,FeOOH,U(+6),24.994036305617605,3.496437646682268,Na(+1),0.05076393639912671,NO3(-1),0.05076393639912671,2.3,1.8819837709346021
synthetic_study_3,7,129,goethite,FeOOH,U(+6),24.520091127887618,4.806646056060621,Na(+1),0.02011604826624784,NO3(-1),0.02011604826624784,2.3,27.516628213544134
synthetic_study_1,89,130,goethite,FeOOH,U(+6),24.822423683418602,7.188984518501862,Na(+1),0.4046229847046879,NO3(-1),0.4046229847046879,2.3,98.89286953935895
synthetic_study_1,62,131,goethite,FeOOH,U(+6),25.197892222702308,6.932724017386143,Na(+1),0.03423533568514952,NO3(-1),0.03423533568514952,2.3,93.61171906075228
synthetic_study_1,28,132,goethite,FeOOH,U(+6),25.06416886843115,8.977686207302222,Na(+1),0.25802979787687924,NO3(-1),0.25802979787687924,2.3,100.74110651274927
synthetic_study_2,102,133,goethite,FeOOH,U(+6),25.051313771132968,6.983807616049487,Na(+1),0.07381468872995867,NO3(-1),0.07381468872995867,2.3,90.89442457973638
synthetic_study_1,5,134,goethite,FeOOH,U(+6),24.74246922168826,4.807369715449684,Na(+1),1.6912927074178778,NO3(-1),1.6912927074178778,2.3,10.021096383224238
synthetic_study_1,135,135,goethite,FeOOH,U(+6),24.34104033570138,5.803170741447142,Na(+1),0.02425432265169743,NO3(-1),0.02425432265169743,2.3,69.82063984288396
synthetic_study_0,2,136,goethite,FeOOH,U(+6),24.7320922744108,9.044967767767282,Na(+1),1.81682823216316,NO3(-1),1.81682823216316,2.3,95.31297271251104
synthetic_study_1,141,137,goethite,FeOOH,U(+6),24.846714774810945,7.512051699358028,Na(+1),0.023493478535733598,NO3(-1),0.023493478535733598,2.3,96.48095736104638
synthetic_study_0,122,138,goethite,FeOOH,U(+6),25.44377469574014,10.172621141579537,Na(+1),0.0040068819691034974,NO3(-1),0.0040068819691034974,2.3,95.59332146200134
synthetic_study_0,57,139,goethite,FeOOH,U(+6),25.170857171436737,5.455235288733447,Na(+1),0.38094958030468073,NO3(-1),0.38094958030468073,2.3,34.34508536135862
synthetic_study_1,21,140,goethite,FeOOH,U(+6),25.094938709934606,6.920892084170298,Na(+1),0.007882658422170917,NO3(-1),0.007882658422170917,2.3,94.53361567950023
synthetic_study_3,86,141,goethite,FeOOH,U(+6),24.82544098469384,7.251393612905346,Na(+1),0.07361911829075585,NO3(-1),0.07361911829075585,2.3,97.65400665858172
synthetic_study_2,124,142,goethite,FeOOH,U(+6),24.781222133886878,9.28632966620048,Na(+1),0.13547206900452255,NO3(-1),0.13547206900452255,2.3,104.53931520391548
synthetic_study_2,140,143,goethite,FeOOH,U(+6),25.19218652544797,3.663788305492254,Na(+1),0.004559686164161506,NO3(-1),0.004559686164161506,2.3,10.043657115791824
synthetic_study_0,17,144,goethite,FeOOH,U(+6),24.88838462562462,5.752082693985013,Na(+1),0.0012988018176371505,NO3(-1),0.0012988018176371505,2.3,84.57308732622364
synthetic_study_0,6,145,goethite,FeOOH,U(+6),24.89893166019472,9.779671693298376,Na(+1),1.808048323977236,NO3(-1),1.808048323977236,2.3,106.14099449628405
synthetic_study_0,147,146,goethite,FeOOH,U(+6),25.57535635068123,2.8445351085456334,Na(+1),0.49818135799859126,NO3(-1),0.49818135799859126,2.3,1.8779953403765859
synthetic_study_3,146,147,goethite,FeOOH,U(+6),24.70545419107743,9.081650241452015,Na(+1),0.0025599255877467256,NO3(-1),0.0025599255877467256,2.3,101.3638877577121
synthetic_study_3,50,148,goethite,FeOOH,U(+6),24.91551828717452,5.823072298969797,Na(+1),0.6284910816817691,NO3(-1),0.6284910816817691,2.3,37.83591638996811
synthetic_study_1,68,149,goethite,FeOOH,U(+6),24.925093013945315,9.138431882224822,Na(+1),0.007109346239824983,NO3(-1),0.007109346239824983,2.3,101.12840953265362
synthetic_study_2,34,150,goethite,FeOOH,U(+6),24.80460006575972,2.5796364864583357,Na(+1),0.006546959333129082,NO3(-1),0.006546959333129082,2.3,1.1609832225571202
synthetic_study_2,127,151,goethite,FeOOH,U(+6),24.5765300269448,5.420369262066165,Na(+1),0.35451446187920044,NO3(-1),0.35451446187920044,2.3,26.35328231958927
synthetic_study_1,71,152,goethite,FeOOH,U(+6),25.381705206173738,3.129040297325119,Na(+1),0.3157145816649969,NO3(-1),0.3157145816649969,2.3,0.0
synthetic_study_0,25,153,goethite,FeOOH,U(+6),24.576266112240408,7.7209166106931075,Na(+1),0.618955227176426,NO3(-1),0.618955227176426,2.3,99.04047975354061
synthetic_study_0,34,154,goethite,FeOOH,U(+6),24.727715683238664,4.690792788796458,Na(+1),0.0028245653426418036,NO3(-1),0.0028245653426418036,2.3,28.335584060700157
synthetic_study_1,140,155,goethite,FeOOH,U(+6),25.076879566805093,8.12121656527829,Na(+1),0.29311252605114835,NO3(-1),0.29311252605114835,2.3,103.08052109083737
synthetic_study_0,35,156,goethite,FeOOH,U(+6),24.626879289028984,10.050411415536725,Na(+1),0.035515569665987845,NO3(-1),0.035515569665987845,2.3,101.84899057227324
synthetic_study_1,116,157,goethite,FeOOH,U(+6),24.953260074499582,3.514536818089982,Na(+1),0.011896391467509204,NO3(-1),0.011896391467509204,2.3,3.7405413508447714
synthetic_study_0,87,158,goethite,FeOOH,U(+6),24.92302148375397,9.418226363206193,Na(+1),0.2649717023332324,NO3(-1),0.2649717023332324,2.3,99.19155773456373
synthetic_study_1,97,159,goethite,FeOOH,U(+6),24.928974986339224,2.9757132128027077,Na(+1),0.615137448839043,NO3(-1),0.615137448839043,2.3,4.046220716694274
synthetic_study_2,135,160,goethite,FeOOH,U(+6),24.9579799836338,5.5461640664871155,Na(+1),0.011590989167602801,NO3(-1),0.011590989167602801,2.3,53.48964743018063
synthetic_study_3,25,161,goethite,FeOOH,U(+6),24.577473793345025,5.938192489428613,Na(+1),0.003242486204285094,NO3(-1),0.003242486204285094,2.3,87.55925188927678
synthetic_study_3,149,162,goethite,FeOOH,U(+6),24.835149101441992,6.410796374667714,Na(+1),1.8730939904879627,NO3(-1),1.8730939904879627,2.3,59.5935288066546
synthetic_study_1,65,163,goethite,FeOOH,U(+6),25.38535387325394,10.311698575488357,Na(+1),1.0797593277407271,NO3(-1),1.0797593277407271,2.3,96.86174181088064
synthetic_study_0,10,164,goethite,FeOOH,U(+6),25.349183061883753,8.705529504814628,Na(+1),0.009046400157965059,NO3(-1),0.009046400157965059,2.3,104.55001444044554
synthetic_study_1,87,165,goethite,FeOOH,U(+6),24.825766455835975,4.970858901754088,Na(+1),0.4870428996822814,NO3(-1),0.4870428996822814,2.3,20.915979267710078
synthetic_study_0,69,166,goethite,FeOOH,U(+6),25.325468756704325,4.658694284006401,Na(+1),0.0019769133460175244,NO3(-1),0.0019769133460175244,2.3,39.41667126113487
synthetic_study_1,60,167,goethite,FeOOH,U(+6),24.718040442044565,9.404961633514542,Na(+1),1.026600554726517,NO3(-1),1.026600554726517,2.3,103.83973477102862
synthetic_study_2,31,168,goethite,FeOOH,U(+6),24.590812451603103,9.55045738190152,Na(+1),0.3600413457927807,NO3(-1),0.3600413457927807,2.3,101.29818855853944
synthetic_study_1,133,169,goethite,FeOOH,U(+6),24.394821063438417,6.585652044349162,Na(+1),0.004463219837616187,NO3(-1),0.004463219837616187,2.3,86.16500894220971
synthetic_study_2,7,170,goethite,FeOOH,U(+6),24.666100527567817,5.254365847698602,Na(+1),0.009457316318111019,NO3(-1),0.009457316318111019,2.3,46.56109636326635
synthetic_study_1,82,171,goethite,FeOOH,U(+6),25.13796329715876,10.459338785287343,Na(+1),0.0923274882807152,NO3(-1),0.0923274882807152,2.3,100.76140100033463
synthetic_study_3,29,172,goethite,FeOOH,U(+6),24.902335620907074,5.027548362941602,Na(+1),0.014927954131417624,NO3(-1),0.014927954131417624,2.3,36.38820314159019
synthetic_study_1,13,173,goethite,FeOOH,U(+6),25.49849023691111,3.9616990314124996,Na(+1),0.2688881063505723,NO3(-1),0.2688881063505723,2.3,0.0
synthetic_study_2,35,174,goethite,FeOOH,U(+6),25.251830914910325,9.540784970432558,Na(+1),0.09011507922171796,NO3(-1),0.09011507922171796,2.3,104.02914447197152
synthetic_study_0,131,175,goethite,FeOOH,U(+6),24.893735581295537,8.998683184890032,Na(+1),0.004821637470043653,NO3(-1),0.004821637470043653,2.3,106.75007349775117
synthetic_study_1,108,176,goethite,FeOOH,U(+6),24.93301583497601,7.84311524457081,Na(+1),0.10312438762176857,NO3(-1),0.10312438762176857,2.3,103.31667778157441
synthetic_study_0,46,177,goethite,FeOOH,U(+6),24.935226472481975,10.167309054223615,Na(+1),0.001112743282022198,NO3(-1),0.001112743282022198,2.3,95.91137193443033
synthetic_study_0,141,178,goethite,FeOOH,U(+6),25.299731770472206,9.905716617715349,Na(+1),0.002337587038435387,NO3(-1),0.002337587038435387,2.3,101.71178844408661
synthetic_study_2,25,179,goethite,FeOOH,U(+6),24.884743046421896,8.485988026414033,Na(+1),0.0034039705687473405,NO3(-1),0.0034039705687473405,2.3,91.11928623678853
synthetic_study_3,63,180,goethite,FeOOH,U(+6),24.99564935975109,9.385611276381422,Na(+1),0.014693878676380431,NO3(-1),0.014693878676380431,2.3,106.63857989757935
synthetic_study_1,96,181,goethite,FeOOH,U(+6),24.77936670985686,4.47717392257686,Na(+1),0.0010947176911054993,NO3(-1),0.0010947176911054993,2.3,23.008881876958483
synthetic_study_1,11,182,goethite,FeOOH,U(+6),25.389626274084847,3.629972455208253,Na(+1),1.1713719716062985,NO3(-1),1.1713719716062985,2.3,3.4581939235912365
synthetic_study_1,121,183,goethite,FeOOH,U(+6),24.895266927396687,7.860494794519488,Na(+1),0.006171341125898145,NO3(-1),0.006171341125898145,2.3,103.4251568781632
synthetic_study_1,47,184,goethite,FeOOH,U(+6),24.805961022954936,8.216948293238023,Na(+1),0.007818207928068319,NO3(-1),0.007818207928068319,2.3,104.44348793804905
synthetic_study_1,43,185,goethite,FeOOH,U(+6),24.5439577752102,3.8364234302581774,Na(+1),0.01736279648734369,NO3(-1),0.01736279648734369,2.3,8.42563089263784
synthetic_study_3,60,186,goethite,FeOOH,U(+6),25.289874240702154,5.664458184839008,Na(+1),1.2718554693095239,NO3(-1),1.2718554693095239,2.3,29.271942780992593
synthetic_study_0,73,187,goethite,FeOOH,U(+6),24.82248926855712,9.782046129728439,Na(+1),0.014487844840236349,NO3(-1),0.014487844840236349,2.3,99.53273585465558
synthetic_study_0,77,188,goethite,FeOOH,U(+6),24.97888352738913,6.991206140401784,Na(+1),0.026469054336171412,NO3(-1),0.026469054336171412,2.3,91.83101635670616
synthetic_study_0,145,189,goethite,FeOOH,U(+6),24.876865984094174,7.126687319410181,Na(+1),0.009662154980258865,NO3(-1),0.009662154980258865,2.3,96.96542295249259
synthetic_study_3,1,190,goethite,FeOOH,U(+6),24.944044513326837,4.053038183126349,Na(+1),1.6657453733231602,NO3(-1),1.6657453733231602,2.3,7.262116250120769
synthetic_study_1,66,191,goethite,FeOOH,U(+6),24.405235568202034,6.708177988943001,Na(+1),0.015996642608731935,NO3(-1),0.015996642608731935,2.3,92.92128296458725
synthetic_study_1,97,192,goethite,FeOOH,U(+6),24.764626248323907,6.687477819159359,Na(+1),0.00188657245524385,NO3(-1),0.00188657245524385,2.3,102.3924503703146
synthetic_study_3,55,193,goethite,FeOOH,U(+6),24.67491656768249,3.211485121970176,Na(+1),0.14836856661144804,NO3(-1),0.14836856661144804,2.3,4.174720707539352
synthetic_study_1,47,194,goethite,FeOOH,U(+6),25.65351861406107,10.35554154501365,Na(+1),0.23163076332165397,NO3(-1),0.23163076332165397,2.3,98.39617636518798
synthetic_study_0,82,195,goethite,FeOOH,U(+6),25.40405977883415,7.071164803646195,Na(+1),0.01691980602604364,NO3(-1),0.01691980602604364,2.3,100.88777623463056
synthetic_study_0,80,196,goethite,FeOOH,U(+6),25.13142303216074,2.5512710613144813,Na(+1),0.004983919430892187,NO3(-1),0.004983919430892187,2.3,0.0
synthetic_study_3,106,197,goethite,FeOOH,U(+6),25.74602912825658,8.68119360980311,Na(+1),0.0224145378516556,NO3(-1),0.0224145378516556,2.3,100.69142508138107
synthetic_study_1,76,198,goethite,FeOOH,U(+6),25.38319670768932,10.326125710721165,Na(+1),0.02811415887239437,NO3(-1),0.02811415887239437,2.3,100.69321873718009
synthetic_study_2,96,199,goethite,FeOOH,U(+6),24.596582973061928,7.218960226567604,Na(+1),1.9252598374851824,NO3(-1),1.9252598374851824,2.3,77.42246866243231
synthetic_study_0,24,200,goethite,FeOOH,U(+6),24.61443258619348,5.05745309026132,Na(+1),0.6805132323465802,NO3(-1),0.6805132323465802,2.3,19.749925194752645
synthetic_study_3,4,201,goethite,FeOOH,U(+6),25.080359494465096,4.000061725822279,Na(+1),0.11194362461397034,NO3(-1),0.11194362461397034,2.3,7.0075808548496425
synthetic_study_0,27,202,goethite,FeOOH,U(+6),24.97918764452397,7.880213071334954,Na(+1),0.004364447040128305,NO3(-1),0.004364447040128305,2.3,98.07372524317958
synthetic_study_3,140,203,goethite,FeOOH,U(+6),25.063443192593496,4.06085918765444,Na(+1),0.18625928032654054,NO3(-1),0.18625928032654054,2.3,5.134197485888527
synthetic_study_2,125,204,goethite,FeOOH,U(+6),24.752520651504156,7.121503140142874,Na(+1),0.31966619196725543,NO3(-1),0.31966619196725543,2.3,84.50470198211048
synthetic_study_0,68,205,goethite,FeOOH,U(+6),25.553651260564422,7.317913411037006,Na(+1),0.001773302546362311,NO3(-1),0.001773302546362311,2.3,98.14471841045057
synthetic_study_2,128,206,goethite,FeOOH,U(+6),24.894665956940326,10.199384744995047,Na(+1),0.017877447243872836,NO3(-1),0.017877447243872836,2.3,105.97878020780567
synthetic_study_3,105,207,goethite,FeOOH,U(+6),25.336069104424542,3.078122124239014,Na(+1),0.011983887734868718,NO3(-1),0.011983887734868718,2.3,1.590953111694747
synthetic_study_1,58,208,goethite,FeOOH,U(+6),25.43781747089853,6.499782589268948,Na(+1),0.07628222720564856,NO3(-1),0.07628222720564856,2.3,79.44251236760157
synthetic_study_3,89,209,goethite,FeOOH,U(+6),24.824429380918723,8.452779834261186,Na(+1),0.14291427833356998,NO3(-1),0.14291427833356998,2.3,96.55484693789305
synthetic_study_2,14,210,goethite,FeOOH,U(+6),25.172914337485135,3.9178139237972704,Na(+1),0.003968073442956164,NO3(-1),0.003968073442956164,2.3,19.27821402141165
synthetic_study_1,24,211,goethite,FeOOH,U(+6),25.477893523625575,5.604533854276154,Na(+1),0.03547122108522362,NO3(-1),0.03547122108522362,2.3,49.23537816296635
synthetic_study_0,11,212,goethite,FeOOH,U(+6),25.43747360352856,3.0031639876397707,Na(+1),1.8799834478316382,NO3(-1),1.8799834478316382,2.3,3.9537361027002076
synthetic_study_1,149,213,goethite,FeOOH,U(+6),25.225530663261548,8.307046910206214,Na(+1),0.0011280119731785928,NO3(-1),0.0011280119731785928,2.3,100.06398358959524
synthetic_study_1,1,214,goethite,FeOOH,U(+6),25.131911603336217,3.202143094075894,Na(+1),0.01676018928155025,NO3(-1),0.01676018928155025,2.3,10.273619635110071
synthetic_study_0,118,215,goethite,FeOOH,U(+6),25.023655134598947,5.660733666863741,Na(+1),0.012683266874066264,NO3(-1),0.012683266874066264,2.3,68.44967034801985
synthetic_study_3,126,216,goethite,FeOOH,U(+6),25.380630073204678,9.488181048965856,Na(+1),0.02179836729768968,NO3(-1),0.02179836729768968,2.3,99.53355628607643
synthetic_study_0,100,217,goethite,FeOOH,U(+6),25.17491818695337,6.278402694000092,Na(+1),0.7384808897797214,NO3(-1),0.7384808897797214,2.3,57.03412851126093
synthetic_study_3,86,218,goethite,FeOOH,U(+6),25.037287381787063,9.800975469127085,Na(+1),0.02795159701718017,NO3(-1),0.02795159701718017,2.3,105.64696708433348
synthetic_study_2,40,219,goethite,FeOOH,U(+6),24.858187897145683,8.627336941910979,Na(+1),0.8206489250047838,NO3(-1),0.8206489250047838,2.3,104.65355471106795
synthetic_study_3,73,220,goethite,FeOOH,U(+6),24.59420286727871,9.822591680894128,Na(+1),0.0793015145819393,NO3(-1),0.0793015145819393,2.3,95.49046900891236
synthetic_study_0,28,221,goethite,FeOOH,U(+6),24.947942894199823,3.5192240723912507,Na(+1),0.025190593124244275,NO3(-1),0.025190593124244275,2.3,6.889928217692985
synthetic_study_0,16,222,goethite,FeOOH,U(+6),25.559337212979848,3.0885032426450563,Na(+1),0.006801429320179528,NO3(-1),0.006801429320179528,2.3,0.0
synthetic_study_3,13,223,goethite,FeOOH,U(+6),24.85491638071683,3.0626100285537445,Na(+1),0.5223068511546557,NO3(-1),0.5223068511546557,2.3,0.0
synthetic_study_2,141,224,goethite,FeOOH,U(+6),24.80763315397738,9.450834354778554,Na(+1),0.13361699777389532,NO3(-1),0.13361699777389532,2.3,93.37223456011867
synthetic_study_0,83,225,goethite,FeOOH,U(+6),24.92780137484604,7.572559834779546,Na(+1),0.005015867211645306,NO3(-1),0.005015867211645306,2.3,101.86536651313926
synthetic_study_0,104,226,goethite,FeOOH,U(+6),24.936139366259578,6.472573550390824,Na(+1),0.002686783226827481,NO3(-1),0.002686783226827481,2.3,91.8659609669106
synthetic_study_3,31,227,goethite,FeOOH,U(+6),24.83224750872895,3.808347329571842,Na(+1),0.002593721754014107,NO3(-1),0.002593721754014107,2.3,12.465352947770524
synthetic_study_0,10,228,goethite,FeOOH,U(+6),25.192971284997473,7.889867501818189,Na(+1),0.9998560467617592,NO3(-1),0.9998560467617592,2.3,101.70004544042963
synthetic_study_1,63,229,goethite,FeOOH,U(+6),25.09773796929529,5.044139102766384,Na(+1),0.021438385402732945,NO3(-1),0.021438385402732945,2.3,37.66105456010456
synthetic_study_0,67,230,goethite,FeOOH,U(+6),25.354861248728202,8.187038906127558,Na(+1),0.5093493090874244,NO3(-1),0.5093493090874244,2.3,100.18404890744179
synthetic_study_1,114,231,goethite,FeOOH,U(+6),25.180453111151028,6.182842630938598,Na(+1),0.9009380021063973,NO3(-1),0.9009380021063973,2.3,61.20139351962453
synthetic_study_2,106,232,goethite,FeOOH,U(+6),25.05594531107972,6.559758884356217,Na(+1),0.005583404056061305,NO3(-1),0.005583404056061305,2.3,86.18293542292903
synthetic_study_2,90,233,goethite,FeOOH,U(+6),24.369080121273168,8.817325859678963,Na(+1),0.0012808219285319713,NO3(-1),0.0012808219285319713,2.3,99.69339335578293
synthetic_study_2,69,234,goethite,FeOOH,U(+6),25.059144198644915,3.241963804187046,Na(+1),0.0039364893933796765,NO3(-1),0.0039364893933796765,2.3,0.0
synthetic_study_1,47,235,goethite,FeOOH,U(+6),24.804061071230787,7.13006802658802,Na(+1),0.3554919155900347,NO3(-1),0.3554919155900347,2.3,85.9247497348423
synthetic_study_0,13,236,goethite,FeOOH,U(+6),25.3233183573661,4.077879578366948,Na(+1),0.0011242515142756528,NO3(-1),0.0011242515142756528,2.3,18.12712413408882
synthetic_study_0,13,237,goethite,FeOOH,U(+6),25.022031976088094,8.965094014508544,Na(+1),0.07271697398926098,NO3(-1),0.07271697398926098,2.3,103.88127458543153
synthetic_study_2,143,238,goethite,FeOOH,U(+6),24.771214650079788,6.410768289034079,Na(+1),0.004277404543814433,NO3(-1),0.004277404543814433,2.3,96.9925371758057
synthetic_study_0,46,239,goethite,FeOOH,U(+6),24.837027824799602,10.409562666942557,Na(+1),0.33882874864095514,NO3(-1),0.33882874864095514,2.3,95.61036596235562
synthetic_study_1,56,240,goethite,FeOOH,U(+6),24.639553892229593,3.9635465974057498,Na(+1),0.03818913294986892,NO3(-1),0.03818913294986892,2.3,7.823336308597174
synthetic_study_3,29,241,goethite,FeOOH,U(+6),24.835735860916106,10.204153120994139,Na(+1),0.06485803682359816,NO3(-1),0.06485803682359816,2.3,99.67109345334755
synthetic_study_0,3,242,goethite,FeOOH,U(+6),25.0945560469206,8.907336292868873,Na(+1),0.00929495406307522,NO3(-1),0.00929495406307522,2.3,101.86914972637967
synthetic_study_3,81,243,goethite,FeOOH,U(+6),25.353647070147044,6.350083972602149,Na(+1),0.03211508399367679,NO3(-1),0.03211508399367679,2.3,83.39955749062682
synthetic_study_3,22,244,goethite,FeOOH,U(+6),25.15595678684083,9.008272513437085,Na(+1),0.001415310047234344,NO3(-1),0.001415310047234344,2.3,101.32373598973362
synthetic_study_0,63,245,goethite,FeOOH,U(+6),25.24290874357817,7.322791241928931,Na(+1),0.4692614036498531,NO3(-1),0.4692614036498531,2.3,87.78597088656956
synthetic_study_2,10,246,goethite,FeOOH,U(+6),25.267331606162312,7.740968511931042,Na(+1),0.9879761190802165,NO3(-1),0.9879761190802165,2.3,96.38642575586582
synthetic_study_3,53,247,goethite,FeOOH,U(+6),24.902912042524363,9.809526101659111,Na(+1),0.30460485074520194,NO3(-1),0.30460485074520194,2.3,103.44011880740892
synthetic_study_3,148,248,goethite,FeOOH,U(+6),25.43594375893539,3.022163331290331,Na(+1),0.0432069389317242,NO3(-1),0.0432069389317242,2.3,0.0
synthetic_study_2,57,249,goethite,FeOOH,U(+6),24.59448796611708,9.179905631667204,Na(+1),0.6088192183333901,NO3(-1),0.6088192183333901,2.3,107.47432854572087
synthetic_study_3,93,250,goethite,FeOOH,U(+6),25.03701473056651,5.55451823972991,Na(+1),0.0010294586097675154,NO3(-1),0.0010294586097675154,2.3,72.16964990492362
synthetic_study_3,61,251,goethite,FeOOH,U(+6),24.84227342031118,5.104364928805635,Na(+1),0.1576374652863477,NO3(-1),0.1576374652863477,2.3,23.87598370173132
synthetic_study_2,55,252,goethite,FeOOH,U(+6),24.410366368180313,10.452214169679873,Na(+1),0.34070109324721315,NO3(-1),0.34070109324721315,2.3,101.13994246412216
synthetic_study_1,63,253,goethite,FeOOH,U(+6),25.497698398829172,8.749524016611026,Na(+1),0.011966456949547186,NO3(-1),0.011966456949547186,2.3,98.63739770462412
synthetic_study_2,97,254,goethite,FeOOH,U(+6),24.400692565864187,6.384281110236702,Na(+1),0.6709444736709195,NO3(-1),0.6709444736709195,2.3,62.265172952097686
synthetic_study_0,49,255,goethite,FeOOH,U(+6),25.206805073519586,5.88102717139825,Na(+1),0.0010014447757510662,NO3(-1),0.0010014447757510662,2.3,82.4061808330072
synthetic_study_1,31,256,goethite,FeOOH,U(+6),25.537952513013774,9.520231246974369,Na(+1),0.12189803301077147,NO3(-1),0.12189803301077147,2.3,106.21696619581166
synthetic_study_2,113,257,goethite,FeOOH,U(+6),24.939062975095396,3.194518977719153,Na(+1),0.00984870518349521,NO3(-1),0.00984870518349521,2.3,10.926386621007277
synthetic_study_1,141,258,goethite,FeOOH,U(+6),24.96538850408039,8.167350055310928,Na(+1),0.11870585717535642,NO3(-1),0.11870585717535642,2.3,96.1831268372768
synthetic_study_3,79,259,goethite,FeOOH,U(+6),24.4303650617879,8.813236989641169,Na(+1),0.006752795168249622,NO3(-1),0.006752795168249622,2.3,103.36244920880799
synthetic_study_2,94,260,goethite,FeOOH,U(+6),24.925057899863276,8.893571037728918,Na(+1),0.004923495794413667,NO3(-1),0.004923495794413667,2.3,100.3211789446144
synthetic_study_2,1,261,goethite,FeOOH,U(+6),25.435275502647688,5.078293797918654,Na(+1),0.11650089893892965,NO3(-1),0.11650089893892965,2.3,28.196431058113063
synthetic_study_1,133,262,goethite,FeOOH,U(+6),24.843364165969962,8.873113461968437,Na(+1),0.043640016692247915,NO3(-1),0.043640016692247915,2.3,104.69436547700512
synthetic_study_0,61,263,goethite,FeOOH,U(+6),24.707680308928865,4.302627535005321,Na(+1),0.004149791448680789,NO3(-1),0.004149791448680789,2.3,22.571038442905806
synthetic_study_3,24,264,goethite,FeOOH,U(+6),24.305275012012313,5.398463603876553,Na(+1),0.8401895366246847,NO3(-1),0.8401895366246847,2.3,28.336197549638143
synthetic_study_2,33,265,goethite,FeOOH,U(+6),25.385703577581577,5.839584897635039,Na(+1),0.8163492245650935,NO3(-1),0.8163492245650935,2.3,40.907086209594404
synthetic_study_0,117,266,goethite,FeOOH,U(+6),25.123536520311756,6.831279869041317,Na(+1),0.06509921274330638,NO3(-1),0.06509921274330638,2.3,84.37424286722589
synthetic_study_0,89,267,goethite,FeOOH,U(+6),24.909394132910034,3.4009093243244575,Na(+1),0.2138537601967984,NO3(-1),0.2138537601967984,2.3,1.649678443398351
synthetic_study_0,113,268,goethite,FeOOH,U(+6),25.31283515912051,5.755582405114449,Na(+1),0.030872814657568647,NO3(-1),0.030872814657568647,2.3,62.920788274247656
synthetic_study_2,125,269,goethite,FeOOH,U(+6),24.840795587591593,2.5024055208553833,Na(+1),0.4413296465882164,NO3(-1),0.4413296465882164,2.3,2.3730867865056204
synthetic_study_1,11,270,goethite,FeOOH,U(+6),24.8997944378361,8.455045810779193,Na(+1),0.5645801603365314,NO3(-1),0.5645801603365314,2.3,101.70277048121405
synthetic_study_2,111,271,goethite,FeOOH,U(+6),25.63720626949989,9.315007297874056,Na(+1),0.33245051314908103,NO3(-1),0.33245051314908103,2.3,103.61770163650192
synthetic_study_1,30,272,goethite,FeOOH,U(+6),24.731120297374158,3.6114534329615804,Na(+1),0.006344408957601507,NO3(-1),0.006344408957601507,2.3,0.0
synthetic_study_1,18,273,goethite,FeOOH,U(+6),25.08709971269842,8.130286154134382,Na(+1),0.0012045141844617936,NO3(-1),0.0012045141844617936,2.3,103.09347857996528
synthetic_study_0,125,274,goethite,FeOOH,U(+6),25.067057046734462,9.068824707157109,Na(+1),0.14867404529066977,NO3(-1),0.14867404529066977,2.3,95.44089210157328
synthetic_study_0,75,275,goethite,FeOOH,U(+6),25.029232612292997,10.354626582974351,Na(+1),0.022758854104743365,NO3(-1),0.022758854104743365,2.3,104.42925327289905
synthetic_study_2,88,276,goethite,FeOOH,U(+6),25.001882125142462,9.250324498949814,Na(+1),0.8934305298461498,NO3(-1),0.8934305298461498,2.3,100.91697290756636
synthetic_study_0,69,277,goethite,FeOOH,U(+6),24.608001788629775,5.892851883552103,Na(+1),0.6878549087741344,NO3(-1),0.6878549087741344,2.3,50.42879671296998
synthetic_study_2,1,278,goethite,FeOOH,U(+6),24.95874972573175,10.337509668077253,Na(+1),0.057727388376208895,NO3(-1),0.057727388376208895,2.3,97.8011034346269
synthetic_study_2,65,279,goethite,FeOOH,U(+6),24.92725871070619,10.291875238818841,Na(+1),0.01760214917196846,NO3(-1),0.01760214917196846,2.3,101.10249602924614
synthetic_study_3,129,280,goethite,FeOOH,U(+6),24.79932266745475,6.529415833604632,Na(+1),0.22535411100022654,NO3(-1),0.22535411100022654,2.3,70.43126179286597
synthetic_study_2,55,281,goethite,FeOOH,U(+6),24.74993800935261,8.527572308671242,Na(+1),0.2192401018677894,NO3(-1),0.2192401018677894,2.3,103.3829289572699
synthetic_study_1,1,282,goethite,FeOOH,U(+6),24.69948332221077,9.810701341385304,Na(+1),0.1784569833456252,NO3(-1),0.1784569833456252,2.3,98.56402448550219
synthetic_study_2,103,283,goethite,FeOOH,U(+6),24.75717193518052,6.309176575750024,Na(+1),0.6025587249200951,NO3(-1),0.6025587249200951,2.3,55.20098994415699
synthetic_study_1,110,284,goethite,FeOOH,U(+6),25.12272878981261,9.41028992877668,Na(+1),0.08038061622328092,NO3(-1),0.08038061622328092,2.3,104.06670718659635
synthetic_study_0,18,285,goethite,FeOOH,U(+6),25.01093687290961,8.112548528494983,Na(+1),0.05045956281860483,NO3(-1),0.05045956281860483,2.3,105.33839928622922
synthetic_study_3,144,286,goethite,FeOOH,U(+6),25.496649247897004,4.851394047796461,Na(+1),0.0507921785684641,NO3(-1),0.0507921785684641,2.3,20.37327059055925
synthetic_study_2,7,287,goethite,FeOOH,U(+6),25.18099986720627,8.641218159867789,Na(+1),0.8582941875748265,NO3(-1),0.8582941875748265,2.3,103.68585312273557
synthetic_study_1,10,288,goethite,FeOOH,U(+6),24.821482435121126,7.065478286875993,Na(+1),0.016228513469571618,NO3(-1),0.016228513469571618,2.3,91.37462941366495
synthetic_study_0,96,289,goethite,FeOOH,U(+6),24.838265306807095,3.25076122746645,Na(+1),0.6002364119759115,NO3(-1),0.6002364119759115,2.3,0.0
synthetic_study_1,57,290,goethite,FeOOH,U(+6),24.948108455917325,5.6310434104373135,Na(+1),0.04635916023409845,NO3(-1),0.04635916023409845,2.3,52.63840366517888
synthetic_study_2,30,291,goethite,FeOOH,U(+6),24.894993661572556,3.0899281071824474,Na(+1),0.0019125752769631836,NO3(-1),0.0019125752769631836,2.3,4.985843086691535
synthetic_study_2,23,292,goethite,FeOOH,U(+6),25.001108211044656,6.309335705735965,Na(+1),0.03031381236661088,NO3(-1),0.03031381236661088,2.3,80.7727256824114
synthetic_study_2,53,293,goethite,FeOOH,U(+6),25.582358992113527,5.92831686514339,Na(+1),0.009140040333983003,NO3(-1),0.009140040333983003,2.3,74.87360876667617
synthetic_study_2,130,294,goethite,FeOOH,U(+6),24.954406382457183,5.889899543763579,Na(+1),0.05521036869767713,NO3(-1),0.05521036869767713,2.3,64.60668672151044
synthetic_study_1,138,295,goethite,FeOOH,U(+6),25.03959909695233,7.190402828726275,Na(+1),0.6545193985094316,NO3(-1),0.6545193985094316,2.3,89.8725076904853
synthetic_study_0,74,296,goethite,FeOOH,U(+6),24.642508952161894,3.4815252814085875,Na(+1),0.003910238431454062,NO3(-1),0.003910238431454062,2.3,4.906699201192421
synthetic_study_0,21,297,goethite,FeOOH,U(+6),24.54983601755477,9.970151279654742,Na(+1),0.0370033684567155,NO3(-1),0.0370033684567155,2.3,97.53648662755367
synthetic_study_0,105,298,goethite,FeOOH,U(+6),24.959307520442756,7.972403584600264,Na(+1),0.08360984738890119,NO3(-1),0.08360984738890119,2.3,96.98368586941463
synthetic_study_2,127,299,goethite,FeOOH,U(+6),24.874814246121765,9.090250867142174,Na(+1),0.34706197027869384,NO3(-1),0.34706197027869384,2.3,98.15189383201998
synthetic_study_2,112,300,goethite,FeOOH,U(+6),25.060511265652636,9.674409858110078,Na(+1),1.2741600269967306,NO3(-1),1.2741600269967306,2.3,98.55602472188
synthetic_study_0,60,301,goethite,FeOOH,U(+6),25.407096405034682,7.1665603753878075,Na(+1),0.065615434354864,NO3(-1),0.065615434354864,2.3,88.89215175492517
synthetic_study_1,100,302,goethite,FeOOH,U(+6),24.846860660848314,2.8217457672368056,Na(+1),1.0998652029467735,NO3(-1),1.0998652029467735,2.3,0.0
synthetic_study_0,28,303,goethite,FeOOH,U(+6),24.79462347977825,8.191894592942063,Na(+1),0.01290162979021719,NO3(-1),0.01290162979021719,2.3,99.47563604664214
synthetic_study_1,144,304,goethite,FeOOH,U(+6),25.29354944872957,7.052206834106865,Na(+1),0.3328551228067132,NO3(-1),0.3328551228067132,2.3,89.65300357814887
synthetic_study_2,147,305,goethite,FeOOH,U(+6),24.86929617634956,9.107657777363194,Na(+1),0.3313553694018898,NO3(-1),0.3313553694018898,2.3,99.32001723614131
synthetic_study_0,43,306,goethite,FeOOH,U(+6),25.017254492444426,6.757283787794753,Na(+1),0.06595088633523193,NO3(-1),0.06595088633523193,2.3,86.8201356267867
synthetic_study_2,91,307,goethite,FeOOH,U(+6),24.968296147293643,9.00595276291354,Na(+1),0.0037454393748287376,NO3(-1),0.0037454393748287376,2.3,101.97606939908282
synthetic_study_0,103,308,goethite,FeOOH,U(+6),25.563755457359594,10.476082344579934,Na(+1),0.01881369831568374,NO3(-1),0.01881369831568374,2.3,103.2368431457786
synthetic_study_0,33,309,goethite,FeOOH,U(+6),24.495059136741485,5.304438490943105,Na(+1),0.009116022536987014,NO3(-1),0.009116022536987014,2.3,53.49136690197654
synthetic_study_3,143,310,goethite,FeOOH,U(+6),24.753728279571696,3.868171520165393,Na(+1),1.5513130417243939,NO3(-1),1.5513130417243939,2.3,0.0
synthetic_study_1,114,311,goethite,FeOOH,U(+6),25.195237779768274,5.633398395631223,Na(+1),0.13404608095099269,NO3(-1),0.13404608095099269,2.3,45.633058978240875
synthetic_study_3,117,312,goethite,FeOOH,U(+6),25.348028828777878,8.524399918925411,Na(+1),0.9995968095768409,NO3(-1),0.9995968095768409,2.3,101.35599895796535
synthetic_study_0,55,313,goethite,FeOOH,U(+6),24.691279443402223,6.013831454866452,Na(+1),0.00949133363517706,NO3(-1),0.00949133363517706,2.3,78.96641378169707
synthetic_study_3,6,314,goethite,FeOOH,U(+6),25.353652293907885,7.2070408754337185,Na(+1),0.026031679782142103,NO3(-1),0.026031679782142103,2.3,97.6791252018509
synthetic_study_3,79,315,goethite,FeOOH,U(+6),24.858689300866608,3.5188677753733684,Na(+1),0.07452958016611126,NO3(-1),0.07452958016611126,2.3,4.253586363021093
synthetic_study_0,38,316,goethite,FeOOH,U(+6),24.78212157996752,8.308988087471842,Na(+1),0.014811635133219399,NO3(-1),0.014811635133219399,2.3,95.857956807274
synthetic_study_0,53,317,goethite,FeOOH,U(+6),24.81096248651086,4.740659214931996,Na(+1),0.03209584171829703,NO3(-1),0.03209584171829703,2.3,27.54932825097488
synthetic_study_3,129,318,goethite,FeOOH,U(+6),25.106149110411298,4.024940483232146,Na(+1),0.09499774333249374,NO3(-1),0.09499774333249374,2.3,0.885989020813887
synthetic_study_1,24,319,goethite,FeOOH,U(+6),25.14538188167794,9.403599988665556,Na(+1),0.0012397774001643015,NO3(-1),0.0012397774001643015,2.3,103.8799716823757
synthetic_study_0,37,320,goethite,FeOOH,U(+6),24.737566138921338,7.015302568964753,Na(+1),0.013224425402941428,NO3(-1),0.013224425402941428,2.3,94.13707890900605
synthetic_study_0,124,321,goethite,FeOOH,U(+6),25.061789148355384,6.375991538770003,Na(+1),0.0010016860118009189,NO3(-1),0.0010016860118009189,2.3,85.6090174279163
synthetic_study_0,104,322,goethite,FeOOH,U(+6),24.885372519217338,9.690590121987876,Na(+1),0.0391177757427494,NO3(-1),0.0391177757427494,2.3,98.32168433990152
synthetic_study_1,105,323,goethite,FeOOH,U(+6),24.642166786989275,3.188099488488021,Na(+1),0.10148507914898179,NO3(-1),0.10148507914898179,2.3,6.434225034903018
synthetic_study_3,84,324,goethite,FeOOH,U(+6),25.50753590477128,8.069235602727142,Na(+1),0.0020270689355606523,NO3(-1),0.0020270689355606523,2.3,96.99009106256803
synthetic_study_3,39,325,goethite,FeOOH,U(+6),24.70974425459893,5.12385831811682,Na(+1),0.006293779551653645,NO3(-1),0.006293779551653645,2.3,40.76226836160792
synthetic_study_0,142,326,goethite,FeOOH,U(+6),25.030762149140493,3.9032779998806486,Na(+1),0.4499590689761845,NO3(-1),0.4499590689761845,2.3,2.428741231185202
synthetic_study_2,79,327,goethite,FeOOH,U(+6),24.65054091340863,7.898389199738231,Na(+1),0.592828600319246,NO3(-1),0.592828600319246,2.3,93.15834812165355
synthetic_study_3,14,328,goethite,FeOOH,U(+6),24.87058185759617,5.402575606903489,Na(+1),0.0190335474487169,NO3(-1),0.0190335474487169,2.3,45.19525314607213
synthetic_study_1,1,329,goethite,FeOOH,U(+6),25.027261582266227,5.139166659951487,Na(+1),0.48633811904995644,NO3(-1),0.48633811904995644,2.3,23.98378365989759
synthetic_study_2,33,330,goethite,FeOOH,U(+6),25.04841864834413,10.049422121833501,Na(+1),0.008214153890378238,NO3(-1),0.008214153890378238,2.3,103.15797893225795
synthetic_study_0,126,331,goethite,FeOOH,U(+6),24.692873018785765,4.094386725435889,Na(+1),0.21387357731425294,NO3(-1),0.21387357731425294,2.3,3.605553819110016
synthetic_study_3,49,332,goethite,FeOOH,U(+6),24.96403807782361,6.59738926270188,Na(+1),0.06309673081868969,NO3(-1),0.06309673081868969,2.3,86.59099774843283
synthetic_study_2,33,333,goethite,FeOOH,U(+6),25.104983817743115,2.692105605370794,Na(+1),0.02833524423458406,NO3(-1),0.02833524423458406,2.3,0.0
synthetic_study_2,4,334,goethite,FeOOH,U(+6),25.445253324294317,3.8069447290956493,Na(+1),0.1466423836399107,NO3(-1),0.1466423836399107,2.3,3.6370486662785853
synthetic_study_2,46,335,goethite,FeOOH,U(+6),25.239445696756693,9.567349869068495,Na(+1),0.0011071060932314148,NO3(-1),0.0011071060932314148,2.3,100.44696058254158
synthetic_study_1,87,336,goethite,FeOOH,U(+6),25.321864610886696,8.81398038602141,Na(+1),0.0034360807458256298,NO3(-1),0.0034360807458256298,2.3,105.75535498516217
synthetic_study_2,133,337,goethite,FeOOH,U(+6),25.189907270090806,6.954683920431922,Na(+1),0.009324325644173796,NO3(-1),0.009324325644173796,2.3,96.16414363034656
synthetic_study_3,135,338,goethite,FeOOH,U(+6),24.799865621664765,4.279627167930882,Na(+1),0.1761394403984493,NO3(-1),0.1761394403984493,2.3,4.114466211964816
synthetic_study_0,29,339,goethite,FeOOH,U(+6),24.90148979065617,6.961980660970451,Na(+1),0.21408021590906634,NO3(-1),0.21408021590906634,2.3,90.07775507939554
synthetic_study_1,92,340,goethite,FeOOH,U(+6),25.271959126976054,2.5971722089089004,Na(+1),0.176404930646845,NO3(-1),0.176404930646845,2.3,0.0
synthetic_study_0,101,341,goethite,FeOOH,U(+6),24.793772163435836,8.203949047503365,Na(+1),0.3413001283971839,NO3(-1),0.3413001283971839,2.3,96.23726286151322
synthetic_study_2,15,342,goethite,FeOOH,U(+6),24.663595032545192,8.234005444509826,Na(+1),0.0018302910301874994,NO3(-1),0.0018302910301874994,2.3,96.15416107868849
synthetic_study_1,8,343,goethite,FeOOH,U(+6),24.986866770211616,7.668360188530839,Na(+1),0.0022358022958255145,NO3(-1),0.0022358022958255145,2.3,98.59115997642898
synthetic_study_0,77,344,goethite,FeOOH,U(+6),24.454601390934585,7.39070947420161,Na(+1),0.6647507390890014,NO3(-1),0.6647507390890014,2.3,91.60317442178462
synthetic_study_1,85,345,goethite,FeOOH,U(+6),24.765273644515556,3.0897314609963002,Na(+1),0.015050973280930338,NO3(-1),0.015050973280930338,2.3,0.606613973136316
synthetic_study_0,22,346,goethite,FeOOH,U(+6),24.658135487893393,4.4712477524078045,Na(+1),0.07509746179170534,NO3(-1),0.07509746179170534,2.3,7.536670363113872
synthetic_study_2,115,347,goethite,FeOOH,U(+6),24.876251086798852,7.095024384783455,Na(+1),0.04587322349480579,NO3(-1),0.04587322349480579,2.3,86.29468898249692
synthetic_study_2,3,348,goethite,FeOOH,U(+6),25.393702590042142,5.653494128231181,Na(+1),0.1169462998538154,NO3(-1),0.1169462998538154,2.3,49.66613775483745
synthetic_study_2,84,349,goethite,FeOOH,U(+6),25.695755481200738,10.43618582865156,Na(+1),0.0017944201898587636,NO3(-1),0.0017944201898587636,2.3,100.70042416610055
synthetic_study_1,55,350,goethite,FeOOH,U(+6),25.17791524405045,9.88996285900145,Na(+1),0.346982640001272,NO3(-1),0.346982640001272,2.3,108.61573009362618
synthetic_study_2,149,351,goethite,FeOOH,U(+6),24.71181120605514,3.7160632201802963,Na(+1),0.002554039931024706,NO3(-1),0.002554039931024706,2.3,8.44653590595384
synthetic_study_2,42,352,goethite,FeOOH,U(+6),25.219330182349193,7.219684741196246,Na(+1),0.17722938239004074,NO3(-1),0.17722938239004074,2.3,96.29522464514544
synthetic_study_2,88,353,goethite,FeOOH,U(+6),25.126147560290605,8.069720848827654,Na(+1),0.021235814704365686,NO3(-1),0.021235814704365686,2.3,103.59804298422108
synthetic_study_0,8,354,goethite,FeOOH,U(+6),24.819289551695007,3.592347314407089,Na(+1),0.04211757898661273,NO3(-1),0.04211757898661273,2.3,3.6335113249037447
synthetic_study_1,63,355,goethite,FeOOH,U(+6),25.26432313245974,5.00076517680937,Na(+1),0.1646604596421725,NO3(-1),0.1646604596421725,2.3,23.305599443691587
synthetic_study_1,102,356,goethite,FeOOH,U(+6),24.854930881353255,8.227342775403955,Na(+1),0.016761353182345173,NO3(-1),0.016761353182345173,2.3,97.42122318638526
synthetic_study_1,44,357,goethite,FeOOH,U(+6),24.826166599772794,9.708864747382693,Na(+1),0.0014188080877756885,NO3(-1),0.0014188080877756885,2.3,107.0613961669001
synthetic_study_0,138,358,goethite,FeOOH,U(+6),25.017211273330304,5.233941201649082,Na(+1),1.520190872707966,NO3(-1),1.520190872707966,2.3,14.021086904925117
synthetic_study_2,95,359,goethite,FeOOH,U(+6),25.205638728674003,4.411549693530245,Na(+1),0.05306812800765727,NO3(-1),0.05306812800765727,2.3,12.81190846033367
synthetic_study_0,95,360,goethite,FeOOH,U(+6),24.889504590158573,9.074336021841717,Na(+1),0.2812401465067148,NO3(-1),0.2812401465067148,2.3,105.10667773300806
synthetic_study_0,108,361,goethite,FeOOH,U(+6),25.106566079134627,7.179861441805427,Na(+1),0.056659527864789755,NO3(-1),0.056659527864789755,2.3,93.23462631375854
synthetic_study_3,131,362,goethite,FeOOH,U(+6),24.45117320242111,6.312707373646163,Na(+1),0.5069519276990525,NO3(-1),0.5069519276990525,2.3,64.38590522005578
synthetic_study_2,61,363,goethite,FeOOH,U(+6),25.08768368680765,4.549200171423139,Na(+1),0.07298496279799434,NO3(-1),0.07298496279799434,2.3,15.674731299493253
synthetic_study_0,53,364,goethite,FeOOH,U(+6),24.85646790057229,3.081266789186568,Na(+1),0.002541544385846951,NO3(-1),0.002541544385846951,2.3,5.4946457511367
synthetic_study_3,142,365,goethite,FeOOH,U(+6),24.84312394874406,2.643131367175802,Na(+1),0.13130814418327322,NO3(-1),0.13130814418327322,2.3,2.887641267313349
synthetic_study_1,82,366,goethite,FeOOH,U(+6),24.242263075809817,7.139761444512758,Na(+1),0.0037157305156657683,NO3(-1),0.0037157305156657683,2.3,97.62757481720153
synthetic_study_0,103,367,goethite,FeOOH,U(+6),24.56523925948239,4.0288821876805985,Na(+1),0.5224667362527406,NO3(-1),0.5224667362527406,2.3,7.226383770516066
synthetic_study_3,71,368,goethite,FeOOH,U(+6),24.476336151815694,10.304263827414562,Na(+1),0.17680855774654303,NO3(-1),0.17680855774654303,2.3,103.73341649458129
synthetic_study_3,91,369,goethite,FeOOH,U(+6),25.181636134288013,3.359817827089178,Na(+1),1.2628986699782556,NO3(-1),1.2628986699782556,2.3,0.0
synthetic_study_1,17,370,goethite,FeOOH,U(+6),24.723420565742135,6.116710306616867,Na(+1),0.11911504125340254,NO3(-1),0.11911504125340254,2.3,66.04252144745854
synthetic_study_0,43,371,goethite,FeOOH,U(+6),25.081995798283675,5.65727837656768,Na(+1),0.005533988108652889,NO3(-1),0.005533988108652889,2.3,71.29541158878506
synthetic_study_1,118,372,goethite,FeOOH,U(+6),25.197672795309764,4.358491802284248,Na(+1),0.06895311670585325,NO3(-1),0.06895311670585325,2.3,13.275750442172871
synthetic_study_1,147,373,goethite,FeOOH,U(+6),24.836075303081127,8.490045800031481,Na(+1),0.35224798217588693,NO3(-1),0.35224798217588693,2.3,99.74270676818671
synthetic_study_1,60,374,goethite,FeOOH,U(+6),24.69176242703226,7.649638096642483,Na(+1),0.22347625343634814,NO3(-1),0.22347625343634814,2.3,98.49728743174357
synthetic_study_0,36,375,goethite,FeOOH,U(+6),25.363153033897436,8.306061480414959,Na(+1),0.013476562501349106,NO3(-1),0.013476562501349106,2.3,103.09435809374777
synthetic_study_3,55,376,goethite,FeOOH,U(+6),25.07858241296001,3.1624686071719577,Na(+1),0.14543160497402666,NO3(-1),0.14543160497402666,2.3,0.0
synthetic_study_3,74,377,goethite,FeOOH,U(+6),24.63019495135071,5.321947325571241,Na(+1),1.220078860043615,NO3(-1),1.220078860043615,2.3,18.588799355812267
synthetic_study_1,85,378,goethite,FeOOH,U(+6),25.144124569761935,6.658664594673854,Na(+1),0.18191694001320655,NO3(-1),0.18191694001320655,2.3,77.57880821704522
synthetic_study_2,68,379,goethite,FeOOH,U(+6),24.800854345517966,5.9137691498419285,Na(+1),0.016296510749107835,NO3(-1),0.016296510749107835,2.3,78.51375319918333
synthetic_study_1,19,380,goethite,FeOOH,U(+6),25.13946755900054,2.824940494981962,Na(+1),1.0127505559579677,NO3(-1),1.0127505559579677,2.3,0.0
synthetic_study_0,70,381,goethite,FeOOH,U(+6),25.247852578808004,4.052219639206346,Na(+1),0.5384679216316889,NO3(-1),0.5384679216316889,2.3,3.4159919258640765
synthetic_study_0,84,382,goethite,FeOOH,U(+6),24.754918382342222,10.060197186437012,Na(+1),0.6639057176700034,NO3(-1),0.6639057176700034,2.3,99.15442624008968
synthetic_study_1,54,383,goethite,FeOOH,U(+6),25.147492124957072,3.8005577980265457,Na(+1),0.002252042297407429,NO3(-1),0.002252042297407429,2.3,14.82759585238681
synthetic_study_1,137,384,goethite,FeOOH,U(+6),24.096564977391115,9.316418659702201,Na(+1),0.009114548306586177,NO3(-1),0.009114548306586177,2.3,92.92590818138845
synthetic_study_3,106,385,goethite,FeOOH,U(+6),25.164138417623743,9.07709727251552,Na(+1),0.40496897121445774,NO3(-1),0.40496897121445774,2.3,99.37387009576987
synthetic_study_2,2,386,goethite,FeOOH,U(+6),24.411982865417777,5.630350056624864,Na(+1),0.008069836512813693,NO3(-1),0.008069836512813693,2.3,69.53548983024143
synthetic_study_0,122,387,goethite,FeOOH,U(+6),25.757666453738267,6.234268158754108,Na(+1),0.0017507719798112269,NO3(-1),0.0017507719798112269,2.3,92.52421106619414
synthetic_study_3,122,388,goethite,FeOOH,U(+6),25.106248731308945,9.092014461199355,Na(+1),0.17979509566763124,NO3(-1),0.17979509566763124,2.3,101.26441898637603
synthetic_study_3,20,389,goethite,FeOOH,U(+6),24.815935756860583,7.9454906045617,Na(+1),0.43410107006404663,NO3(-1),0.43410107006404663,2.3,95.89093640832417
synthetic_study_1,124,390,goethite,FeOOH,U(+6),25.339984070441925,9.195549891432567,Na(+1),0.1311697729700566,NO3(-1),0.1311697729700566,2.3,106.74084165933176
synthetic_study_1,6,391,goethite,FeOOH,U(+6),24.764666459613572,8.560772686656989,Na(+1),0.013739882229174672,NO3(-1),0.013739882229174672,2.3,92.84157905599116
synthetic_study_0,118,392,goethite,FeOOH,U(+6),25.035752545009267,8.030171835524836,Na(+1),0.07034803202033892,NO3(-1),0.07034803202033892,2.3,102.22170089694377
synthetic_study_0,66,393,goethite,FeOOH,U(+6),24.9145280245089,9.803792848055025,Na(+1),0.0011776489244596474,NO3(-1),0.0011776489244596474,2.3,102.00075500967763
synthetic_study_2,134,394,goethite,FeOOH,U(+6),25.000353292197044,9.08245706475671,Na(+1),0.071909035547787,NO3(-1),0.071909035547787,2.3,102.06359776962316
synthetic_study_2,149,395,goethite,FeOOH,U(+6),24.83213659547591,3.932501500663946,Na(+1),0.6721154466941596,NO3(-1),0.6721154466941596,2.3,4.46859367198549
synthetic_study_0,24,396,goethite,FeOOH,U(+6),25.131441940097197,8.48579420064996,Na(+1),0.0018095711994592528,NO3(-1),0.0018095711994592528,2.3,100.50114726136619
synthetic_study_3,100,397,goethite,FeOOH,U(+6),24.778045052625785,3.1934505849163424,Na(+1),0.018405770757031877,NO3(-1),0.018405770757031877,2.3,6.218499239717136
synthetic_study_2,46,398,goethite,FeOOH,U(+6),25.033756167654232,5.906849922352173,Na(+1),0.0034998567411645637,NO3(-1),0.0034998567411645637,2.3,73.58829027456218
synthetic_study_1,91,399,goethite,FeOOH,U(+6),25.188548042663914,5.674015097227402,Na(+1),0.017948413191261465,NO3(-1),0.017948413191261465,2.3,56.67461827900883
synthetic_study_2,50,400,goethite,FeOOH,U(+6),24.821348721392983,4.117344751803877,Na(+1),0.0011038887875489593,NO3(-1),0.0011038887875489593,2.3,20.22911611882112
synthetic_study_1,67,401,goethite,FeOOH,U(+6),25.25068740024425,10.003240869087914,Na(+1),0.5390358318741925,NO3(-1),0.5390358318741925,2.3,100.1004856006409
synthetic_study_0,119,402,goethite,FeOOH,U(+6),25.14571700829291,3.258213426889336,Na(+1),0.043411313260265566,NO3(-1),0.043411313260265566,2.3,2.8971098410725546
synthetic_study_1,119,403,goethite,FeOOH,U(+6),24.91134301424941,2.539195319908605,Na(+1),0.02744919524628788,NO3(-1),0.02744919524628788,2.3,7.132997560302118
synthetic_study_2,64,404,goethite,FeOOH,U(+6),24.845801360738257,5.083366429311827,Na(+1),0.09681052194762296,NO3(-1),0.09681052194762296,2.3,25.850075293679033
synthetic_study_1,9,405,goethite,FeOOH,U(+6),24.985361526073387,10.425957745929775,Na(+1),0.6384002876710495,NO3(-1),0.6384002876710495,2.3,102.94945822828656
synthetic_study_1,101,406,goethite,FeOOH,U(+6),24.864145511787605,4.617561027107519,Na(+1),0.009144509005050046,NO3(-1),0.009144509005050046,2.3,26.236582657073303
synthetic_study_0,92,407,goethite,FeOOH,U(+6),24.84585077388136,9.145554124141848,Na(+1),0.007634946688907659,NO3(-1),0.007634946688907659,2.3,109.31273908225225
synthetic_study_3,87,408,goethite,FeOOH,U(+6),24.9601925537952,3.8849090961637236,Na(+1),0.0014565684056126907,NO3(-1),0.0014565684056126907,2.3,7.7404757703643785
synthetic_study_2,122,409,goethite,FeOOH,U(+6),24.936328588347052,7.191026838387022,Na(+1),0.007570368313744753,NO3(-1),0.007570368313744753,2.3,93.98218999408904
synthetic_study_3,142,410,goethite,FeOOH,U(+6),25.03203317269934,10.167274681435135,Na(+1),0.0016538613539071076,NO3(-1),0.0016538613539071076,2.3,98.15383423111437
synthetic_study_1,54,411,goethite,FeOOH,U(+6),25.425936095829936,8.232105876526457,Na(+1),0.0013713332545028823,NO3(-1),0.0013713332545028823,2.3,104.82836568666164
synthetic_study_2,93,412,goethite,FeOOH,U(+6),25.273531472367637,10.34406380142789,Na(+1),0.0666823436416239,NO3(-1),0.0666823436416239,2.3,96.68421952609236
synthetic_study_0,67,413,goethite,FeOOH,U(+6),25.2548679956013,7.096453192712318,Na(+1),0.004042547470734343,NO3(-1),0.004042547470734343,2.3,102.80282960924285
synthetic_study_3,122,414,goethite,FeOOH,U(+6),25.155194819609623,10.36667765242737,Na(+1),0.0017581279685981131,NO3(-1),0.0017581279685981131,2.3,106.37858807428908
synthetic_study_2,45,415,goethite,FeOOH,U(+6),24.818863449067027,9.19637625376003,Na(+1),1.0596407385384454,NO3(-1),1.0596407385384454,2.3,102.9719675704476
synthetic_study_3,39,416,goethite,FeOOH,U(+6),24.68180154855823,8.725985808815427,Na(+1),0.0030961489466869185,NO3(-1),0.0030961489466869185,2.3,101.50396165263486
synthetic_study_3,68,417,goethite,FeOOH,U(+6),24.931730930600597,9.607919095292,Na(+1),0.002055614201410292,NO3(-1),0.002055614201410292,2.3,93.72429027802609
synthetic_study_1,108,418,goethite,FeOOH,U(+6),25.355847545048828,7.551932138092933,Na(+1),1.596752454718159,NO3(-1),1.596752454718159,2.3,92.91536892099401
synthetic_study_3,98,419,goethite,FeOOH,U(+6),25.35975906727928,5.350916371012572,Na(+1),0.15885137591104878,NO3(-1),0.15885137591104878,2.3,29.35292088473653
synthetic_study_1,30,420,goethite,FeOOH,U(+6),24.562593538967867,6.726259520455944,Na(+1),0.24830664244458653,NO3(-1),0.24830664244458653,2.3,81.23293347978094
synthetic_study_0,0,421,goethite,FeOOH,U(+6),24.467756169120094,4.312003165458909,Na(+1),0.07220598323801689,NO3(-1),0.07220598323801689,2.3,11.268949716925757
synthetic_study_1,92,422,goethite,FeOOH,U(+6),25.502458068332313,8.720352991053643,Na(+1),0.001707206503871335,NO3(-1),0.001707206503871335,2.3,98.55128490095629
synthetic_study_3,6,423,goethite,FeOOH,U(+6),25.427504051779664,3.860628012918932,Na(+1),0.6000602980316674,NO3(-1),0.6000602980316674,2.3,6.921428833587636
synthetic_study_3,33,424,goethite,FeOOH,U(+6),24.812031458080696,7.117583591892726,Na(+1),0.023960491026318382,NO3(-1),0.023960491026318382,2.3,93.79359863024592
synthetic_study_1,78,425,goethite,FeOOH,U(+6),24.976834701235337,6.787191436632915,Na(+1),0.019730760294358135,NO3(-1),0.019730760294358135,2.3,84.74694265017659
synthetic_study_3,124,426,goethite,FeOOH,U(+6),25.014996654011412,7.875222427821524,Na(+1),0.002795892732543223,NO3(-1),0.002795892732543223,2.3,94.7791652486215
synthetic_study_3,29,427,goethite,FeOOH,U(+6),25.330955474832187,8.583892789322,Na(+1),0.0023638810722711825,NO3(-1),0.0023638810722711825,2.3,94.6139032354107
synthetic_study_3,57,428,goethite,FeOOH,U(+6),24.853607093052062,3.3786230885112714,Na(+1),0.05289462939502683,NO3(-1),0.05289462939502683,2.3,1.3318227488342687
synthetic_study_0,33,429,goethite,FeOOH,U(+6),25.17753704549484,7.499527693343868,Na(+1),0.07531020773865565,NO3(-1),0.07531020773865565,2.3,100.89844092281865
synthetic_study_1,127,430,goethite,FeOOH,U(+6),25.082133464347702,5.811647059721542,Na(+1),0.05148281566808762,NO3(-1),0.05148281566808762,2.3,62.79189415140099
synthetic_study_3,65,431,goethite,FeOOH,U(+6),25.090189387645175,7.41361148534363,Na(+1),0.10551432797598824,NO3(-1),0.10551432797598824,2.3,96.26853493398542
synthetic_study_3,39,432,goethite,FeOOH,U(+6),25.31620497156091,8.051876345171962,Na(+1),0.7874507993460046,NO3(-1),0.7874507993460046,2.3,91.87076378492685
synthetic_study_0,83,433,goethite,FeOOH,U(+6),25.0439976272081,7.183836686084975,Na(+1),0.046118586530765414,NO3(-1),0.046118586530765414,2.3,103.48190694125937
synthetic_study_0,11,434,goethite,FeOOH,U(+6),24.61560343884646,8.36308861486972,Na(+1),0.017831477902278403,NO3(-1),0.017831477902278403,2.3,99.18958463956618
synthetic_study_2,111,435,goethite,FeOOH,U(+6),25.270721404405364,6.660202057637184,Na(+1),0.007025705131419666,NO3(-1),0.007025705131419666,2.3,101.0120810581734
synthetic_study_1,117,436,goethite,FeOOH,U(+6),24.853885640108118,6.202942473034174,Na(+1),0.010294231251655881,NO3(-1),0.010294231251655881,2.3,78.25130706683086
synthetic_study_2,30,437,goethite,FeOOH,U(+6),25.269343520578655,4.7941509235882815,Na(+1),0.07090278203773759,NO3(-1),0.07090278203773759,2.3,18.491100229957585
synthetic_study_3,22,438,goethite,FeOOH,U(+6),25.079424748179168,4.333213359973652,Na(+1),0.42143318062422086,NO3(-1),0.42143318062422086,2.3,17.580600634943664
synthetic_study_3,130,439,goethite,FeOOH,U(+6),24.706591951591886,8.062416848734546,Na(+1),0.028556133181530375,NO3(-1),0.028556133181530375,2.3,94.41086345593631
synthetic_study_1,52,440,goethite,FeOOH,U(+6),25.076515069756407,8.065690822499661,Na(+1),0.0013630622184176773,NO3(-1),0.0013630622184176773,2.3,101.07742560699914
synthetic_study_0,127,441,goethite,FeOOH,U(+6),24.80948961381405,4.063860103812771,Na(+1),0.004177436551171909,NO3(-1),0.004177436551171909,2.3,12.362988362518522
synthetic_study_3,81,442,goethite,FeOOH,U(+6),25.081065084846017,10.274699332888897,Na(+1),0.0019913718804759396,NO3(-1),0.0019913718804759396,2.3,96.72969472382876
synthetic_study_2,86,443,goethite,FeOOH,U(+6),24.878712203767567,7.869206242315168,Na(+1),0.012590218472636392,NO3(-1),0.012590218472636392,2.3,107.20095836629443
synthetic_study_1,149,444,goethite,FeOOH,U(+6),25.30301515296548,6.74972898567861,Na(+1),0.18131885656146837,NO3(-1),0.18131885656146837,2.3,80.30202367541082
synthetic_study_2,19,445,goethite,FeOOH,U(+6),24.786481915526327,9.22940281235974,Na(+1),0.08899356719902048,NO3(-1),0.08899356719902048,2.3,103.3412939484478
synthetic_study_0,73,446,goethite,FeOOH,U(+6),24.889710195075782,6.392163466425239,Na(+1),0.15311616633332278,NO3(-1),0.15311616633332278,2.3,79.98286865101657
synthetic_study_0,65,447,goethite,FeOOH,U(+6),24.790035478016634,6.307558960802615,Na(+1),0.03163471542414743,NO3(-1),0.03163471542414743,2.3,75.97211964837528
synthetic_study_1,7,448,goethite,FeOOH,U(+6),24.761830546953668,4.566195200620295,Na(+1),0.0023029036702429356,NO3(-1),0.0023029036702429356,2.3,22.33336539926342
synthetic_study_0,9,449,goethite,FeOOH,U(+6),24.91907401444359,3.7490838511255387,Na(+1),0.009498273080555855,NO3(-1),0.009498273080555855,2.3,0.0
synthetic_study_2,95,450,goethite,FeOOH,U(+6),25.064262314144184,8.192964631047339,Na(+1),0.04854780294109983,NO3(-1),0.04854780294109983,2.3,95.6141288983473
synthetic_study_1,145,451,goethite,FeOOH,U(+6),25.168216716968704,9.25288774591234,Na(+1),0.043716399364608825,NO3(-1),0.043716399364608825,2.3,100.69102379422412
synthetic_study_3,120,452,goethite,FeOOH,U(+6),25.01531159715296,7.922390224767672,Na(+1),0.006369166175023991,NO3(-1),0.006369166175023991,2.3,100.22658369712163
synthetic_study_3,22,453,goethite,FeOOH,U(+6),24.863475519067737,5.450572133567602,Na(+1),0.5290480792065488,NO3(-1),0.5290480792065488,2.3,31.229740804203328
synthetic_study_1,75,454,goethite,FeOOH,U(+6),24.5322749085875,7.105776729752417,Na(+1),0.026911258550680158,NO3(-1),0.026911258550680158,2.3,93.61980094593389
synthetic_study_1,131,455,goethite,FeOOH,U(+6),25.282638442220378,7.0072997893919196,Na(+1),0.6166024031705456,NO3(-1),0.6166024031705456,2.3,89.72726452227168
synthetic_study_3,11,456,goethite,FeOOH,U(+6),24.847714206980783,9.992528667794351,Na(+1),0.007518404369750026,NO3(-1),0.007518404369750026,2.3,103.03529632716754
synthetic_study_1,78,457,goethite,FeOOH,U(+6),25.120219778426872,5.601393695645514,Na(+1),1.2835140687335402,NO3(-1),1.2835140687335402,2.3,34.08767127923469
synthetic_study_3,106,458,goethite,FeOOH,U(+6),24.680467761489098,3.818261216528028,Na(+1),0.0023395333645058894,NO3(-1),0.0023395333645058894,2.3,8.426692575175665
synthetic_study_2,47,459,goethite,FeOOH,U(+6),25.454266560189378,9.515463146632086,Na(+1),0.3453840030232639,NO3(-1),0.3453840030232639,2.3,102.89276500686205
synthetic_study_0,135,460,goethite,FeOOH,U(+6),25.207466617400332,9.657827975094946,Na(+1),0.0011657764958980833,NO3(-1),0.0011657764958980833,2.3,100.68418874991842
synthetic_study_1,12,461,goethite,FeOOH,U(+6),24.733404175919535,2.8861247600151625,Na(+1),0.006023628642238213,NO3(-1),0.006023628642238213,2.3,0.0
synthetic_study_0,9,462,goethite,FeOOH,U(+6),25.1044195466965,4.085792246715859,Na(+1),0.7461495892109693,NO3(-1),0.7461495892109693,2.3,1.936968004394052
synthetic_study_1,84,463,goethite,FeOOH,U(+6),25.402820738236276,7.590269228795679,Na(+1),0.014300344483184704,NO3(-1),0.014300344483184704,2.3,102.56349448030339
synthetic_study_2,41,464,goethite,FeOOH,U(+6),24.947013733458313,8.810761245078703,Na(+1),1.1944894741428285,NO3(-1),1.1944894741428285,2.3,106.42459710112857
synthetic_study_0,59,465,goethite,FeOOH,U(+6),24.48960958988619,7.353540053924403,Na(+1),1.1670140967269147,NO3(-1),1.1670140967269147,2.3,88.05565268722326
synthetic_study_1,27,466,goethite,FeOOH,U(+6),25.137043988931055,4.032713569012466,Na(+1),0.4371550540669744,NO3(-1),0.4371550540669744,2.3,0.0
synthetic_study_1,17,467,goethite,FeOOH,U(+6),25.554222791453174,3.4411326020975928,Na(+1),0.020283737542461554,NO3(-1),0.020283737542461554,2.3,5.985737581335778
synthetic_study_3,31,468,goethite,FeOOH,U(+6),24.520831111811507,6.5477810725214685,Na(+1),0.679651158227969,NO3(-1),0.679651158227969,2.3,69.70464783788253
synthetic_study_0,12,469,goethite,FeOOH,U(+6),25.30744798320843,9.024083253272092,Na(+1),0.032243658431150395,NO3(-1),0.032243658431150395,2.3,102.65956498694385
synthetic_study_0,50,470,goethite,FeOOH,U(+6),24.93014333416828,4.2365374485770095,Na(+1),0.0026083642776665444,NO3(-1),0.0026083642776665444,2.3,17.775118225875136
synthetic_study_2,70,471,goethite,FeOOH,U(+6),24.972649756668734,3.101061558982269,Na(+1),0.6478323297027702,NO3(-1),0.6478323297027702,2.3,9.800647788987696
synthetic_study_0,24,472,goethite,FeOOH,U(+6),25.05752046389269,6.9083599663464375,Na(+1),0.493871681582438,NO3(-1),0.493871681582438,2.3,84.9063221941874
synthetic_study_1,20,473,goethite,FeOOH,U(+6),25.00369576168845,4.034537185082037,Na(+1),0.0028013408445878678,NO3(-1),0.0028013408445878678,2.3,17.958753749876628
synthetic_study_0,26,474,goethite,FeOOH,U(+6),25.258836342218277,3.0393897638741567,Na(+1),0.7236648958777459,NO3(-1),0.7236648958777459,2.3,0.0
synthetic_study_0,40,475,goethite,FeOOH,U(+6),24.65063001182294,8.686116784330146,Na(+1),0.05159149052808264,NO3(-1),0.05159149052808264,2.3,88.18919642717793
synthetic_study_2,84,476,goethite,FeOOH,U(+6),24.974188059319104,9.069812848623378,Na(+1),0.2843475581586951,NO3(-1),0.2843475581586951,2.3,100.10706990512065
synthetic_study_0,147,477,goethite,FeOOH,U(+6),24.71932437741679,5.686684408785883,Na(+1),0.007673276866149993,NO3(-1),0.007673276866149993,2.3,68.12261736504125
synthetic_study_0,110,478,goethite,FeOOH,U(+6),24.84678637144408,4.852610881346275,Na(+1),0.005140707533958566,NO3(-1),0.005140707533958566,2.3,38.84170804232813
synthetic_study_1,106,479,goethite,FeOOH,U(+6),25.89177228778982,4.716967115495662,Na(+1),0.6301330943507698,NO3(-1),0.6301330943507698,2.3,9.482284826775341
synthetic_study_1,62,480,goethite,FeOOH,U(+6),24.74621399836979,5.387771406626807,Na(+1),0.09565452811855493,NO3(-1),0.09565452811855493,2.3,34.345793780805835
synthetic_study_1,108,481,goethite,FeOOH,U(+6),25.134656507608028,7.115261144930097,Na(+1),0.0030720482783539436,NO3(-1),0.0030720482783539436,2.3,90.12378315104725
synthetic_study_1,135,482,goethite,FeOOH,U(+6),25.091896733340835,6.722560624899819,Na(+1),0.016120231881759598,NO3(-1),0.016120231881759598,2.3,92.67733934683655
synthetic_study_3,146,483,goethite,FeOOH,U(+6),24.424014643924465,5.3427934493815705,Na(+1),0.6836254151673054,NO3(-1),0.6836254151673054,2.3,29.755203665126132
synthetic_study_3,7,484,goethite,FeOOH,U(+6),24.65583480474081,7.599367833905451,Na(+1),0.035102319889694436,NO3(-1),0.035102319889694436,2.3,93.60578578696017
synthetic_study_0,27,485,goethite,FeOOH,U(+6),24.455136720334053,7.90613953557968,Na(+1),0.012930477279854757,NO3(-1),0.012930477279854757,2.3,96.52041659643186
synthetic_study_0,58,486,goethite,FeOOH,U(+6),24.954136707270507,6.966231583800274,Na(+1),0.013339751952459903,NO3(-1),0.013339751952459903,2.3,90.8137772170136
synthetic_study_2,134,487,goethite,FeOOH,U(+6),24.605604347754447,5.598359320414992,Na(+1),0.5264121049066659,NO3(-1),0.5264121049066659,2.3,30.012600895865244
synthetic_study_3,102,488,goethite,FeOOH,U(+6),24.730824162311805,7.491222255513074,Na(+1),0.031563618887141515,NO3(-1),0.031563618887141515,2.3,97.44227974810632
synthetic_study_3,12,489,goethite,FeOOH,U(+6),24.539461266156113,7.235222265712884,Na(+1),1.3476172423966764,NO3(-1),1.3476172423966764,2.3,91.28543570023929
synthetic_study_3,91,490,goethite,FeOOH,U(+6),25.20195836590799,5.222590859045331,Na(+1),0.010721622154081376,NO3(-1),0.010721622154081376,2.3,45.44648015685157
synthetic_study_3,101,491,goethite,FeOOH,U(+6),25.179059445136136,4.925608101313962,Na(+1),0.31360652216822194,NO3(-1),0.31360652216822194,2.3,12.59927587534417
synthetic_study_2,84,492,goethite,FeOOH,U(+6),25.4459069505921,6.865991032154293,Na(+1),0.008766538125390324,NO3(-1),0.008766538125390324,2.3,92.56661507143926
synthetic_study_1,41,493,goethite,FeOOH,U(+6),24.947237729222227,7.398733912014806,Na(+1),0.3418755532756,NO3(-1),0.3418755532756,2.3,98.56398814868896
synthetic_study_0,95,494,goethite,FeOOH,U(+6),25.221426544454175,7.38638751137447,Na(+1),0.0011430713043801104,NO3(-1),0.0011430713043801104,2.3,106.76768078363625
synthetic_study_1,126,495,goethite,FeOOH,U(+6),25.338880082130824,5.562704071182839,Na(+1),0.00268169411634421,NO3(-1),0.00268169411634421,2.3,69.45590228251058
synthetic_study_1,137,496,goethite,FeOOH,U(+6),25.62761211249038,7.026191257730042,Na(+1),0.007170472780647194,NO3(-1),0.007170472780647194,2.3,91.9234831779762
synthetic_study_0,135,497,goethite,FeOOH,U(+6),24.625134509214902,10.386157081571353,Na(+1),0.7435385382177443,NO3(-1),0.7435385382177443,2.3,91.99570831186968
synthetic_study_1,87,498,goethite,FeOOH,U(+6),24.75689750013088,5.924196152351613,Na(+1),0.011594302896289908,NO3(-1),0.011594302896289908,2.3,66.9781282421254
synthetic_study_1,78,499,goethite,FeOOH,U(+6),24.70571295341707,9.244117716719924,Na(+1),0.03941252742546238,NO3(-1),0.03941252742546238,2.3,99.44712047537287
synthetic_study_1,1,500,goethite,FeOOH,U(+6),24.58401150679339,3.1505895304556555,Na(+1),0.0022555212139825183,NO3(-1),0.0022555212139825183,2.3,4.800568679867095
synthetic_study_2,58,501,goethite,FeOOH,U(+6),25.21433241990227,9.501826029615774,Na(+1),0.07413756944802144,NO3(-1),0.07413756944802144,2.3,100.87576860288851
synthetic_study_1,5,502,goethite,FeOOH,U(+6),25.218440013101013,10.03364924423909,Na(+1),0.002073872066463452,NO3(-1),0.002073872066463452,2.3,98.92294373917733
synthetic_study_1,53,503,goethite,FeOOH,U(+6),24.58065584443193,4.594912126831498,Na(+1),0.002932835569718476,NO3(-1),0.002932835569718476,2.3,23.46924917400527
synthetic_study_3,147,504,goethite,FeOOH,U(+6),24.674282630572602,2.5968113253775416,Na(+1),0.4397530944007968,NO3(-1),0.4397530944007968,2.3,0.0
synthetic_study_0,141,505,goethite,FeOOH,U(+6),25.09410974853943,6.364067307470394,Na(+1),0.006381223334079593,NO3(-1),0.006381223334079593,2.3,87.4334810296634
synthetic_study_1,143,506,goethite,FeOOH,U(+6),24.852488590256737,3.9616980612982235,Na(+1),0.0015927119795201992,NO3(-1),0.0015927119795201992,2.3,11.317212054231558
synthetic_study_1,128,507,goethite,FeOOH,U(+6),25.06870374761533,10.273050034282143,Na(+1),0.09683271410463896,NO3(-1),0.09683271410463896,2.3,105.17467487335455
synthetic_study_3,29,508,goethite,FeOOH,U(+6),24.949277194534794,9.681587480940387,Na(+1),0.003044041120871573,NO3(-1),0.003044041120871573,2.3,94.11452678017952
synthetic_study_0,130,509,goethite,FeOOH,U(+6),25.31800493177865,10.185319087442174,Na(+1),0.001493809401326986,NO3(-1),0.001493809401326986,2.3,106.73041841672634
synthetic_study_1,97,510,goethite,FeOOH,U(+6),25.338012656915343,7.330957261926022,Na(+1),0.5505828056700232,NO3(-1),0.5505828056700232,2.3,88.780791754559
synthetic_study_2,101,511,goethite,FeOOH,U(+6),24.451045214667054,6.621282935221137,Na(+1),0.020450470733640903,NO3(-1),0.020450470733640903,2.3,89.19010439777378
synthetic_study_0,116,512,goethite,FeOOH,U(+6),25.406885498117553,9.161742795041846,Na(+1),0.7179062777296814,NO3(-1),0.7179062777296814,2.3,100.4217346961839
synthetic_study_1,2,513,goethite,FeOOH,U(+6),24.855456377323147,7.718791725512169,Na(+1),0.28530136175978943,NO3(-1),0.28530136175978943,2.3,94.64059631591066
synthetic_study_1,123,514,goethite,FeOOH,U(+6),24.659790258768965,4.488461410937961,Na(+1),0.00460448750696861,NO3(-1),0.00460448750696861,2.3,15.88397582109306
synthetic_study_3,65,515,goethite,FeOOH,U(+6),25.18087195998671,9.974288306062897,Na(+1),0.0019049223461294108,NO3(-1),0.0019049223461294108,2.3,98.04324877468923
synthetic_study_2,115,516,goethite,FeOOH,U(+6),24.70609047236641,6.017595599724251,Na(+1),0.003676875569033868,NO3(-1),0.003676875569033868,2.3,87.08142276859195
synthetic_study_0,138,517,goethite,FeOOH,U(+6),24.622828264944314,8.688449826474393,Na(+1),0.04286615625803643,NO3(-1),0.04286615625803643,2.3,94.36949958582244
synthetic_study_2,49,518,goethite,FeOOH,U(+6),24.89650858051991,6.507503655907894,Na(+1),0.01515545085487377,NO3(-1),0.01515545085487377,2.3,79.70169915847583
synthetic_study_2,13,519,goethite,FeOOH,U(+6),25.40835887429764,3.9668499448410204,Na(+1),0.5565968478159207,NO3(-1),0.5565968478159207,2.3,2.89275522788433
synthetic_study_3,146,520,goethite,FeOOH,U(+6),24.454626032572882,4.867414776075306,Na(+1),0.03535857728435758,NO3(-1),0.03535857728435758,2.3,24.447497921436074
synthetic_study_0,54,521,goethite,FeOOH,U(+6),24.68760301362933,7.095286150422537,Na(+1),0.06771330496732926,NO3(-1),0.06771330496732926,2.3,87.29580911562795
synthetic_study_0,135,522,goethite,FeOOH,U(+6),24.49253603283527,3.644016674114244,Na(+1),0.0189929492028033,NO3(-1),0.0189929492028033,2.3,2.0950294542997243
synthetic_study_1,136,523,goethite,FeOOH,U(+6),24.638580956009076,2.6099028689318287,Na(+1),0.3098639955535402,NO3(-1),0.3098639955535402,2.3,0.0
synthetic_study_0,46,524,goethite,FeOOH,U(+6),24.95543172699075,5.9711297947994515,Na(+1),0.18771600859853407,NO3(-1),0.18771600859853407,2.3,57.63142977405761
synthetic_study_2,42,525,goethite,FeOOH,U(+6),24.60406335114259,8.597577374873758,Na(+1),0.18325199124381358,NO3(-1),0.18325199124381358,2.3,99.80112149701361
synthetic_study_3,96,526,goethite,FeOOH,U(+6),25.093113256019098,7.413258189943104,Na(+1),0.35177217315351866,NO3(-1),0.35177217315351866,2.3,96.0411265226777
synthetic_study_1,116,527,goethite,FeOOH,U(+6),25.031745924465167,5.093171006459008,Na(+1),0.020672843874477036,NO3(-1),0.020672843874477036,2.3,38.63035003794824
synthetic_study_2,6,528,goethite,FeOOH,U(+6),25.21666144351693,8.237927514363946,Na(+1),0.0024716289651440164,NO3(-1),0.0024716289651440164,2.3,100.84531406354768
synthetic_study_1,43,529,goethite,FeOOH,U(+6),25.576010630413695,6.376117064878986,Na(+1),0.5002422461222717,NO3(-1),0.5002422461222717,2.3,75.7680502914769
synthetic_study_3,42,530,goethite,FeOOH,U(+6),24.703457908278125,10.496010818056215,Na(+1),0.01381097065041176,NO3(-1),0.01381097065041176,2.3,104.36240049028437
synthetic_study_3,63,531,goethite,FeOOH,U(+6),24.855718988284362,8.708253219558244,Na(+1),0.19178588148945047,NO3(-1),0.19178588148945047,2.3,87.63267691051803
synthetic_study_2,36,532,goethite,FeOOH,U(+6),24.81870861661575,9.145051530174072,Na(+1),1.8278371542428615,NO3(-1),1.8278371542428615,2.3,97.93468397115748
synthetic_study_3,26,533,goethite,FeOOH,U(+6),24.864350162122733,4.576391249110225,Na(+1),0.20692536358731767,NO3(-1),0.20692536358731767,2.3,5.894366500143162
synthetic_study_0,147,534,goethite,FeOOH,U(+6),25.12100871494447,3.7183597027905115,Na(+1),0.9818901712149108,NO3(-1),0.9818901712149108,2.3,0.0
synthetic_study_1,132,535,goethite,FeOOH,U(+6),25.179951306993143,4.094431272856,Na(+1),0.001106805555809967,NO3(-1),0.001106805555809967,2.3,22.058976764328065
synthetic_study_1,68,536,goethite,FeOOH,U(+6),24.848211847161938,5.958119714770128,Na(+1),0.0982353169061246,NO3(-1),0.0982353169061246,2.3,61.864268799325735
synthetic_study_0,140,537,goethite,FeOOH,U(+6),25.399511122772317,6.597192956967203,Na(+1),0.002094907657423382,NO3(-1),0.002094907657423382,2.3,91.09719156981761
synthetic_study_3,52,538,goethite,FeOOH,U(+6),24.918508799058795,4.056874781857876,Na(+1),0.757295335308014,NO3(-1),0.757295335308014,2.3,9.306232224327108
synthetic_study_1,96,539,goethite,FeOOH,U(+6),24.965233666321282,8.739558167908653,Na(+1),1.4750868282416458,NO3(-1),1.4750868282416458,2.3,92.85025928375545
synthetic_study_0,118,540,goethite,FeOOH,U(+6),24.73302630778205,9.447449235337837,Na(+1),0.001296303835039486,NO3(-1),0.001296303835039486,2.3,99.56545919761945
synthetic_study_0,133,541,goethite,FeOOH,U(+6),25.20039260066274,5.028039886081927,Na(+1),0.002752722649178161,NO3(-1),0.002752722649178161,2.3,49.037701564028424
synthetic_study_3,114,542,goethite,FeOOH,U(+6),25.22371348674258,6.56451357405032,Na(+1),0.5599012228214822,NO3(-1),0.5599012228214822,2.3,74.89309057289198
synthetic_study_2,55,543,goethite,FeOOH,U(+6),25.00084101082223,7.254996820102071,Na(+1),0.18480989022490857,NO3(-1),0.18480989022490857,2.3,87.89600267805577
synthetic_study_1,22,544,goethite,FeOOH,U(+6),24.35409705917833,8.27902539144899,Na(+1),1.7356840107629365,NO3(-1),1.7356840107629365,2.3,97.39781395708565
synthetic_study_2,149,545,goethite,FeOOH,U(+6),24.926844591962546,3.679779635722851,Na(+1),0.3136753151584373,NO3(-1),0.3136753151584373,2.3,5.959716434429516
synthetic_study_2,18,546,goethite,FeOOH,U(+6),25.177982217955314,4.746968491225251,Na(+1),0.09137496969525906,NO3(-1),0.09137496969525906,2.3,19.938508849851406
synthetic_study_2,125,547,goethite,FeOOH,U(+6),24.874814393208545,8.345647966867222,Na(+1),0.06018700562993067,NO3(-1),0.06018700562993067,2.3,100.29642188794968
synthetic_study_3,50,548,goethite,FeOOH,U(+6),24.97098158474208,7.045538514341013,Na(+1),0.0010778598305572382,NO3(-1),0.0010778598305572382,2.3,98.22242348780767
synthetic_study_0,108,549,goethite,FeOOH,U(+6),25.153766857947346,9.699566347511588,Na(+1),0.38600108366119934,NO3(-1),0.38600108366119934,2.3,100.37605840367873
synthetic_study_3,20,550,goethite,FeOOH,U(+6),24.454182380115554,6.082866895909947,Na(+1),0.018501455486137155,NO3(-1),0.018501455486137155,2.3,70.96609800067924
synthetic_study_3,10,551,goethite,FeOOH,U(+6),25.238411851126763,5.752902760270784,Na(+1),0.0022488244705800462,NO3(-1),0.0022488244705800462,2.3,74.40029391847226
synthetic_study_2,25,552,goethite,FeOOH,U(+6),24.431890457655026,4.952057740245618,Na(+1),0.06376095753276856,NO3(-1),0.06376095753276856,2.3,27.66069932046368
synthetic_study_0,135,553,goethite,FeOOH,U(+6),25.02866192812728,4.350980581237964,Na(+1),0.016629417709616418,NO3(-1),0.016629417709616418,2.3,2.851280522316575
synthetic_study_3,31,554,goethite,FeOOH,U(+6),25.172487915149894,7.706130678107186,Na(+1),0.09984613342736853,NO3(-1),0.09984613342736853,2.3,99.88332633442069
synthetic_study_2,125,555,goethite,FeOOH,U(+6),24.84941556853579,4.617488014581564,Na(+1),0.0011350579064324435,NO3(-1),0.0011350579064324435,2.3,37.09857162957719
synthetic_study_0,44,556,goethite,FeOOH,U(+6),25.14014479032812,9.398204165144378,Na(+1),0.003502846999263731,NO3(-1),0.003502846999263731,2.3,95.58051635384102
synthetic_study_1,51,557,goethite,FeOOH,U(+6),25.148157987667407,4.665187165216866,Na(+1),0.060456370174118444,NO3(-1),0.060456370174118444,2.3,15.051305767277984
synthetic_study_0,100,558,goethite,FeOOH,U(+6),24.84048037414605,7.886877049801182,Na(+1),0.10296614980271175,NO3(-1),0.10296614980271175,2.3,96.82024731686037
synthetic_study_1,71,559,goethite,FeOOH,U(+6),24.87268642346238,7.0454731352138555,Na(+1),0.001867698309095205,NO3(-1),0.001867698309095205,2.3,98.2120781638882
synthetic_study_2,81,560,goethite,FeOOH,U(+6),25.241167767301533,7.527670383031267,Na(+1),0.12590616299803514,NO3(-1),0.12590616299803514,2.3,94.07232884412693
synthetic_study_3,11,561,goethite,FeOOH,U(+6),25.091941999635665,9.663334205054705,Na(+1),0.5970762404986399,NO3(-1),0.5970762404986399,2.3,104.47266809851216
synthetic_study_3,50,562,goethite,FeOOH,U(+6),25.18014673233003,3.859907611755302,Na(+1),0.00883865058640332,NO3(-1),0.00883865058640332,2.3,10.210183534904989
synthetic_study_1,44,563,goethite,FeOOH,U(+6),25.123250847094532,3.6985243670036967,Na(+1),0.052528085164415414,NO3(-1),0.052528085164415414,2.3,1.2085658418681762
synthetic_study_1,80,564,goethite,FeOOH,U(+6),24.82920134238665,3.47521777068245,Na(+1),0.977672967653103,NO3(-1),0.977672967653103,2.3,0.0
synthetic_study_2,59,565,goethite,FeOOH,U(+6),24.682909160640314,3.1115121673457358,Na(+1),0.20881753332266179,NO3(-1),0.20881753332266179,2.3,2.10255669356733
synthetic_study_2,13,566,goethite,FeOOH,U(+6),24.693584944440794,6.773848188829925,Na(+1),0.004810427595993251,NO3(-1),0.004810427595993251,2.3,96.26391504425553
synthetic_study_0,56,567,goethite,FeOOH,U(+6),24.59921494717894,3.8258492156181774,Na(+1),1.5467703108002948,NO3(-1),1.5467703108002948,2.3,5.053804148482347
synthetic_study_1,53,568,goethite,FeOOH,U(+6),24.39735587915734,8.95734344074792,Na(+1),0.013453882953530212,NO3(-1),0.013453882953530212,2.3,99.36734635448433
synthetic_study_0,115,569,goethite,FeOOH,U(+6),24.822992637132423,2.680884244375041,Na(+1),0.5246480399850689,NO3(-1),0.5246480399850689,2.3,1.0619528603513984
synthetic_study_2,79,570,goethite,FeOOH,U(+6),24.729755775282023,5.4968557738788615,Na(+1),0.0311392157032273,NO3(-1),0.0311392157032273,2.3,50.90771292028153
synthetic_study_3,134,571,goethite,FeOOH,U(+6),25.01929994543704,6.285631771108551,Na(+1),0.4038619661678638,NO3(-1),0.4038619661678638,2.3,70.2341070324552
synthetic_study_2,41,572,goethite,FeOOH,U(+6),24.931514932944985,4.232226405414596,Na(+1),1.094069282101489,NO3(-1),1.094069282101489,2.3,0.9393339852296996
synthetic_study_0,63,573,goethite,FeOOH,U(+6),25.111944724513876,5.347249756138324,Na(+1),0.9527676480118625,NO3(-1),0.9527676480118625,2.3,27.844200390141292
synthetic_study_1,137,574,goethite,FeOOH,U(+6),25.337749080943738,4.282331484227617,Na(+1),0.4520517139010122,NO3(-1),0.4520517139010122,2.3,0.0
synthetic_study_0,24,575,goethite,FeOOH,U(+6),24.705720732668855,4.754624850677806,Na(+1),0.011636133413106821,NO3(-1),0.011636133413106821,2.3,29.745999577808814
synthetic_study_2,53,576,goethite,FeOOH,U(+6),24.92492705230546,9.914968485828732,Na(+1),1.0272541222983587,NO3(-1),1.0272541222983587,2.3,100.87742697173776
synthetic_study_2,135,577,goethite,FeOOH,U(+6),24.885779190012965,5.837402930478609,Na(+1),0.0032064262441399588,NO3(-1),0.0032064262441399588,2.3,76.5620032717605
synthetic_study_1,110,578,goethite,FeOOH,U(+6),24.737929389822845,5.58691953008576,Na(+1),0.007221766175702301,NO3(-1),0.007221766175702301,2.3,55.130022148653914
synthetic_study_0,21,579,goethite,FeOOH,U(+6),24.64209738731885,7.389395619473394,Na(+1),0.13582059836293556,NO3(-1),0.13582059836293556,2.3,100.64918663769305
synthetic_study_0,16,580,goethite,FeOOH,U(+6),25.017894609825934,7.8131348539880445,Na(+1),0.2944406018637106,NO3(-1),0.2944406018637106,2.3,100.14349797774649
synthetic_study_3,91,581,goethite,FeOOH,U(+6),25.079067951486284,7.782212359421478,Na(+1),0.001465918192300306,NO3(-1),0.001465918192300306,2.3,99.12946068945324
synthetic_study_0,131,582,goethite,FeOOH,U(+6),24.916816494836684,3.178071737792111,Na(+1),0.007713505040828911,NO3(-1),0.007713505040828911,2.3,4.850353352794295
synthetic_study_0,77,583,goethite,FeOOH,U(+6),25.16870695805781,7.155220632277514,Na(+1),0.016512377360588946,NO3(-1),0.016512377360588946,2.3,91.33913858419392
synthetic_study_3,77,584,goethite,FeOOH,U(+6),25.09354283108518,8.387388799183805,Na(+1),0.625048231012358,NO3(-1),0.625048231012358,2.3,100.41568327708002
synthetic_study_0,59,585,goethite,FeOOH,U(+6),25.30349895858188,8.864546929147597,Na(+1),0.0010146757468692286,NO3(-1),0.0010146757468692286,2.3,106.09327990284191
synthetic_study_2,96,586,goethite,FeOOH,U(+6),25.012978779754494,7.208274015514821,Na(+1),0.8649388698117372,NO3(-1),0.8649388698117372,2.3,83.88796097157781
synthetic_study_1,21,587,goethite,FeOOH,U(+6),25.045957557749674,3.544584465876463,Na(+1),0.012723624477532329,NO3(-1),0.012723624477532329,2.3,15.573994073675134
synthetic_study_1,113,588,goethite,FeOOH,U(+6),25.33623869163647,3.169922591174232,Na(+1),0.10831602837472584,NO3(-1),0.10831602837472584,2.3,0.0
synthetic_study_3,91,589,goethite,FeOOH,U(+6),24.87051528073915,5.084429544846543,Na(+1),1.2246460832769968,NO3(-1),1.2246460832769968,2.3,20.42759026267346
synthetic_study_3,19,590,goethite,FeOOH,U(+6),25.138614290563773,9.9204704757277,Na(+1),0.001596890723949682,NO3(-1),0.001596890723949682,2.3,96.66713664992551
synthetic_study_0,138,591,goethite,FeOOH,U(+6),25.298603479607593,6.280940230667859,Na(+1),0.06299939803478419,NO3(-1),0.06299939803478419,2.3,77.85118569279138
synthetic_study_2,123,592,goethite,FeOOH,U(+6),25.270798416219183,9.663791257181185,Na(+1),0.005411500759853053,NO3(-1),0.005411500759853053,2.3,94.84487289197948
synthetic_study_0,36,593,goethite,FeOOH,U(+6),25.249553075256046,6.177399626216199,Na(+1),0.20769053442164687,NO3(-1),0.20769053442164687,2.3,64.04607667060368
synthetic_study_0,75,594,goethite,FeOOH,U(+6),25.18752336702391,8.540944852481015,Na(+1),0.4998048751677015,NO3(-1),0.4998048751677015,2.3,97.8854913922901
synthetic_study_1,142,595,goethite,FeOOH,U(+6),24.915367219019622,6.381017405517123,Na(+1),0.00649565820862166,NO3(-1),0.00649565820862166,2.3,84.48984551677569
synthetic_study_1,49,596,goethite,FeOOH,U(+6),25.295331946876775,8.169618091459071,Na(+1),0.6881008355270407,NO3(-1),0.6881008355270407,2.3,96.64672032400145
synthetic_study_1,78,597,goethite,FeOOH,U(+6),24.849139062166287,5.037434213337437,Na(+1),0.003850033006534518,NO3(-1),0.003850033006534518,2.3,49.024458590832374
synthetic_study_2,44,598,goethite,FeOOH,U(+6),24.873952348972537,9.618922109093631,Na(+1),0.038391801214583694,NO3(-1),0.038391801214583694,2.3,94.78660489315227
synthetic_study_1,106,599,goethite,FeOOH,U(+6),24.936300693896438,4.625664549892665,Na(+1),0.002711643654473004,NO3(-1),0.002711643654473004,2.3,26.363510243930968
synthetic_study_2,60,0,goethite,FeOOH,Se(+4),24.645250162715023,4.078856859964359,Na(+1),0.0014815793178879636,NO3(-1),0.0014815793178879636,2.3,76.49908707646945
synthetic_study_2,121,1,goethite,FeOOH,Se(+4),24.711455203778815,4.494961849034262,Na(+1),0.0699014589170098,NO3(-1),0.0699014589170098,2.3,73.12706487663966
synthetic_study_3,108,2,goethite,FeOOH,Se(+4),25.14537901271608,5.408362024673891,Na(+1),0.001601254883632406,NO3(-1),0.001601254883632406,2.3,36.06057066636953
synthetic_study_2,41,3,goethite,FeOOH,Se(+4),24.83370992145376,10.284423593956454,Na(+1),0.5227422042411668,NO3(-1),0.5227422042411668,2.3,0.05486881836651686
synthetic_study_3,90,4,goethite,FeOOH,Se(+4),25.646907438100005,6.9150559457608,Na(+1),0.35810442194789804,NO3(-1),0.35810442194789804,2.3,15.880280189550971
synthetic_study_2,97,5,goethite,FeOOH,Se(+4),24.92062745747185,3.66933181319294,Na(+1),0.0031082819496829795,NO3(-1),0.0031082819496829795,2.3,82.20112502329124
synthetic_study_2,77,6,goethite,FeOOH,Se(+4),25.242522822969423,9.216255993934404,Na(+1),0.012094550786591596,NO3(-1),0.012094550786591596,2.3,0.0
synthetic_study_1,51,7,goethite,FeOOH,Se(+4),25.11042932266014,4.822727176641371,Na(+1),0.007939981807156922,NO3(-1),0.007939981807156922,2.3,54.17486001568436
synthetic_study_3,67,8,goethite,FeOOH,Se(+4),24.560744381791952,2.667587797668091,Na(+1),0.04208636018271859,NO3(-1),0.04208636018271859,2.3,100.16699732686459
synthetic_study_3,56,9,goethite,FeOOH,Se(+4),24.3252679411255,8.358265045204444,Na(+1),0.05674617772437866,NO3(-1),0.05674617772437866,2.3,0.0
synthetic_study_3,4,10,goethite,FeOOH,Se(+4),24.49523902373929,10.193320413056089,Na(+1),0.008188822493404236,NO3(-1),0.008188822493404236,2.3,4.660242299434136
synthetic_study_2,101,11,goethite,FeOOH,Se(+4),24.93935469076047,9.65854613740704,Na(+1),0.22078782709311773,NO3(-1),0.22078782709311773,2.3,8.988247007393719
synthetic_study_2,117,12,goethite,FeOOH,Se(+4),25.32185662078114,2.801656460759834,Na(+1),0.004367185718536298,NO3(-1),0.004367185718536298,2.3,88.16120276044789
synthetic_study_2,140,13,goethite,FeOOH,Se(+4),24.80498862154128,6.195130829322688,Na(+1),0.0014660549626775428,NO3(-1),0.0014660549626775428,2.3,25.31143937942414
synthetic_study_2,144,14,goethite,FeOOH,Se(+4),25.04568943660498,4.0270214836531935,Na(+1),0.4628584776713343,NO3(-1),0.4628584776713343,2.3,82.21225119638507
synthetic_study_0,121,15,goethite,FeOOH,Se(+4),25.049533245262438,4.92644897688668,Na(+1),0.003386184741259763,NO3(-1),0.003386184741259763,2.3,58.07120156168877
synthetic_study_3,133,16,goethite,FeOOH,Se(+4),25.793597473975293,3.9983291841256046,Na(+1),1.4043738293762105,NO3(-1),1.4043738293762105,2.3,82.32415616507677
synthetic_study_1,52,17,goethite,FeOOH,Se(+4),24.834308841457418,8.772336797172068,Na(+1),0.17528176925347552,NO3(-1),0.17528176925347552,2.3,7.362434960936767
synthetic_study_3,51,18,goethite,FeOOH,Se(+4),24.84276158057168,4.741889296749438,Na(+1),0.014523347429024292,NO3(-1),0.014523347429024292,2.3,57.93258034734453
synthetic_study_0,10,19,goethite,FeOOH,Se(+4),24.98167103633108,10.226908926737263,Na(+1),0.006696830865553351,NO3(-1),0.006696830865553351,2.3,0.0
synthetic_study_0,76,20,goethite,FeOOH,Se(+4),25.03846399494946,6.699378176458668,Na(+1),0.02649691290662094,NO3(-1),0.02649691290662094,2.3,22.748509557116748
synthetic_study_2,145,21,goethite,FeOOH,Se(+4),24.306785016094004,7.076566776479631,Na(+1),0.004262021789442406,NO3(-1),0.004262021789442406,2.3,5.959339963780712
synthetic_study_1,127,22,goethite,FeOOH,Se(+4),24.992992935475982,8.802716192211154,Na(+1),0.011033512826677187,NO3(-1),0.011033512826677187,2.3,0.0
synthetic_study_3,51,23,goethite,FeOOH,Se(+4),24.8180131838189,7.94532674423393,Na(+1),0.0042857181795536246,NO3(-1),0.0042857181795536246,2.3,3.8969953567303337
synthetic_study_1,23,24,goethite,FeOOH,Se(+4),24.953679510621694,9.398221638899454,Na(+1),0.0011614802646753009,NO3(-1),0.0011614802646753009,2.3,0.0
synthetic_study_1,107,25,goethite,FeOOH,Se(+4),24.704128653689295,3.5186897772616144,Na(+1),0.03756506865744325,NO3(-1),0.03756506865744325,2.3,91.5798061892563
synthetic_study_1,23,26,goethite,FeOOH,Se(+4),25.24088968334545,6.464481171695769,Na(+1),0.2854932677059965,NO3(-1),0.2854932677059965,2.3,19.818798495616946
synthetic_study_3,8,27,goethite,FeOOH,Se(+4),25.31743090211419,6.879817436847503,Na(+1),0.48198058017320927,NO3(-1),0.48198058017320927,2.3,15.004906656623916
synthetic_study_0,30,28,goethite,FeOOH,Se(+4),25.16414383137031,3.3731370207998586,Na(+1),0.008774522497324364,NO3(-1),0.008774522497324364,2.3,90.22331632925851
synthetic_study_2,1,29,goethite,FeOOH,Se(+4),25.261771286123867,8.360960823759537,Na(+1),0.5507217001067095,NO3(-1),0.5507217001067095,2.3,0.9051638558829174
synthetic_study_2,118,30,goethite,FeOOH,Se(+4),24.732643484233193,6.131936666514413,Na(+1),0.24862096135288927,NO3(-1),0.24862096135288927,2.3,34.366265397879616
synthetic_study_3,96,31,goethite,FeOOH,Se(+4),24.738510380955994,7.461224789737933,Na(+1),0.21436816465750858,NO3(-1),0.21436816465750858,2.3,13.185957703926352
synthetic_study_0,69,32,goethite,FeOOH,Se(+4),24.814931722402036,9.40695641709835,Na(+1),0.03459509705412358,NO3(-1),0.03459509705412358,2.3,8.87699650457097
synthetic_study_2,129,33,goethite,FeOOH,Se(+4),25.21016001521381,8.167477809189585,Na(+1),0.05601844428985545,NO3(-1),0.05601844428985545,2.3,12.165420380340397
synthetic_study_0,66,34,goethite,FeOOH,Se(+4),25.282388728359088,8.669070969828867,Na(+1),0.002643260869350311,NO3(-1),0.002643260869350311,2.3,0.0
synthetic_study_1,64,35,goethite,FeOOH,Se(+4),25.27135036525028,4.842527015821154,Na(+1),0.6732767875554041,NO3(-1),0.6732767875554041,2.3,63.786490085107566
synthetic_study_2,112,36,goethite,FeOOH,Se(+4),25.050176218890822,6.0781178643873695,Na(+1),0.14583478235005443,NO3(-1),0.14583478235005443,2.3,26.750235808628876
synthetic_study_3,95,37,goethite,FeOOH,Se(+4),25.08502242226656,9.88562076017347,Na(+1),0.016578918163186396,NO3(-1),0.016578918163186396,2.3,0.445545696518848
synthetic_study_2,82,38,goethite,FeOOH,Se(+4),25.247441810674683,5.6121601475852305,Na(+1),0.020494094604331627,NO3(-1),0.020494094604331627,2.3,37.25538268991297
synthetic_study_3,105,39,goethite,FeOOH,Se(+4),24.79133778525513,6.269523531789067,Na(+1),0.025241744571792037,NO3(-1),0.025241744571792037,2.3,22.101518622376332
synthetic_study_1,26,40,goethite,FeOOH,Se(+4),24.89233174504686,3.540645346850659,Na(+1),0.023974804441411635,NO3(-1),0.023974804441411635,2.3,81.42699121599323
synthetic_study_1,127,41,goethite,FeOOH,Se(+4),25.118377551713557,7.852873462173745,Na(+1),0.0036834695935381626,NO3(-1),0.0036834695935381626,2.3,9.29115264768002
synthetic_study_3,88,42,goethite,FeOOH,Se(+4),25.4704604992708,4.309982494188748,Na(+1),0.005712878130572531,NO3(-1),0.005712878130572531,2.3,63.57428625178462
synthetic_study_3,13,43,goethite,FeOOH,Se(+4),25.187918833545456,3.8161907316570582,Na(+1),0.0034845435421536836,NO3(-1),0.0034845435421536836,2.3,76.84589615279639
synthetic_study_1,8,44,goethite,FeOOH,Se(+4),24.9903453044959,9.45564017486843,Na(+1),0.2434990845357603,NO3(-1),0.2434990845357603,2.3,4.266385142119572
synthetic_study_3,80,45,goethite,FeOOH,Se(+4),24.850944288812606,3.9152353607238295,Na(+1),0.001409753695072992,NO3(-1),0.001409753695072992,2.3,78.04369662206582
synthetic_study_2,126,46,goethite,FeOOH,Se(+4),25.042666033499064,7.213922394837315,Na(+1),0.026641360512211033,NO3(-1),0.026641360512211033,2.3,8.670447724285966
synthetic_study_2,66,47,goethite,FeOOH,Se(+4),24.17981416913914,4.629363448863289,Na(+1),0.0013884552253093933,NO3(-1),0.0013884552253093933,2.3,62.041208337269694
synthetic_study_2,115,48,goethite,FeOOH,Se(+4),25.21469002503473,6.371275270173673,Na(+1),0.0030042663326797893,NO3(-1),0.0030042663326797893,2.3,16.499484555220135
synthetic_study_2,51,49,goethite,FeOOH,Se(+4),25.14596012308162,9.839099388691643,Na(+1),0.02147643609213386,NO3(-1),0.02147643609213386,2.3,8.481202764893403
synthetic_study_3,51,50,goethite,FeOOH,Se(+4),24.744163722240398,8.69255684873446,Na(+1),0.006168228269851194,NO3(-1),0.006168228269851194,2.3,5.925683714040453
synthetic_study_1,55,51,goethite,FeOOH,Se(+4),25.101029846681836,8.642058390789987,Na(+1),0.00415210081393663,NO3(-1),0.00415210081393663,2.3,0.0
synthetic_study_1,4,52,goethite,FeOOH,Se(+4),25.01859673270975,3.24052877596003,Na(+1),0.03156566932850854,NO3(-1),0.03156566932850854,2.3,93.24858856668493
synthetic_study_2,62,53,goethite,FeOOH,Se(+4),24.69075871895929,3.356214805866383,Na(+1),0.015221652423065637,NO3(-1),0.015221652423065637,2.3,86.97189007095011
synthetic_study_3,136,54,goethite,FeOOH,Se(+4),25.411115418757944,8.666813879437244,Na(+1),0.0043880131430099716,NO3(-1),0.0043880131430099716,2.3,3.2655097952591072
synthetic_study_1,25,55,goethite,FeOOH,Se(+4),25.05231272720716,6.328449003998073,Na(+1),0.008359373573245137,NO3(-1),0.008359373573245137,2.3,24.95931950863547
synthetic_study_2,128,56,goethite,FeOOH,Se(+4),24.68745574025666,9.273277246329386,Na(+1),0.002942827421912747,NO3(-1),0.002942827421912747,2.3,0.0
synthetic_study_0,129,57,goethite,FeOOH,Se(+4),25.651118931825472,5.50396425526217,Na(+1),0.09306917646648426,NO3(-1),0.09306917646648426,2.3,49.80943181631402
synthetic_study_2,21,58,goethite,FeOOH,Se(+4),24.986435689842263,7.533552437252258,Na(+1),0.027950540874666807,NO3(-1),0.027950540874666807,2.3,5.816815395229964
synthetic_study_2,43,59,goethite,FeOOH,Se(+4),24.798358099817158,4.640649898626553,Na(+1),0.05919981355539359,NO3(-1),0.05919981355539359,2.3,70.79533623278189
synthetic_study_2,2,60,goethite,FeOOH,Se(+4),25.22427562200792,5.708239258180615,Na(+1),0.07792316749796856,NO3(-1),0.07792316749796856,2.3,40.05148509984095
synthetic_study_0,59,61,goethite,FeOOH,Se(+4),25.26737729210449,6.486234564548156,Na(+1),0.7270620303444825,NO3(-1),0.7270620303444825,2.3,22.274440387719345
synthetic_study_0,75,62,goethite,FeOOH,Se(+4),25.09437461278079,3.8982076896366076,Na(+1),0.014044888419681531,NO3(-1),0.014044888419681531,2.3,74.27198535275681
synthetic_study_2,87,63,goethite,FeOOH,Se(+4),24.127859488393117,5.593232811276363,Na(+1),0.07014692306537394,NO3(-1),0.07014692306537394,2.3,36.198380338474884
synthetic_study_2,19,64,goethite,FeOOH,Se(+4),24.983554716965834,5.3465731610018485,Na(+1),0.009666078263723916,NO3(-1),0.009666078263723916,2.3,44.30201985167921
synthetic_study_3,102,65,goethite,FeOOH,Se(+4),24.97776896858068,4.425574857771957,Na(+1),0.009276436693955418,NO3(-1),0.009276436693955418,2.3,63.39665796805737
synthetic_study_1,86,66,goethite,FeOOH,Se(+4),24.967988260226413,8.57371566305671,Na(+1),0.021018073515003798,NO3(-1),0.021018073515003798,2.3,0.23574911891987527
synthetic_study_0,73,67,goethite,FeOOH,Se(+4),25.18690374074119,7.352207396755678,Na(+1),0.01457868263032993,NO3(-1),0.01457868263032993,2.3,6.8415383515448305
synthetic_study_2,99,68,goethite,FeOOH,Se(+4),25.074837713406584,5.966324373458721,Na(+1),0.18600158947016923,NO3(-1),0.18600158947016923,2.3,31.051081488923245
synthetic_study_3,66,69,goethite,FeOOH,Se(+4),24.92730228105568,7.093508265567195,Na(+1),0.024908931471347717,NO3(-1),0.024908931471347717,2.3,8.862629179655599
synthetic_study_1,25,70,goethite,FeOOH,Se(+4),24.56128434786608,6.079489794380716,Na(+1),0.0014625768235693372,NO3(-1),0.0014625768235693372,2.3,24.28855117061426
synthetic_study_3,54,71,goethite,FeOOH,Se(+4),25.202893497386803,5.156918710267418,Na(+1),0.001001889780357196,NO3(-1),0.001001889780357196,2.3,47.391777971518664
synthetic_study_0,107,72,goethite,FeOOH,Se(+4),24.924904587168445,4.270763259932519,Na(+1),0.024996906202148082,NO3(-1),0.024996906202148082,2.3,75.16525385855509
synthetic_study_0,75,73,goethite,FeOOH,Se(+4),25.04835848878353,8.095358515429353,Na(+1),0.022518643783150803,NO3(-1),0.022518643783150803,2.3,6.3142645314843335
synthetic_study_1,80,74,goethite,FeOOH,Se(+4),25.348033791954872,2.606639049931018,Na(+1),0.09267475838295088,NO3(-1),0.09267475838295088,2.3,97.3279540938307
synthetic_study_0,34,75,goethite,FeOOH,Se(+4),25.255152117027205,3.3124206960680063,Na(+1),0.013321109401388365,NO3(-1),0.013321109401388365,2.3,86.46996342089109
synthetic_study_0,115,76,goethite,FeOOH,Se(+4),25.057163044828165,7.038103209476646,Na(+1),0.7472150714330102,NO3(-1),0.7472150714330102,2.3,15.709553558005577
synthetic_study_0,3,77,goethite,FeOOH,Se(+4),24.731051244138655,4.813765477508095,Na(+1),0.10439139096165771,NO3(-1),0.10439139096165771,2.3,56.52174644290932
synthetic_study_1,5,78,goethite,FeOOH,Se(+4),24.745393812414484,4.797837847851584,Na(+1),0.25505703609232133,NO3(-1),0.25505703609232133,2.3,65.9875493869479
synthetic_study_2,137,79,goethite,FeOOH,Se(+4),24.61021729675663,8.649560657560471,Na(+1),0.003135527369368078,NO3(-1),0.003135527369368078,2.3,0.0
synthetic_study_0,82,80,goethite,FeOOH,Se(+4),24.83354481041103,10.432363755981061,Na(+1),0.0061309633599511545,NO3(-1),0.0061309633599511545,2.3,5.204427286404891
synthetic_study_1,28,81,goethite,FeOOH,Se(+4),25.5334283498195,6.756043664776513,Na(+1),0.021727296325580306,NO3(-1),0.021727296325580306,2.3,7.182709603355539
synthetic_study_3,83,82,goethite,FeOOH,Se(+4),24.971277723943913,2.520668508710208,Na(+1),0.10402249652083698,NO3(-1),0.10402249652083698,2.3,91.37588404277528
synthetic_study_2,60,83,goethite,FeOOH,Se(+4),24.99061993974054,7.31123146705841,Na(+1),0.0038539957548971663,NO3(-1),0.0038539957548971663,2.3,16.36677378189051
synthetic_study_0,111,84,goethite,FeOOH,Se(+4),25.02048845929406,8.546909629283206,Na(+1),0.37920266124758784,NO3(-1),0.37920266124758784,2.3,5.931242308009885
synthetic_study_0,80,85,goethite,FeOOH,Se(+4),25.172985059239892,3.9508143531573987,Na(+1),0.011935317107433523,NO3(-1),0.011935317107433523,2.3,84.01264803616156
synthetic_study_1,41,86,goethite,FeOOH,Se(+4),25.357174231710733,4.443349754892818,Na(+1),0.29996112562917643,NO3(-1),0.29996112562917643,2.3,71.07313462663646
synthetic_study_2,50,87,goethite,FeOOH,Se(+4),24.93730512992853,4.167404556336303,Na(+1),0.15512387023500196,NO3(-1),0.15512387023500196,2.3,72.78194000100078
synthetic_study_1,144,88,goethite,FeOOH,Se(+4),25.24175668180133,8.77348029526876,Na(+1),0.0019766363698717556,NO3(-1),0.0019766363698717556,2.3,3.3526862290781594
synthetic_study_1,64,89,goethite,FeOOH,Se(+4),25.93123243429029,9.948679528335425,Na(+1),0.16695349122826195,NO3(-1),0.16695349122826195,2.3,1.237572554444369
synthetic_study_1,36,90,goethite,FeOOH,Se(+4),24.24547806689106,8.92024168901585,Na(+1),0.43171035760782284,NO3(-1),0.43171035760782284,2.3,4.197864899533059
synthetic_study_3,58,91,goethite,FeOOH,Se(+4),24.9084335599435,5.570764481778407,Na(+1),1.949660918206185,NO3(-1),1.949660918206185,2.3,55.831847624822174
synthetic_study_3,123,92,goethite,FeOOH,Se(+4),24.978171205980082,8.748822760877268,Na(+1),0.01314356985230545,NO3(-1),0.01314356985230545,2.3,5.1672812788071365
synthetic_study_2,67,93,goethite,FeOOH,Se(+4),25.010282629980388,6.866441215656887,Na(+1),0.0013133310801459507,NO3(-1),0.0013133310801459507,2.3,4.163117454147916
synthetic_study_2,32,94,goethite,FeOOH,Se(+4),25.058898294044578,5.777695883376366,Na(+1),0.015241125273450663,NO3(-1),0.015241125273450663,2.3,30.867802355522826
synthetic_study_2,115,95,goethite,FeOOH,Se(+4),24.802976691876225,6.151112080355475,Na(+1),0.08530257354631442,NO3(-1),0.08530257354631442,2.3,18.841312414034718
synthetic_study_3,87,96,goethite,FeOOH,Se(+4),25.943510276601526,3.5701692823196494,Na(+1),0.06093712318966286,NO3(-1),0.06093712318966286,2.3,88.88273149306633
synthetic_study_2,78,97,goethite,FeOOH,Se(+4),24.9093684682971,10.27417840804489,Na(+1),0.0012682696527279646,NO3(-1),0.0012682696527279646,2.3,0.0
synthetic_study_3,78,98,goethite,FeOOH,Se(+4),25.067566541468505,9.088109268617647,Na(+1),0.0012672635406326303,NO3(-1),0.0012672635406326303,2.3,0.0
synthetic_study_1,130,99,goethite,FeOOH,Se(+4),24.93356235383005,4.168183846224249,Na(+1),0.028168825455160397,NO3(-1),0.028168825455160397,2.3,77.11951756324324
synthetic_study_0,30,100,goethite,FeOOH,Se(+4),25.160100999640505,7.659313735094485,Na(+1),0.7881053398149035,NO3(-1),0.7881053398149035,2.3,3.7276860413417428
synthetic_study_0,101,101,goethite,FeOOH,Se(+4),25.159305983955154,3.3417710643952008,Na(+1),0.0017202676501640334,NO3(-1),0.0017202676501640334,2.3,89.64860109527429
synthetic_study_2,110,102,goethite,FeOOH,Se(+4),25.092925220677248,3.2613423289262258,Na(+1),0.546568303673575,NO3(-1),0.546568303673575,2.3,94.77031614004319
synthetic_study_3,77,103,goethite,FeOOH,Se(+4),25.424403245663584,3.672472036845087,Na(+1),0.05878123053612114,NO3(-1),0.05878123053612114,2.3,94.22297309423801
synthetic_study_0,107,104,goethite,FeOOH,Se(+4),24.957997348790798,7.062406196441497,Na(+1),0.8185403583080771,NO3(-1),0.8185403583080771,2.3,11.726703788330733
synthetic_study_2,49,105,goethite,FeOOH,Se(+4),25.3029711214955,5.052048927084891,Na(+1),0.01499953788233516,NO3(-1),0.01499953788233516,2.3,56.12660296193803
synthetic_study_0,55,106,goethite,FeOOH,Se(+4),24.55831721389656,9.191264264255059,Na(+1),0.4929630753949899,NO3(-1),0.4929630753949899,2.3,0.0
synthetic_study_0,11,107,goethite,FeOOH,Se(+4),25.305759259241565,7.362111668887097,Na(+1),0.06882579452904507,NO3(-1),0.06882579452904507,2.3,4.073321234111223
synthetic_study_0,47,108,goethite,FeOOH,Se(+4),25.162109571018533,9.349157067549648,Na(+1),0.003284665814737403,NO3(-1),0.003284665814737403,2.3,8.22629299811365
synthetic_study_0,46,109,goethite,FeOOH,Se(+4),25.173164528450236,10.205671349715,Na(+1),0.0046086022645789645,NO3(-1),0.0046086022645789645,2.3,0.0
synthetic_study_0,82,110,goethite,FeOOH,Se(+4),25.042131921049357,3.4049845640036622,Na(+1),1.5929874136062683,NO3(-1),1.5929874136062683,2.3,98.0750044808565
synthetic_study_0,93,111,goethite,FeOOH,Se(+4),24.902071006520714,5.098032581041678,Na(+1),0.010098702687107382,NO3(-1),0.010098702687107382,2.3,48.65673326222125
synthetic_study_2,135,112,goethite,FeOOH,Se(+4),24.296673786832194,5.700877126831482,Na(+1),0.0013907577744618372,NO3(-1),0.0013907577744618372,2.3,32.67318609709035
synthetic_study_0,74,113,goethite,FeOOH,Se(+4),24.83002968704511,5.426817191477313,Na(+1),0.028543807224869298,NO3(-1),0.028543807224869298,2.3,41.78161457131787
synthetic_study_3,54,114,goethite,FeOOH,Se(+4),24.924613005379733,4.413271385655012,Na(+1),0.08380441387785323,NO3(-1),0.08380441387785323,2.3,69.38344585562976
synthetic_study_3,19,115,goethite,FeOOH,Se(+4),24.7695351622118,8.157848804203876,Na(+1),0.1909222485192049,NO3(-1),0.1909222485192049,2.3,0.6562332942817402
synthetic_study_2,41,116,goethite,FeOOH,Se(+4),25.12482366421664,3.9315737600880105,Na(+1),0.0010044690431968437,NO3(-1),0.0010044690431968437,2.3,72.9129579169281
synthetic_study_2,85,117,goethite,FeOOH,Se(+4),24.88874401513715,8.135088047662576,Na(+1),0.004215510467640773,NO3(-1),0.004215510467640773,2.3,4.044274939622129
synthetic_study_0,21,118,goethite,FeOOH,Se(+4),25.161525401432318,5.610505468782481,Na(+1),0.0010463666646032077,NO3(-1),0.0010463666646032077,2.3,36.92843504854937
synthetic_study_1,43,119,goethite,FeOOH,Se(+4),24.82252264247874,6.738854026368381,Na(+1),0.0048927551911389575,NO3(-1),0.0048927551911389575,2.3,9.950547275673712
synthetic_study_2,80,120,goethite,FeOOH,Se(+4),25.13792367064801,7.751483018674886,Na(+1),0.1274970910412141,NO3(-1),0.1274970910412141,2.3,6.408777449192975
synthetic_study_1,40,121,goethite,FeOOH,Se(+4),25.02576216056006,7.68659709163711,Na(+1),0.010185495857712152,NO3(-1),0.010185495857712152,2.3,4.276890750467855
synthetic_study_2,39,122,goethite,FeOOH,Se(+4),24.952055979621825,4.426162990406869,Na(+1),0.004381523896607447,NO3(-1),0.004381523896607447,2.3,65.79224554726004
synthetic_study_3,46,123,goethite,FeOOH,Se(+4),24.66374750353353,6.228146249153335,Na(+1),0.3283952938089267,NO3(-1),0.3283952938089267,2.3,24.47453449104284
synthetic_study_0,44,124,goethite,FeOOH,Se(+4),25.39017829591652,5.194449019310745,Na(+1),0.05756294359822974,NO3(-1),0.05756294359822974,2.3,46.076777139105694
synthetic_study_1,103,125,goethite,FeOOH,Se(+4),24.887830814444385,10.332728485814789,Na(+1),0.12724148522824605,NO3(-1),0.12724148522824605,2.3,0.0
synthetic_study_0,103,126,goethite,FeOOH,Se(+4),24.63095269202683,7.532767269210192,Na(+1),0.44819279653129523,NO3(-1),0.44819279653129523,2.3,8.688819177012721
synthetic_study_3,99,127,goethite,FeOOH,Se(+4),25.401475802024404,5.149595740854549,Na(+1),0.006084357760964848,NO3(-1),0.006084357760964848,2.3,57.04579114237301
synthetic_study_1,9,128,goethite,FeOOH,Se(+4),24.7462993985448,4.4982656031382975,Na(+1),0.0015657779393907195,NO3(-1),0.0015657779393907195,2.3,67.99586679292112
synthetic_study_2,12,129,goethite,FeOOH,Se(+4),24.732919882707876,2.6052484818939297,Na(+1),0.15474636481394458,NO3(-1),0.15474636481394458,2.3,93.79877599833186
synthetic_study_2,95,130,goethite,FeOOH,Se(+4),25.048462133997866,3.1373387849912726,Na(+1),0.42312302956360054,NO3(-1),0.42312302956360054,2.3,87.52493774753833
synthetic_study_0,31,131,goethite,FeOOH,Se(+4),24.57020347853228,8.997017054253021,Na(+1),0.05109829478278361,NO3(-1),0.05109829478278361,2.3,0.0
synthetic_study_3,103,132,goethite,FeOOH,Se(+4),24.800770262027246,4.418396179108039,Na(+1),0.46661996278774126,NO3(-1),0.46661996278774126,2.3,79.32417546233286
synthetic_study_3,89,133,goethite,FeOOH,Se(+4),24.459850645258463,7.6376585273516815,Na(+1),0.015571259439262467,NO3(-1),0.015571259439262467,2.3,10.674065340286651
synthetic_study_2,149,134,goethite,FeOOH,Se(+4),24.430268749985963,10.108652700896181,Na(+1),0.22909752200773523,NO3(-1),0.22909752200773523,2.3,8.822457754193819
synthetic_study_2,13,135,goethite,FeOOH,Se(+4),24.99628958931485,3.46678616372445,Na(+1),0.05481249669394315,NO3(-1),0.05481249669394315,2.3,86.80566708737054
synthetic_study_2,149,136,goethite,FeOOH,Se(+4),24.9368380066042,9.973552455129436,Na(+1),0.012038477575040611,NO3(-1),0.012038477575040611,2.3,2.0085291547527433
synthetic_study_0,114,137,goethite,FeOOH,Se(+4),25.376233688656853,4.016746666902342,Na(+1),0.16314896014836594,NO3(-1),0.16314896014836594,2.3,79.98165218068714
synthetic_study_2,72,138,goethite,FeOOH,Se(+4),25.54131215939282,9.581960022016506,Na(+1),0.002539595188258261,NO3(-1),0.002539595188258261,2.3,6.297786174589275
synthetic_study_2,111,139,goethite,FeOOH,Se(+4),25.082001716097793,8.329135626769812,Na(+1),0.043624577694554655,NO3(-1),0.043624577694554655,2.3,6.803880348137264
synthetic_study_3,10,140,goethite,FeOOH,Se(+4),25.123513341390176,9.068848971114392,Na(+1),0.19414742873079535,NO3(-1),0.19414742873079535,2.3,0.0
synthetic_study_2,26,141,goethite,FeOOH,Se(+4),24.643503842655107,5.347425097166496,Na(+1),0.23130698369195513,NO3(-1),0.23130698369195513,2.3,51.382286992884524
synthetic_study_0,69,142,goethite,FeOOH,Se(+4),24.86359761690727,4.817592027614169,Na(+1),0.0024953193583422645,NO3(-1),0.0024953193583422645,2.3,50.48632000979973
synthetic_study_0,147,143,goethite,FeOOH,Se(+4),25.029541865096878,7.233596572632212,Na(+1),0.2839245785858376,NO3(-1),0.2839245785858376,2.3,11.873081619451815
synthetic_study_1,63,144,goethite,FeOOH,Se(+4),25.294736800249098,7.445549217050661,Na(+1),0.002283332695164662,NO3(-1),0.002283332695164662,2.3,0.35397918415238383
synthetic_study_2,121,145,goethite,FeOOH,Se(+4),25.183209316722678,9.37857707759376,Na(+1),0.4279999676439218,NO3(-1),0.4279999676439218,2.3,2.0082629435699477
synthetic_study_2,85,146,goethite,FeOOH,Se(+4),24.949326873297828,3.474358907278498,Na(+1),0.1515059414827587,NO3(-1),0.1515059414827587,2.3,93.55185193181488
synthetic_study_3,17,147,goethite,FeOOH,Se(+4),24.94388014164915,5.739269073470769,Na(+1),0.006136621155684671,NO3(-1),0.006136621155684671,2.3,36.97652648900259
synthetic_study_2,111,148,goethite,FeOOH,Se(+4),24.75423428046408,4.300419731717608,Na(+1),0.07577105963284757,NO3(-1),0.07577105963284757,2.3,69.76591097718467
synthetic_study_3,133,149,goethite,FeOOH,Se(+4),24.57663513811796,5.356209687545246,Na(+1),1.083977328271514,NO3(-1),1.083977328271514,2.3,54.38328269231127
synthetic_study_0,137,150,goethite,FeOOH,Se(+4),24.727913871869074,4.60868202447785,Na(+1),0.0014620248703934398,NO3(-1),0.0014620248703934398,2.3,53.57152850223894
synthetic_study_3,43,151,goethite,FeOOH,Se(+4),24.980257668520032,3.4590528227797455,Na(+1),0.22389700473134025,NO3(-1),0.22389700473134025,2.3,93.68169785023905
synthetic_study_0,120,152,goethite,FeOOH,Se(+4),25.0664548616737,4.94294332071729,Na(+1),0.17200256125341937,NO3(-1),0.17200256125341937,2.3,62.67035655371153
synthetic_study_3,71,153,goethite,FeOOH,Se(+4),24.93416653787284,10.459175580038796,Na(+1),0.11490297545684233,NO3(-1),0.11490297545684233,2.3,0.0
synthetic_study_2,96,154,goethite,FeOOH,Se(+4),25.08667879289014,8.037585578500572,Na(+1),0.11925785293777481,NO3(-1),0.11925785293777481,2.3,0.978084762377089
synthetic_study_3,20,155,goethite,FeOOH,Se(+4),25.54240642594483,7.221038884687771,Na(+1),0.011077673699870198,NO3(-1),0.011077673699870198,2.3,10.968818051223646
synthetic_study_2,76,156,goethite,FeOOH,Se(+4),25.064700004962713,8.90127104204793,Na(+1),0.001185154541708968,NO3(-1),0.001185154541708968,2.3,0.0
synthetic_study_3,67,157,goethite,FeOOH,Se(+4),24.90801395072655,7.65157266956189,Na(+1),0.018674407806787776,NO3(-1),0.018674407806787776,2.3,6.145281230129756
synthetic_study_3,74,158,goethite,FeOOH,Se(+4),24.966613179844025,6.212556208802411,Na(+1),0.6903710953180671,NO3(-1),0.6903710953180671,2.3,31.86519554928601
synthetic_study_3,122,159,goethite,FeOOH,Se(+4),24.39534455041539,6.630798744814845,Na(+1),0.05268425996547045,NO3(-1),0.05268425996547045,2.3,15.006089102430284
synthetic_study_1,29,160,goethite,FeOOH,Se(+4),25.167039364387946,2.887387914614391,Na(+1),0.007965759678030286,NO3(-1),0.007965759678030286,2.3,90.89496854073673
synthetic_study_0,84,161,goethite,FeOOH,Se(+4),25.06884455019936,8.449020033988397,Na(+1),0.005783076469792735,NO3(-1),0.005783076469792735,2.3,2.6060729763178605
synthetic_study_1,107,162,goethite,FeOOH,Se(+4),25.073240825223976,5.3576372276458955,Na(+1),0.05315957634571689,NO3(-1),0.05315957634571689,2.3,49.18979583461374
synthetic_study_1,11,163,goethite,FeOOH,Se(+4),24.733058371351195,9.16540453410894,Na(+1),0.4851423342965959,NO3(-1),0.4851423342965959,2.3,0.0
synthetic_study_0,97,164,goethite,FeOOH,Se(+4),24.75764058900761,5.801714498775661,Na(+1),0.001382018951321514,NO3(-1),0.001382018951321514,2.3,25.227241055492122
synthetic_study_0,47,165,goethite,FeOOH,Se(+4),24.576698507854147,7.953510261689737,Na(+1),0.0019100693923201288,NO3(-1),0.0019100693923201288,2.3,6.658183549955876
synthetic_study_1,45,166,goethite,FeOOH,Se(+4),25.012571101768224,5.98903573222648,Na(+1),0.038673956062737234,NO3(-1),0.038673956062737234,2.3,19.346538866247208
synthetic_study_1,81,167,goethite,FeOOH,Se(+4),25.85261593092193,3.743501965566189,Na(+1),0.3573908046215735,NO3(-1),0.3573908046215735,2.3,90.36214737681618
synthetic_study_0,5,168,goethite,FeOOH,Se(+4),25.133697241159876,6.653675353226634,Na(+1),0.16269259597910288,NO3(-1),0.16269259597910288,2.3,24.240760697346726
synthetic_study_0,66,169,goethite,FeOOH,Se(+4),25.612374636703994,10.218782738774156,Na(+1),0.13227240159264403,NO3(-1),0.13227240159264403,2.3,8.02040329106143
synthetic_study_2,51,170,goethite,FeOOH,Se(+4),24.758657446185758,4.467620641790188,Na(+1),0.4320755026527777,NO3(-1),0.4320755026527777,2.3,64.94651770799075
synthetic_study_0,72,171,goethite,FeOOH,Se(+4),25.045006982219064,4.02964909085724,Na(+1),0.004996073551086116,NO3(-1),0.004996073551086116,2.3,73.60507518081339
synthetic_study_3,130,172,goethite,FeOOH,Se(+4),25.307397475222828,9.245297601767518,Na(+1),0.0661153743960204,NO3(-1),0.0661153743960204,2.3,0.0
synthetic_study_2,149,173,goethite,FeOOH,Se(+4),25.362115716474502,5.541763910315447,Na(+1),0.02413842931807508,NO3(-1),0.02413842931807508,2.3,45.79697486997282
synthetic_study_0,83,174,goethite,FeOOH,Se(+4),24.47094196483044,6.586220836386675,Na(+1),0.4830119175198215,NO3(-1),0.4830119175198215,2.3,24.47311135517496
synthetic_study_1,74,175,goethite,FeOOH,Se(+4),24.855434516518457,6.9953975255611285,Na(+1),1.5518266461102963,NO3(-1),1.5518266461102963,2.3,20.62987832759686
synthetic_study_3,21,176,goethite,FeOOH,Se(+4),25.293844789609267,7.152388592452736,Na(+1),0.5327682841902931,NO3(-1),0.5327682841902931,2.3,15.987988893909348
synthetic_study_3,147,177,goethite,FeOOH,Se(+4),25.49373558095499,8.955788243737977,Na(+1),0.0729048117017531,NO3(-1),0.0729048117017531,2.3,0.0
synthetic_study_3,116,178,goethite,FeOOH,Se(+4),24.79331657246356,5.762859633275553,Na(+1),1.0772449993050257,NO3(-1),1.0772449993050257,2.3,44.60585411265822
synthetic_study_0,8,179,goethite,FeOOH,Se(+4),24.7587317147459,6.550796721410756,Na(+1),0.0023101342374079225,NO3(-1),0.0023101342374079225,2.3,6.050452918264282
synthetic_study_1,90,180,goethite,FeOOH,Se(+4),24.569351436747233,3.162694274592104,Na(+1),0.08165601699579743,NO3(-1),0.08165601699579743,2.3,93.10246781436406
synthetic_study_0,133,181,goethite,FeOOH,Se(+4),24.95158948075411,9.512630766246449,Na(+1),0.8871495485974723,NO3(-1),0.8871495485974723,2.3,1.9366392909653056
synthetic_study_2,58,182,goethite,FeOOH,Se(+4),24.775947502004932,7.884218588903012,Na(+1),0.13914084431579934,NO3(-1),0.13914084431579934,2.3,4.801142830853675
synthetic_study_0,62,183,goethite,FeOOH,Se(+4),25.51050312420365,5.169809781139645,Na(+1),0.09316907603644176,NO3(-1),0.09316907603644176,2.3,54.39434291644433
synthetic_study_1,31,184,goethite,FeOOH,Se(+4),25.422638404042754,3.919466952287408,Na(+1),0.047326800337034146,NO3(-1),0.047326800337034146,2.3,84.03922221390383
synthetic_study_2,128,185,goethite,FeOOH,Se(+4),25.05678223053967,6.732752934077081,Na(+1),0.0019356082939528056,NO3(-1),0.0019356082939528056,2.3,9.083908765190566
synthetic_study_2,111,186,goethite,FeOOH,Se(+4),25.402886424441146,3.8980061364809533,Na(+1),0.0026250561062094425,NO3(-1),0.0026250561062094425,2.3,78.40149027244007
synthetic_study_0,137,187,goethite,FeOOH,Se(+4),25.22498115220446,5.424622829222711,Na(+1),0.30535763634502666,NO3(-1),0.30535763634502666,2.3,55.05628664291341
synthetic_study_1,21,188,goethite,FeOOH,Se(+4),25.015515365368742,6.895728739452533,Na(+1),0.006230893496585899,NO3(-1),0.006230893496585899,2.3,13.080359119534092
synthetic_study_1,81,189,goethite,FeOOH,Se(+4),25.2187708959233,6.418551372434879,Na(+1),0.4364772288906639,NO3(-1),0.4364772288906639,2.3,25.885116700338695
synthetic_study_1,137,190,goethite,FeOOH,Se(+4),25.221695525940618,6.9371008133193515,Na(+1),0.0020478931431583934,NO3(-1),0.0020478931431583934,2.3,9.968617158467536
synthetic_study_2,15,191,goethite,FeOOH,Se(+4),25.00750167567371,10.487779137060551,Na(+1),0.3514428402979681,NO3(-1),0.3514428402979681,2.3,0.0
synthetic_study_1,13,192,goethite,FeOOH,Se(+4),24.811485728941108,4.2229261773617,Na(+1),0.029063767046650545,NO3(-1),0.029063767046650545,2.3,80.31603324547453
synthetic_study_1,54,193,goethite,FeOOH,Se(+4),24.933093953690438,6.062967489983965,Na(+1),0.44947458513921945,NO3(-1),0.44947458513921945,2.3,31.47194676904274
synthetic_study_2,68,194,goethite,FeOOH,Se(+4),25.064222786011282,2.929654603296192,Na(+1),0.001117480814073261,NO3(-1),0.001117480814073261,2.3,90.18585377476283
synthetic_study_1,10,195,goethite,FeOOH,Se(+4),25.403181359250194,8.97717094811461,Na(+1),0.29987686851749956,NO3(-1),0.29987686851749956,2.3,0.6415578867266636
synthetic_study_0,75,196,goethite,FeOOH,Se(+4),24.81164787648064,7.184483292691093,Na(+1),0.02276160075216314,NO3(-1),0.02276160075216314,2.3,8.227779571684827
synthetic_study_2,122,197,goethite,FeOOH,Se(+4),24.95241013087518,9.90798469798357,Na(+1),1.582021194650801,NO3(-1),1.582021194650801,2.3,0.0
synthetic_study_1,50,198,goethite,FeOOH,Se(+4),25.359052591278797,7.76122776775958,Na(+1),0.006761075442760395,NO3(-1),0.006761075442760395,2.3,1.9495425667009902
synthetic_study_0,146,199,goethite,FeOOH,Se(+4),24.849717078098838,6.308827975192119,Na(+1),0.021896985030520087,NO3(-1),0.021896985030520087,2.3,25.69782418520839
synthetic_study_0,31,200,goethite,FeOOH,Se(+4),25.283511355764226,6.738695417181289,Na(+1),0.15687437789834408,NO3(-1),0.15687437789834408,2.3,22.89833022150585
synthetic_study_1,101,201,goethite,FeOOH,Se(+4),24.691515007996777,6.110983069111761,Na(+1),0.21338614705857825,NO3(-1),0.21338614705857825,2.3,31.37646936699121
synthetic_study_3,46,202,goethite,FeOOH,Se(+4),24.89600819081506,5.170347371255053,Na(+1),0.18618934430900103,NO3(-1),0.18618934430900103,2.3,50.46283355121322
synthetic_study_3,57,203,goethite,FeOOH,Se(+4),24.927725057985885,7.336339869391421,Na(+1),0.5538715320432149,NO3(-1),0.5538715320432149,2.3,10.670276359323513
synthetic_study_0,138,204,goethite,FeOOH,Se(+4),25.432305075032744,5.835621274742612,Na(+1),1.2351302651021026,NO3(-1),1.2351302651021026,2.3,50.15907492853687
synthetic_study_3,111,205,goethite,FeOOH,Se(+4),25.026720116485528,9.064204214622116,Na(+1),0.24241057631714275,NO3(-1),0.24241057631714275,2.3,2.8845126038205793
synthetic_study_3,141,206,goethite,FeOOH,Se(+4),24.624384069630022,9.445897175097445,Na(+1),0.049468568416036265,NO3(-1),0.049468568416036265,2.3,0.14088838722680674
synthetic_study_3,149,207,goethite,FeOOH,Se(+4),24.624217375042768,5.203255913169046,Na(+1),0.29101615781620005,NO3(-1),0.29101615781620005,2.3,51.96874262586262
synthetic_study_1,61,208,goethite,FeOOH,Se(+4),25.590295990110736,8.033600229799209,Na(+1),1.732576763327883,NO3(-1),1.732576763327883,2.3,8.061611941267117
synthetic_study_1,70,209,goethite,FeOOH,Se(+4),25.161888703173148,5.9462008287453045,Na(+1),0.0010305259113437555,NO3(-1),0.0010305259113437555,2.3,22.917935849767236
synthetic_study_1,16,210,goethite,FeOOH,Se(+4),24.863970418745595,4.447278561995212,Na(+1),0.33249052624507086,NO3(-1),0.33249052624507086,2.3,79.4706423617697
synthetic_study_1,14,211,goethite,FeOOH,Se(+4),25.251884834723715,10.415228341177798,Na(+1),0.02676523828103451,NO3(-1),0.02676523828103451,2.3,4.645486723259913
synthetic_study_3,110,212,goethite,FeOOH,Se(+4),24.796492077246917,4.404925357507442,Na(+1),0.18055794294272495,NO3(-1),0.18055794294272495,2.3,76.16386792341919
synthetic_study_0,88,213,goethite,FeOOH,Se(+4),25.114738040369,7.782359957381384,Na(+1),0.005164701742769652,NO3(-1),0.005164701742769652,2.3,4.848086094722036
synthetic_study_1,103,214,goethite,FeOOH,Se(+4),24.809995589922124,8.599628410971615,Na(+1),0.005688463471549505,NO3(-1),0.005688463471549505,2.3,4.057232169265988
synthetic_study_2,128,215,goethite,FeOOH,Se(+4),25.038844926316948,8.059233842525323,Na(+1),0.3549933155510681,NO3(-1),0.3549933155510681,2.3,6.266842226636259
synthetic_study_0,6,216,goethite,FeOOH,Se(+4),24.644051677996654,3.206966826581991,Na(+1),0.32348836500314393,NO3(-1),0.32348836500314393,2.3,91.03949739653655
synthetic_study_1,103,217,goethite,FeOOH,Se(+4),25.11586145927725,4.788494317492727,Na(+1),0.15525692606960542,NO3(-1),0.15525692606960542,2.3,70.13164670007495
synthetic_study_1,43,218,goethite,FeOOH,Se(+4),25.31546670840149,7.966921995814708,Na(+1),0.0013968613502614257,NO3(-1),0.0013968613502614257,2.3,2.936393223718045
synthetic_study_0,119,219,goethite,FeOOH,Se(+4),24.94570019911184,4.541499093631962,Na(+1),0.02794378231845676,NO3(-1),0.02794378231845676,2.3,65.11574354246231
synthetic_study_3,46,220,goethite,FeOOH,Se(+4),25.177163643352657,10.246356247841494,Na(+1),0.007341619948681284,NO3(-1),0.007341619948681284,2.3,0.0
synthetic_study_2,70,221,goethite,FeOOH,Se(+4),24.77184855038419,6.036809399360489,Na(+1),0.001599078376352078,NO3(-1),0.001599078376352078,2.3,21.972624773695948
synthetic_study_0,13,222,goethite,FeOOH,Se(+4),24.92286035284323,6.917269852849652,Na(+1),0.004635035893354639,NO3(-1),0.004635035893354639,2.3,4.839202645718298
synthetic_study_0,116,223,goethite,FeOOH,Se(+4),25.059476977832524,6.530128839010323,Na(+1),0.12454915241613596,NO3(-1),0.12454915241613596,2.3,23.709571468863885
synthetic_study_1,124,224,goethite,FeOOH,Se(+4),25.25045687972009,5.951803556326394,Na(+1),0.01101094110413639,NO3(-1),0.01101094110413639,2.3,24.923236630384398
synthetic_study_0,93,225,goethite,FeOOH,Se(+4),25.020597092402102,6.223680872416263,Na(+1),0.663765994927034,NO3(-1),0.663765994927034,2.3,26.41587602477456
synthetic_study_1,42,226,goethite,FeOOH,Se(+4),24.850777059752108,9.837549983018487,Na(+1),0.22630780318699487,NO3(-1),0.22630780318699487,2.3,0.0
synthetic_study_0,26,227,goethite,FeOOH,Se(+4),24.65588796816809,2.6873415908049756,Na(+1),0.005820470407803891,NO3(-1),0.005820470407803891,2.3,94.37188432085898
synthetic_study_0,24,228,goethite,FeOOH,Se(+4),24.958691551353386,10.258204320698738,Na(+1),0.7576490289200343,NO3(-1),0.7576490289200343,2.3,0.0
synthetic_study_3,124,229,goethite,FeOOH,Se(+4),24.651866084560055,3.4168609516053197,Na(+1),0.0015605053151814346,NO3(-1),0.0015605053151814346,2.3,87.2338169717408
synthetic_study_3,146,230,goethite,FeOOH,Se(+4),25.24100798476643,5.944104140543544,Na(+1),0.015968410702992653,NO3(-1),0.015968410702992653,2.3,25.342773538841858
synthetic_study_2,51,231,goethite,FeOOH,Se(+4),24.464630239333935,8.040761687983014,Na(+1),0.07272294599952107,NO3(-1),0.07272294599952107,2.3,8.502213468630513
synthetic_study_0,50,232,goethite,FeOOH,Se(+4),25.069027384022952,8.902152813211334,Na(+1),0.07886896383440097,NO3(-1),0.07886896383440097,2.3,4.708796214102815
synthetic_study_0,101,233,goethite,FeOOH,Se(+4),24.925573087296467,7.763877137171576,Na(+1),0.0019834941966719783,NO3(-1),0.0019834941966719783,2.3,10.803577003587481
synthetic_study_0,115,234,goethite,FeOOH,Se(+4),24.91277445242851,6.42153626733994,Na(+1),0.23851977264328159,NO3(-1),0.23851977264328159,2.3,22.00619945441505
synthetic_study_0,64,235,goethite,FeOOH,Se(+4),24.991532611709413,9.62276465292048,Na(+1),1.3455891930502508,NO3(-1),1.3455891930502508,2.3,5.560227078116441
synthetic_study_0,120,236,goethite,FeOOH,Se(+4),25.190551795011586,5.977849564777193,Na(+1),0.24064017795582954,NO3(-1),0.24064017795582954,2.3,30.62123526175758
synthetic_study_3,138,237,goethite,FeOOH,Se(+4),25.092891107229292,4.4792875016770575,Na(+1),0.0937748374653833,NO3(-1),0.0937748374653833,2.3,71.63391873149615
synthetic_study_3,130,238,goethite,FeOOH,Se(+4),24.597162215260237,8.746770548531849,Na(+1),0.008292136453723864,NO3(-1),0.008292136453723864,2.3,0.7355399103622571
synthetic_study_0,56,239,goethite,FeOOH,Se(+4),25.31582551459446,7.015883519297725,Na(+1),0.014670283157854668,NO3(-1),0.014670283157854668,2.3,16.54864013765687
synthetic_study_1,108,240,goethite,FeOOH,Se(+4),24.69216964895786,3.5741784820174187,Na(+1),0.0012512422614288686,NO3(-1),0.0012512422614288686,2.3,83.42637197802917
synthetic_study_2,21,241,goethite,FeOOH,Se(+4),24.929188882200034,5.138538512019302,Na(+1),0.007885573733398153,NO3(-1),0.007885573733398153,2.3,56.198631226690246
synthetic_study_2,57,242,goethite,FeOOH,Se(+4),25.173176491065544,3.214294640547241,Na(+1),0.08771010764665556,NO3(-1),0.08771010764665556,2.3,92.52788668617603
synthetic_study_0,57,243,goethite,FeOOH,Se(+4),24.963674506074568,6.830150555862001,Na(+1),0.051729424591661,NO3(-1),0.051729424591661,2.3,15.35023059870752
synthetic_study_0,133,244,goethite,FeOOH,Se(+4),24.725361943634798,3.699504819544628,Na(+1),0.0025486075608470568,NO3(-1),0.0025486075608470568,2.3,80.3387779826913
synthetic_study_1,27,245,goethite,FeOOH,Se(+4),24.777930684669847,8.227116735194022,Na(+1),0.013784211742933254,NO3(-1),0.013784211742933254,2.3,4.196044970155379
synthetic_study_1,147,246,goethite,FeOOH,Se(+4),24.85543648718831,6.944059120320147,Na(+1),0.0659797872890279,NO3(-1),0.0659797872890279,2.3,10.527013427275902
synthetic_study_3,130,247,goethite,FeOOH,Se(+4),25.437272976536597,10.268625136271137,Na(+1),0.05414636511317273,NO3(-1),0.05414636511317273,2.3,0.0
synthetic_study_2,33,248,goethite,FeOOH,Se(+4),24.598688904979195,2.5931297138887164,Na(+1),0.002838192884484491,NO3(-1),0.002838192884484491,2.3,91.36515077376042
synthetic_study_1,64,249,goethite,FeOOH,Se(+4),25.314745374120225,8.228891185320812,Na(+1),0.5520692122012713,NO3(-1),0.5520692122012713,2.3,2.922504388656794
synthetic_study_2,40,250,goethite,FeOOH,Se(+4),24.600260115682236,4.129439861208384,Na(+1),0.6732261688346219,NO3(-1),0.6732261688346219,2.3,79.49047502011985
synthetic_study_1,75,251,goethite,FeOOH,Se(+4),24.84143556335145,2.775837148028926,Na(+1),0.6799744678247045,NO3(-1),0.6799744678247045,2.3,103.96248982368144
synthetic_study_3,84,252,goethite,FeOOH,Se(+4),25.146604744344653,7.525367253775526,Na(+1),0.12817353506548765,NO3(-1),0.12817353506548765,2.3,7.255310368212171
synthetic_study_0,122,253,goethite,FeOOH,Se(+4),24.764410447811304,6.8657228754854716,Na(+1),0.32917088100750974,NO3(-1),0.32917088100750974,2.3,15.295599720083224
synthetic_study_3,5,254,goethite,FeOOH,Se(+4),24.97120548448931,4.918928653522231,Na(+1),0.40503729197669947,NO3(-1),0.40503729197669947,2.3,68.66440194161312
synthetic_study_0,133,255,goethite,FeOOH,Se(+4),24.909843921097096,6.558640317722646,Na(+1),0.04386997067854735,NO3(-1),0.04386997067854735,2.3,22.202214119783964
synthetic_study_2,133,256,goethite,FeOOH,Se(+4),24.712491850568025,2.940726961220027,Na(+1),0.0035049536603287586,NO3(-1),0.0035049536603287586,2.3,87.98174582855042
synthetic_study_2,101,257,goethite,FeOOH,Se(+4),25.493053220859792,5.917432474106409,Na(+1),0.01959284622373421,NO3(-1),0.01959284622373421,2.3,33.527140476889095
synthetic_study_2,130,258,goethite,FeOOH,Se(+4),24.9477533682977,7.1148634459258435,Na(+1),0.17822449226987228,NO3(-1),0.17822449226987228,2.3,16.420313615416728
synthetic_study_3,87,259,goethite,FeOOH,Se(+4),25.461487436954677,9.497682794894647,Na(+1),0.2774094853037464,NO3(-1),0.2774094853037464,2.3,0.0
synthetic_study_0,122,260,goethite,FeOOH,Se(+4),24.36307971916549,9.277444295190861,Na(+1),0.002332351822900318,NO3(-1),0.002332351822900318,2.3,0.3070679274632464
synthetic_study_3,96,261,goethite,FeOOH,Se(+4),25.324599860323,8.877724010490613,Na(+1),0.0024208029495221984,NO3(-1),0.0024208029495221984,2.3,4.174461675459422
synthetic_study_2,41,262,goethite,FeOOH,Se(+4),24.994360933559648,9.875948599277267,Na(+1),0.012793135333667093,NO3(-1),0.012793135333667093,2.3,4.155299400772552
synthetic_study_2,122,263,goethite,FeOOH,Se(+4),24.960549915879255,5.844667671491427,Na(+1),1.7522138574132644,NO3(-1),1.7522138574132644,2.3,38.90831455448492
synthetic_study_2,106,264,goethite,FeOOH,Se(+4),25.33482641063482,6.0923964174293435,Na(+1),0.0029010884834895453,NO3(-1),0.0029010884834895453,2.3,27.57771326601991
synthetic_study_3,52,265,goethite,FeOOH,Se(+4),25.273094574263666,2.573570070990624,Na(+1),0.0013941558360436315,NO3(-1),0.0013941558360436315,2.3,95.41175590968395
synthetic_study_2,127,266,goethite,FeOOH,Se(+4),25.37335197798082,6.158698711586414,Na(+1),0.004652185969770468,NO3(-1),0.004652185969770468,2.3,18.638270115597415
synthetic_study_1,126,267,goethite,FeOOH,Se(+4),25.247947114625042,6.572757754761551,Na(+1),0.2884550739174791,NO3(-1),0.2884550739174791,2.3,20.278724133405895
synthetic_study_2,127,268,goethite,FeOOH,Se(+4),24.924772939353755,6.941452886088196,Na(+1),1.2864567331691483,NO3(-1),1.2864567331691483,2.3,24.485545288135484
synthetic_study_3,148,269,goethite,FeOOH,Se(+4),24.866065400310355,10.129742490126823,Na(+1),0.0013009815647769389,NO3(-1),0.0013009815647769389,2.3,1.9020088873531238
synthetic_study_0,61,270,goethite,FeOOH,Se(+4),24.844554454963916,3.1580263060151976,Na(+1),0.0017842177438468707,NO3(-1),0.0017842177438468707,2.3,80.44751348486874
synthetic_study_2,58,271,goethite,FeOOH,Se(+4),24.650583658466505,4.984760682162144,Na(+1),0.31127890246757056,NO3(-1),0.31127890246757056,2.3,56.35186183767112
synthetic_study_3,16,272,goethite,FeOOH,Se(+4),25.30292073782212,5.907771825832371,Na(+1),0.02721776279700549,NO3(-1),0.02721776279700549,2.3,37.0493764965673
synthetic_study_0,119,273,goethite,FeOOH,Se(+4),25.240074867906507,9.116331639548129,Na(+1),0.0030821673815115474,NO3(-1),0.0030821673815115474,2.3,0.822700397261466
synthetic_study_0,21,274,goethite,FeOOH,Se(+4),25.098022956684545,7.725305365458328,Na(+1),0.4985866479858293,NO3(-1),0.4985866479858293,2.3,8.006643754997947
synthetic_study_1,123,275,goethite,FeOOH,Se(+4),24.877697508215075,8.937551233604598,Na(+1),0.0024437555593997766,NO3(-1),0.0024437555593997766,2.3,0.0
synthetic_study_1,122,276,goethite,FeOOH,Se(+4),24.762332399960947,3.3190095185212494,Na(+1),0.03248591672472195,NO3(-1),0.03248591672472195,2.3,95.19351461866684
synthetic_study_3,70,277,goethite,FeOOH,Se(+4),24.87784284749789,5.148866087560651,Na(+1),0.005706961832716774,NO3(-1),0.005706961832716774,2.3,46.84736330062285
synthetic_study_1,61,278,goethite,FeOOH,Se(+4),24.933143023492576,2.6434556117170045,Na(+1),0.6552167702294054,NO3(-1),0.6552167702294054,2.3,93.42358057385198
synthetic_study_1,119,279,goethite,FeOOH,Se(+4),25.154320658339156,9.888086230726499,Na(+1),0.029130290783869948,NO3(-1),0.029130290783869948,2.3,0.0594456976556777
synthetic_study_1,141,280,goethite,FeOOH,Se(+4),25.19312340863409,8.252648971487975,Na(+1),1.2934264833715408,NO3(-1),1.2934264833715408,2.3,16.64769665035064
synthetic_study_3,8,281,goethite,FeOOH,Se(+4),24.528772572225076,5.3814809941025,Na(+1),0.1673347838761624,NO3(-1),0.1673347838761624,2.3,49.10918898706808
synthetic_study_0,124,282,goethite,FeOOH,Se(+4),25.025766563410617,6.538936072369832,Na(+1),0.0028064961215542067,NO3(-1),0.0028064961215542067,2.3,16.675666259750027
synthetic_study_1,14,283,goethite,FeOOH,Se(+4),25.046234966035765,2.577974594291355,Na(+1),0.03875847802909524,NO3(-1),0.03875847802909524,2.3,89.223573120754
synthetic_study_0,17,284,goethite,FeOOH,Se(+4),25.091665094220833,8.768084237618467,Na(+1),0.5672475150293022,NO3(-1),0.5672475150293022,2.3,0.0
synthetic_study_0,5,285,goethite,FeOOH,Se(+4),24.683350395919312,9.84501443008941,Na(+1),0.0028955838683234307,NO3(-1),0.0028955838683234307,2.3,0.0
synthetic_study_0,87,286,goethite,FeOOH,Se(+4),25.072031016583697,4.557720777432868,Na(+1),0.3830944518189761,NO3(-1),0.3830944518189761,2.3,76.03472007666373
synthetic_study_1,128,287,goethite,FeOOH,Se(+4),24.902293077933887,8.113762286073332,Na(+1),1.9781273650698716,NO3(-1),1.9781273650698716,2.3,2.813292959555154
synthetic_study_2,14,288,goethite,FeOOH,Se(+4),25.15242686042314,6.599419982417854,Na(+1),0.007629250286967104,NO3(-1),0.007629250286967104,2.3,13.76306424317302
synthetic_study_0,59,289,goethite,FeOOH,Se(+4),25.107763294893136,7.834175283953982,Na(+1),0.004013714224313734,NO3(-1),0.004013714224313734,2.3,4.71359823934986
synthetic_study_3,80,290,goethite,FeOOH,Se(+4),25.20777108277776,7.080000830915985,Na(+1),0.13746037224208665,NO3(-1),0.13746037224208665,2.3,13.948739049535895
synthetic_study_2,110,291,goethite,FeOOH,Se(+4),25.445545751138173,6.701922447591413,Na(+1),0.0022428470037605757,NO3(-1),0.0022428470037605757,2.3,20.98965610335469
synthetic_study_3,133,292,goethite,FeOOH,Se(+4),25.14393402107071,7.226497989176039,Na(+1),0.40968817041587197,NO3(-1),0.40968817041587197,2.3,11.975653928346379
synthetic_study_0,44,293,goethite,FeOOH,Se(+4),25.172332671853784,3.3558158874512083,Na(+1),0.003922546854875395,NO3(-1),0.003922546854875395,2.3,90.6182492815733
synthetic_study_2,149,294,goethite,FeOOH,Se(+4),25.281233591813788,3.2070888239197437,Na(+1),0.07697726461937085,NO3(-1),0.07697726461937085,2.3,88.0416576669027
synthetic_study_1,128,295,goethite,FeOOH,Se(+4),24.75182380490058,5.0060898481986005,Na(+1),0.001234363310896637,NO3(-1),0.001234363310896637,2.3,43.595315037450874
synthetic_study_0,130,296,goethite,FeOOH,Se(+4),24.84900480548571,3.2110687271422105,Na(+1),0.004337822790954009,NO3(-1),0.004337822790954009,2.3,85.42256945264076
synthetic_study_3,45,297,goethite,FeOOH,Se(+4),24.99125763286932,5.527301711367194,Na(+1),0.19780394735419574,NO3(-1),0.19780394735419574,2.3,45.11726315707291
synthetic_study_3,116,298,goethite,FeOOH,Se(+4),24.90310752220726,3.1526373729090356,Na(+1),0.1023131709642886,NO3(-1),0.1023131709642886,2.3,92.63074354054527
synthetic_study_0,103,299,goethite,FeOOH,Se(+4),25.482956412942027,3.829100693912543,Na(+1),0.0029260856998207948,NO3(-1),0.0029260856998207948,2.3,82.70422693166662
synthetic_study_3,85,300,goethite,FeOOH,Se(+4),25.01485749547182,8.143884016981989,Na(+1),0.004240698467508363,NO3(-1),0.004240698467508363,2.3,6.722368025591264
synthetic_study_2,136,301,goethite,FeOOH,Se(+4),24.633421421964613,2.6931972621650155,Na(+1),0.2651156505875016,NO3(-1),0.2651156505875016,2.3,92.96440204608665
synthetic_study_3,77,302,goethite,FeOOH,Se(+4),24.50381729750495,7.211146054050373,Na(+1),1.9777600953624144,NO3(-1),1.9777600953624144,2.3,14.946211457172952
synthetic_study_0,62,303,goethite,FeOOH,Se(+4),25.797737962119136,5.293808369265818,Na(+1),0.0074083312101979795,NO3(-1),0.0074083312101979795,2.3,48.24875581360987
synthetic_study_2,57,304,goethite,FeOOH,Se(+4),24.996570692978143,8.51414732308103,Na(+1),0.4140733085911275,NO3(-1),0.4140733085911275,2.3,0.0
synthetic_study_1,127,305,goethite,FeOOH,Se(+4),25.30062261045055,8.90945515319141,Na(+1),0.0015353576500397117,NO3(-1),0.0015353576500397117,2.3,0.0
synthetic_study_0,89,306,goethite,FeOOH,Se(+4),25.199879069022565,3.42640478758614,Na(+1),0.035954581894281204,NO3(-1),0.035954581894281204,2.3,82.81793627579178
synthetic_study_0,104,307,goethite,FeOOH,Se(+4),25.532075389872137,5.697919660013793,Na(+1),1.122590495012128,NO3(-1),1.122590495012128,2.3,47.23526601024061
synthetic_study_1,82,308,goethite,FeOOH,Se(+4),24.983568156616137,5.335810196249605,Na(+1),0.09373951865484657,NO3(-1),0.09373951865484657,2.3,48.75821829592
synthetic_study_3,15,309,goethite,FeOOH,Se(+4),24.2864484806265,7.600592865075913,Na(+1),0.014227485062787612,NO3(-1),0.014227485062787612,2.3,2.558762830861796
synthetic_study_2,132,310,goethite,FeOOH,Se(+4),24.623901864896755,5.0922915687827,Na(+1),0.23660491130418304,NO3(-1),0.23660491130418304,2.3,59.82328130098993
synthetic_study_3,61,311,goethite,FeOOH,Se(+4),24.937064693614616,7.673673436064461,Na(+1),0.07582153493291062,NO3(-1),0.07582153493291062,2.3,5.0875308665754675
synthetic_study_0,9,312,goethite,FeOOH,Se(+4),24.825411409147808,9.160214488428261,Na(+1),0.04637392915273456,NO3(-1),0.04637392915273456,2.3,5.20544215703591
synthetic_study_3,120,313,goethite,FeOOH,Se(+4),25.185887231988634,5.187764751455129,Na(+1),0.4802374418793256,NO3(-1),0.4802374418793256,2.3,56.078506235236226
synthetic_study_1,78,314,goethite,FeOOH,Se(+4),24.856028468313127,7.209678758881509,Na(+1),0.3743203659887908,NO3(-1),0.3743203659887908,2.3,13.301532198240789
synthetic_study_1,142,315,goethite,FeOOH,Se(+4),25.565864497845897,9.033128895846861,Na(+1),0.028664751023745855,NO3(-1),0.028664751023745855,2.3,0.0
synthetic_study_1,134,316,goethite,FeOOH,Se(+4),24.812055782504036,10.3667962961826,Na(+1),0.16129354315159772,NO3(-1),0.16129354315159772,2.3,2.1870402361892367
synthetic_study_2,36,317,goethite,FeOOH,Se(+4),25.1223531000446,9.44711500153418,Na(+1),0.08755920209901275,NO3(-1),0.08755920209901275,2.3,0.0
synthetic_study_3,87,318,goethite,FeOOH,Se(+4),24.547538411714772,10.29578734434389,Na(+1),0.013024913037380983,NO3(-1),0.013024913037380983,2.3,0.0
synthetic_study_1,40,319,goethite,FeOOH,Se(+4),25.300561795645407,10.405500314994256,Na(+1),0.003927861280126147,NO3(-1),0.003927861280126147,2.3,0.0
synthetic_study_2,36,320,goethite,FeOOH,Se(+4),24.524527515539,3.015410896796646,Na(+1),0.06699921139754325,NO3(-1),0.06699921139754325,2.3,88.51835638983613
synthetic_study_3,0,321,goethite,FeOOH,Se(+4),25.032454927398256,7.277658824655039,Na(+1),0.01169838577361991,NO3(-1),0.01169838577361991,2.3,11.417618886000387
synthetic_study_0,73,322,goethite,FeOOH,Se(+4),24.950066730941703,2.5927328826670886,Na(+1),0.3312605849588054,NO3(-1),0.3312605849588054,2.3,87.31062996404543
synthetic_study_1,103,323,goethite,FeOOH,Se(+4),24.61410177891775,3.249965808120538,Na(+1),0.6125106929465145,NO3(-1),0.6125106929465145,2.3,96.7795871432823
synthetic_study_2,138,324,goethite,FeOOH,Se(+4),24.73713781132502,3.6958804393872446,Na(+1),0.15044392275228502,NO3(-1),0.15044392275228502,2.3,85.38213454672393
synthetic_study_3,85,325,goethite,FeOOH,Se(+4),25.124680526604863,10.357082781577986,Na(+1),0.007303459357191417,NO3(-1),0.007303459357191417,2.3,1.2171704531055432
synthetic_study_3,134,326,goethite,FeOOH,Se(+4),24.798407977938915,7.839338228336203,Na(+1),0.04058180866084063,NO3(-1),0.04058180866084063,2.3,8.188891034194054
synthetic_study_0,110,327,goethite,FeOOH,Se(+4),25.171010587868285,7.620741627251886,Na(+1),1.224812475445225,NO3(-1),1.224812475445225,2.3,5.647831905057336
synthetic_study_3,84,328,goethite,FeOOH,Se(+4),24.85641017405842,2.8991466944827264,Na(+1),0.026385080466363113,NO3(-1),0.026385080466363113,2.3,92.56937632581142
synthetic_study_3,4,329,goethite,FeOOH,Se(+4),25.083644955671097,5.980245854068708,Na(+1),0.00902282655108359,NO3(-1),0.00902282655108359,2.3,26.550123797589393
synthetic_study_2,18,330,goethite,FeOOH,Se(+4),24.81472047617331,8.873344346751352,Na(+1),0.412805791378861,NO3(-1),0.412805791378861,2.3,0.0
synthetic_study_3,99,331,goethite,FeOOH,Se(+4),25.23842077205579,6.104312394783814,Na(+1),1.464804747370651,NO3(-1),1.464804747370651,2.3,38.06952252862792
synthetic_study_1,26,332,goethite,FeOOH,Se(+4),24.869303932690435,2.761921752089875,Na(+1),0.08030219485653772,NO3(-1),0.08030219485653772,2.3,94.7523127054672
synthetic_study_2,104,333,goethite,FeOOH,Se(+4),24.634555615590838,5.417256283984506,Na(+1),0.10444543077324205,NO3(-1),0.10444543077324205,2.3,49.87488643841812
synthetic_study_2,7,334,goethite,FeOOH,Se(+4),25.084948246897415,2.7384956822511004,Na(+1),0.082599802968196,NO3(-1),0.082599802968196,2.3,97.85417210458607
synthetic_study_1,137,335,goethite,FeOOH,Se(+4),25.30134354874659,4.6312407863765745,Na(+1),0.10153702654369398,NO3(-1),0.10153702654369398,2.3,69.40208854152951
synthetic_study_0,111,336,goethite,FeOOH,Se(+4),24.79721098313886,9.401676741478777,Na(+1),0.36030921965468454,NO3(-1),0.36030921965468454,2.3,4.266374024209283
synthetic_study_2,6,337,goethite,FeOOH,Se(+4),24.968100005697917,8.149285372361618,Na(+1),0.025386446060613646,NO3(-1),0.025386446060613646,2.3,0.0
synthetic_study_1,50,338,goethite,FeOOH,Se(+4),24.892067977155598,4.63046430901176,Na(+1),0.04880576330536902,NO3(-1),0.04880576330536902,2.3,61.019223893211255
synthetic_study_3,93,339,goethite,FeOOH,Se(+4),25.28991885912919,6.9006718540221295,Na(+1),0.0024971053001662646,NO3(-1),0.0024971053001662646,2.3,16.388907178853195
synthetic_study_2,19,340,goethite,FeOOH,Se(+4),24.799156025139855,5.711669181654387,Na(+1),0.04919693404158981,NO3(-1),0.04919693404158981,2.3,35.63537102344472
synthetic_study_0,142,341,goethite,FeOOH,Se(+4),24.75259207478228,8.118247322584907,Na(+1),0.6628694876308487,NO3(-1),0.6628694876308487,2.3,7.584772222347249
synthetic_study_0,62,342,goethite,FeOOH,Se(+4),24.788401507129894,6.051295544761386,Na(+1),0.0019057242433960706,NO3(-1),0.0019057242433960706,2.3,27.23708089044045
synthetic_study_2,93,343,goethite,FeOOH,Se(+4),25.241811047552027,9.4819429402116,Na(+1),0.9881354592506371,NO3(-1),0.9881354592506371,2.3,2.653140764475198
synthetic_study_1,73,344,goethite,FeOOH,Se(+4),24.944630242736338,9.917975494657366,Na(+1),0.0028629760535995347,NO3(-1),0.0028629760535995347,2.3,3.648498340921726
synthetic_study_2,35,345,goethite,FeOOH,Se(+4),25.26276546675866,9.35273086325915,Na(+1),0.0315091483286893,NO3(-1),0.0315091483286893,2.3,0.0
synthetic_study_1,43,346,goethite,FeOOH,Se(+4),24.93515036649931,3.527400348211544,Na(+1),0.08042767371773724,NO3(-1),0.08042767371773724,2.3,82.27207663292857
synthetic_study_2,61,347,goethite,FeOOH,Se(+4),25.00357768059083,4.756967582709854,Na(+1),1.707016063032435,NO3(-1),1.707016063032435,2.3,65.99406871354064
synthetic_study_3,55,348,goethite,FeOOH,Se(+4),24.728331095396037,9.737003379224486,Na(+1),0.1753906538607,NO3(-1),0.1753906538607,2.3,0.0
synthetic_study_1,111,349,goethite,FeOOH,Se(+4),24.964080656193595,10.007581513382009,Na(+1),0.09182131372053325,NO3(-1),0.09182131372053325,2.3,0.0
synthetic_study_3,129,350,goethite,FeOOH,Se(+4),24.53485780403325,10.110236278640427,Na(+1),0.12920830478742248,NO3(-1),0.12920830478742248,2.3,0.0
synthetic_study_3,131,351,goethite,FeOOH,Se(+4),25.037071570561977,2.5945496380768374,Na(+1),0.015770872445537685,NO3(-1),0.015770872445537685,2.3,87.00815716172092
synthetic_study_2,23,352,goethite,FeOOH,Se(+4),24.69663993051424,5.255180821122122,Na(+1),1.577558250080887,NO3(-1),1.577558250080887,2.3,61.82172779840019
synthetic_study_2,77,353,goethite,FeOOH,Se(+4),25.00968176114913,6.0074385444125395,Na(+1),1.3197620467102462,NO3(-1),1.3197620467102462,2.3,38.617570774044154
synthetic_study_2,140,354,goethite,FeOOH,Se(+4),25.04125453009614,5.711530360772932,Na(+1),0.008374955328307128,NO3(-1),0.008374955328307128,2.3,35.20135500672864
synthetic_study_2,92,355,goethite,FeOOH,Se(+4),25.16830535705838,2.729015023571737,Na(+1),0.00153533999854097,NO3(-1),0.00153533999854097,2.3,84.3341573246881
synthetic_study_0,86,356,goethite,FeOOH,Se(+4),24.970855130503118,4.459806458850729,Na(+1),0.005218698262226074,NO3(-1),0.005218698262226074,2.3,64.099449250697
synthetic_study_2,144,357,goethite,FeOOH,Se(+4),24.862569438568528,10.060063793947982,Na(+1),0.0014762317737168904,NO3(-1),0.0014762317737168904,2.3,6.153937615515999
synthetic_study_0,32,358,goethite,FeOOH,Se(+4),25.665316588298676,9.772290844764257,Na(+1),0.6919821178182763,NO3(-1),0.6919821178182763,2.3,0.0
synthetic_study_0,98,359,goethite,FeOOH,Se(+4),25.39606637477636,3.5400918725943917,Na(+1),0.015016325335918762,NO3(-1),0.015016325335918762,2.3,88.90741065409718
synthetic_study_3,114,360,goethite,FeOOH,Se(+4),25.114763365661734,2.8979609943630464,Na(+1),0.9095248877712536,NO3(-1),0.9095248877712536,2.3,91.1453623366812
synthetic_study_0,68,361,goethite,FeOOH,Se(+4),24.69325491587949,8.193475596539077,Na(+1),0.04523012877487534,NO3(-1),0.04523012877487534,2.3,2.9729672778828893
synthetic_study_3,5,362,goethite,FeOOH,Se(+4),25.14634283612002,3.909588031417311,Na(+1),0.0015823074462186205,NO3(-1),0.0015823074462186205,2.3,86.44286593758117
synthetic_study_2,15,363,goethite,FeOOH,Se(+4),24.72962061845661,4.88148106578961,Na(+1),0.772920695698525,NO3(-1),0.772920695698525,2.3,68.66133104059976
synthetic_study_3,72,364,goethite,FeOOH,Se(+4),25.278642677062987,10.491805371470416,Na(+1),0.005400882719503614,NO3(-1),0.005400882719503614,2.3,5.497495389094331
synthetic_study_0,113,365,goethite,FeOOH,Se(+4),24.91183993022925,9.564725714025645,Na(+1),0.24132009316685818,NO3(-1),0.24132009316685818,2.3,0.7491513324242587
synthetic_study_2,98,366,goethite,FeOOH,Se(+4),24.96149845267332,3.741384900914235,Na(+1),0.0012965953446126208,NO3(-1),0.0012965953446126208,2.3,72.6532162981409
synthetic_study_0,135,367,goethite,FeOOH,Se(+4),25.518264558063485,5.473333144298738,Na(+1),0.0011871373812304786,NO3(-1),0.0011871373812304786,2.3,29.158605060590684
synthetic_study_1,90,368,goethite,FeOOH,Se(+4),25.38802226823082,5.757905580948884,Na(+1),0.01343285762824224,NO3(-1),0.01343285762824224,2.3,36.44394088476479
synthetic_study_2,61,369,goethite,FeOOH,Se(+4),25.14360940933344,2.9733855012172006,Na(+1),0.06337974890079644,NO3(-1),0.06337974890079644,2.3,93.89915513063607
synthetic_study_1,148,370,goethite,FeOOH,Se(+4),24.92915386767587,6.414070400587843,Na(+1),0.5093737736775057,NO3(-1),0.5093737736775057,2.3,31.158672499586345
synthetic_study_3,48,371,goethite,FeOOH,Se(+4),24.641492073067372,4.0308689855631,Na(+1),1.4261366334210095,NO3(-1),1.4261366334210095,2.3,82.20802063452746
synthetic_study_3,113,372,goethite,FeOOH,Se(+4),25.28859554196362,9.036696230578604,Na(+1),0.0014667829777341027,NO3(-1),0.0014667829777341027,2.3,2.4595484234654816
synthetic_study_3,18,373,goethite,FeOOH,Se(+4),24.986032626075854,9.598031350503266,Na(+1),0.004287232607459192,NO3(-1),0.004287232607459192,2.3,0.0
synthetic_study_0,68,374,goethite,FeOOH,Se(+4),24.98654759572266,7.46431435799355,Na(+1),0.09805416419668604,NO3(-1),0.09805416419668604,2.3,10.925787328286598
synthetic_study_2,64,375,goethite,FeOOH,Se(+4),24.38732726235404,4.280372782000438,Na(+1),0.04905563956732237,NO3(-1),0.04905563956732237,2.3,66.02036491868995
synthetic_study_1,42,376,goethite,FeOOH,Se(+4),24.671058887805682,6.668786014731531,Na(+1),0.03272685352663512,NO3(-1),0.03272685352663512,2.3,16.551403989267488
synthetic_study_2,146,377,goethite,FeOOH,Se(+4),24.401390361934485,5.873739261918266,Na(+1),0.7380143568450269,NO3(-1),0.7380143568450269,2.3,35.5174746285294
synthetic_study_2,134,378,goethite,FeOOH,Se(+4),25.020187120107487,9.895309433418953,Na(+1),0.44482953325695157,NO3(-1),0.44482953325695157,2.3,0.1771720822164633
synthetic_study_0,89,379,goethite,FeOOH,Se(+4),24.964380430309056,9.968755213670956,Na(+1),0.03117370895170743,NO3(-1),0.03117370895170743,2.3,4.555147812843151
synthetic_study_2,84,380,goethite,FeOOH,Se(+4),24.450972989278903,6.827586718258058,Na(+1),0.005284566449662619,NO3(-1),0.005284566449662619,2.3,13.66958685893344
synthetic_study_0,66,381,goethite,FeOOH,Se(+4),24.982305131077656,4.579857178311319,Na(+1),0.0012554740440796248,NO3(-1),0.0012554740440796248,2.3,61.83870167446631
synthetic_study_2,105,382,goethite,FeOOH,Se(+4),24.731392047054914,4.48978393717035,Na(+1),0.01415675166195269,NO3(-1),0.01415675166195269,2.3,63.89999657377849
synthetic_study_2,0,383,goethite,FeOOH,Se(+4),24.268055112911536,4.0610977822742464,Na(+1),0.3691765196653248,NO3(-1),0.3691765196653248,2.3,71.10878184597719
synthetic_study_0,147,384,goethite,FeOOH,Se(+4),25.15542413130787,6.065393807626588,Na(+1),0.001849344337338871,NO3(-1),0.001849344337338871,2.3,18.017656942455655
synthetic_study_3,75,385,goethite,FeOOH,Se(+4),25.57244628624856,8.283157779702059,Na(+1),0.39368198828516465,NO3(-1),0.39368198828516465,2.3,5.030443847208362
synthetic_study_3,122,386,goethite,FeOOH,Se(+4),24.804868379930202,2.7721787155988507,Na(+1),0.004199203938594407,NO3(-1),0.004199203938594407,2.3,87.75652750916115
synthetic_study_3,44,387,goethite,FeOOH,Se(+4),25.186983134046365,8.207356246294864,Na(+1),0.9636549526774685,NO3(-1),0.9636549526774685,2.3,6.173951050880727
synthetic_study_1,37,388,goethite,FeOOH,Se(+4),24.989934921783902,5.030351773297035,Na(+1),0.002550454145600557,NO3(-1),0.002550454145600557,2.3,41.27146531235336
synthetic_study_3,32,389,goethite,FeOOH,Se(+4),24.87735321655137,5.391213090639891,Na(+1),0.011520544148100413,NO3(-1),0.011520544148100413,2.3,41.68642949515289
synthetic_study_1,97,390,goethite,FeOOH,Se(+4),25.639623009286296,10.496527340843043,Na(+1),0.011268357962584144,NO3(-1),0.011268357962584144,2.3,5.579757044851755
synthetic_study_0,51,391,goethite,FeOOH,Se(+4),24.64620896071025,3.9853847819743935,Na(+1),1.9599315912133022,NO3(-1),1.9599315912133022,2.3,87.17895644717349
synthetic_study_1,28,392,goethite,FeOOH,Se(+4),25.198843593660715,8.518277007085032,Na(+1),0.015324840849769117,NO3(-1),0.015324840849769117,2.3,0.0
synthetic_study_3,118,393,goethite,FeOOH,Se(+4),24.61044216861627,5.628981824190495,Na(+1),0.28510835921791877,NO3(-1),0.28510835921791877,2.3,46.14406308615615
synthetic_study_2,125,394,goethite,FeOOH,Se(+4),24.669209212147646,9.445070441161793,Na(+1),0.013681174610857704,NO3(-1),0.013681174610857704,2.3,0.28558435611783217
synthetic_study_0,89,395,goethite,FeOOH,Se(+4),25.214752290563013,8.911841761778296,Na(+1),0.032723797452700876,NO3(-1),0.032723797452700876,2.3,0.0
synthetic_study_0,121,396,goethite,FeOOH,Se(+4),24.70150278737795,4.093292645256333,Na(+1),0.13087151771683506,NO3(-1),0.13087151771683506,2.3,84.18489345993338
synthetic_study_2,47,397,goethite,FeOOH,Se(+4),24.994907114369422,2.5815073892141314,Na(+1),0.04852800199513936,NO3(-1),0.04852800199513936,2.3,96.54930311832304
synthetic_study_1,9,398,goethite,FeOOH,Se(+4),24.837182203620742,10.408510323050375,Na(+1),0.005548365336514845,NO3(-1),0.005548365336514845,2.3,0.0
synthetic_study_3,125,399,goethite,FeOOH,Se(+4),25.06528599405191,10.427014045741831,Na(+1),0.0035550692253068675,NO3(-1),0.0035550692253068675,2.3,0.0
synthetic_study_0,15,400,goethite,FeOOH,Se(+4),24.78241478254932,4.454579732556025,Na(+1),1.3007519730317734,NO3(-1),1.3007519730317734,2.3,82.79064401380604
synthetic_study_1,82,401,goethite,FeOOH,Se(+4),25.144370733889538,4.496055842693969,Na(+1),0.0968583918063526,NO3(-1),0.0968583918063526,2.3,70.43195408561904
synthetic_study_3,25,402,goethite,FeOOH,Se(+4),24.72198471139198,8.669752291415742,Na(+1),0.031196513963781466,NO3(-1),0.031196513963781466,2.3,9.989761958416272
synthetic_study_2,98,403,goethite,FeOOH,Se(+4),24.989674637097234,8.935119934491096,Na(+1),0.02577643458840535,NO3(-1),0.02577643458840535,2.3,4.536247934565098
synthetic_study_2,105,404,goethite,FeOOH,Se(+4),24.893017521284197,6.010446170456323,Na(+1),1.0089293753476596,NO3(-1),1.0089293753476596,2.3,40.003497817030535
synthetic_study_2,58,405,goethite,FeOOH,Se(+4),24.660090857814687,8.36511545485165,Na(+1),0.005982668894003926,NO3(-1),0.005982668894003926,2.3,0.0
synthetic_study_0,89,406,goethite,FeOOH,Se(+4),24.588180332096556,10.14045466189512,Na(+1),0.005375130704220919,NO3(-1),0.005375130704220919,2.3,0.0
synthetic_study_2,123,407,goethite,FeOOH,Se(+4),24.812470073124445,8.935523114493828,Na(+1),0.22134420606937824,NO3(-1),0.22134420606937824,2.3,7.899278449746079
synthetic_study_1,53,408,goethite,FeOOH,Se(+4),24.286986534252904,6.080727369727295,Na(+1),0.014925453247779002,NO3(-1),0.014925453247779002,2.3,31.39488390518399
synthetic_study_2,77,409,goethite,FeOOH,Se(+4),25.693068537346864,9.424456328544789,Na(+1),0.07866970741781977,NO3(-1),0.07866970741781977,2.3,1.7742795260509876
synthetic_study_0,94,410,goethite,FeOOH,Se(+4),25.27417797633773,5.083230603196575,Na(+1),0.005602150505617319,NO3(-1),0.005602150505617319,2.3,46.41330790963623
synthetic_study_1,60,411,goethite,FeOOH,Se(+4),25.12819483447296,2.9941588565597774,Na(+1),1.1534419549985544,NO3(-1),1.1534419549985544,2.3,90.66596624615555
synthetic_study_1,94,412,goethite,FeOOH,Se(+4),25.513063872898698,2.5548514064828396,Na(+1),0.5281802657684126,NO3(-1),0.5281802657684126,2.3,95.03477393277313
synthetic_study_2,50,413,goethite,FeOOH,Se(+4),24.335194747980633,8.860759208584422,Na(+1),0.5082666747083752,NO3(-1),0.5082666747083752,2.3,1.7617329126471295
synthetic_study_3,37,414,goethite,FeOOH,Se(+4),25.210221346951872,4.515793321522429,Na(+1),0.0013778460390864323,NO3(-1),0.0013778460390864323,2.3,57.32723126438331
synthetic_study_2,100,415,goethite,FeOOH,Se(+4),24.526908019430458,5.749281015296473,Na(+1),0.001171951873956949,NO3(-1),0.001171951873956949,2.3,24.431896721168943
synthetic_study_1,64,416,goethite,FeOOH,Se(+4),25.099626873722286,8.078757615343168,Na(+1),0.0017165426849767391,NO3(-1),0.0017165426849767391,2.3,5.2562817096624155
synthetic_study_0,137,417,goethite,FeOOH,Se(+4),24.981137594533834,2.683158379074568,Na(+1),0.013674057231463088,NO3(-1),0.013674057231463088,2.3,98.86391546399557
synthetic_study_3,9,418,goethite,FeOOH,Se(+4),24.51149753568474,6.617482619711805,Na(+1),0.01181782895889322,NO3(-1),0.01181782895889322,2.3,17.501817607982595
synthetic_study_1,144,419,goethite,FeOOH,Se(+4),25.19907957945707,3.4697531419192735,Na(+1),0.6432984969731227,NO3(-1),0.6432984969731227,2.3,90.61005821080764
synthetic_study_2,90,420,goethite,FeOOH,Se(+4),25.339322132762675,3.5006650341254284,Na(+1),0.6017232164751988,NO3(-1),0.6017232164751988,2.3,95.23873458383328
synthetic_study_0,44,421,goethite,FeOOH,Se(+4),25.081455299116158,7.06383162564028,Na(+1),0.5685989006862052,NO3(-1),0.5685989006862052,2.3,9.47496385474546
synthetic_study_1,1,422,goethite,FeOOH,Se(+4),25.05340030849477,8.345112802156265,Na(+1),0.03926326518333774,NO3(-1),0.03926326518333774,2.3,2.3566635329918357
synthetic_study_3,90,423,goethite,FeOOH,Se(+4),25.049214524005443,5.392541207595572,Na(+1),0.0698980078781708,NO3(-1),0.0698980078781708,2.3,44.981791126457445
synthetic_study_2,28,424,goethite,FeOOH,Se(+4),24.599334628987513,4.2146552468253695,Na(+1),0.027551280791095006,NO3(-1),0.027551280791095006,2.3,72.58340833301686
synthetic_study_2,31,425,goethite,FeOOH,Se(+4),24.98320187713156,6.2469389945378,Na(+1),0.016556869554079777,NO3(-1),0.016556869554079777,2.3,18.855045308215647
synthetic_study_2,123,426,goethite,FeOOH,Se(+4),25.21253649132567,5.777512882624524,Na(+1),0.0019064088383403065,NO3(-1),0.0019064088383403065,2.3,32.64507650269316
synthetic_study_1,133,427,goethite,FeOOH,Se(+4),25.090505034817202,6.452956355947468,Na(+1),0.44155482636157556,NO3(-1),0.44155482636157556,2.3,26.639424327173877
synthetic_study_2,53,428,goethite,FeOOH,Se(+4),25.468168941596893,9.970342186859817,Na(+1),0.08210612701174563,NO3(-1),0.08210612701174563,2.3,0.0
synthetic_study_0,140,429,goethite,FeOOH,Se(+4),25.058237598732152,7.598495315169666,Na(+1),0.0630815821391169,NO3(-1),0.0630815821391169,2.3,13.051289971558989
synthetic_study_3,21,430,goethite,FeOOH,Se(+4),24.728279106428424,3.264838075232534,Na(+1),0.055626138564655495,NO3(-1),0.055626138564655495,2.3,84.09121683504733
synthetic_study_2,91,431,goethite,FeOOH,Se(+4),25.123735284489292,3.483899290605132,Na(+1),0.0034054931639414423,NO3(-1),0.0034054931639414423,2.3,83.69508803293047
synthetic_study_1,4,432,goethite,FeOOH,Se(+4),25.195523872594176,2.750803440500686,Na(+1),0.5432133126151452,NO3(-1),0.5432133126151452,2.3,91.492484022661
synthetic_study_2,125,433,goethite,FeOOH,Se(+4),24.859272162463945,7.344873842565256,Na(+1),0.17015300497643024,NO3(-1),0.17015300497643024,2.3,16.49755487646184
synthetic_study_2,22,434,goethite,FeOOH,Se(+4),25.180226267235998,8.679547345054619,Na(+1),0.029726157464461892,NO3(-1),0.029726157464461892,2.3,1.3203290424238272
synthetic_study_1,11,435,goethite,FeOOH,Se(+4),25.24567140842323,6.418646400849023,Na(+1),0.014802044779346381,NO3(-1),0.014802044779346381,2.3,20.598576344174326
synthetic_study_3,48,436,goethite,FeOOH,Se(+4),24.824349508097082,5.776562433640752,Na(+1),0.0017258763522080773,NO3(-1),0.0017258763522080773,2.3,27.055113226040614
synthetic_study_3,102,437,goethite,FeOOH,Se(+4),25.242022783430535,9.62178952626507,Na(+1),0.7035350042487631,NO3(-1),0.7035350042487631,2.3,5.37867104300522
synthetic_study_1,93,438,goethite,FeOOH,Se(+4),25.304431099603956,2.7356032700408797,Na(+1),0.11423367410403631,NO3(-1),0.11423367410403631,2.3,96.78632824074496
synthetic_study_0,114,439,goethite,FeOOH,Se(+4),24.64405704097396,10.240450711133054,Na(+1),0.3346614728008792,NO3(-1),0.3346614728008792,2.3,2.4071132049756145
synthetic_study_2,34,440,goethite,FeOOH,Se(+4),24.991643770095116,7.633564543109442,Na(+1),0.7021249712746861,NO3(-1),0.7021249712746861,2.3,8.909645239259863
synthetic_study_3,135,441,goethite,FeOOH,Se(+4),25.232250339446672,9.105850008557677,Na(+1),0.014442935541987473,NO3(-1),0.014442935541987473,2.3,4.631467210820972
synthetic_study_3,38,442,goethite,FeOOH,Se(+4),25.029943828654574,8.656454038875205,Na(+1),0.02188653778140416,NO3(-1),0.02188653778140416,2.3,4.084914455415736
synthetic_study_3,127,443,goethite,FeOOH,Se(+4),25.235383441382183,9.579796785292036,Na(+1),1.0486825930008064,NO3(-1),1.0486825930008064,2.3,3.5534261420414137
synthetic_study_2,110,444,goethite,FeOOH,Se(+4),24.865328456875122,3.3328908928709424,Na(+1),0.0022718441013134414,NO3(-1),0.0022718441013134414,2.3,80.35099517365963
synthetic_study_0,93,445,goethite,FeOOH,Se(+4),24.62586676497795,5.060341374088341,Na(+1),0.02999906310993209,NO3(-1),0.02999906310993209,2.3,58.62801823206998
synthetic_study_3,41,446,goethite,FeOOH,Se(+4),25.038249805173837,7.283268997362334,Na(+1),0.13324819952981667,NO3(-1),0.13324819952981667,2.3,14.558276544909093
synthetic_study_3,23,447,goethite,FeOOH,Se(+4),24.40838785970593,4.8441422963789895,Na(+1),0.002891024251712734,NO3(-1),0.002891024251712734,2.3,56.88256089159784
synthetic_study_0,18,448,goethite,FeOOH,Se(+4),25.08251412707203,7.239148156985597,Na(+1),0.012830268066691826,NO3(-1),0.012830268066691826,2.3,7.561686612396103
synthetic_study_2,125,449,goethite,FeOOH,Se(+4),25.448108286876067,9.708464441802324,Na(+1),0.007435515513558886,NO3(-1),0.007435515513558886,2.3,0.753595780562083
synthetic_study_3,33,450,goethite,FeOOH,Se(+4),25.116286944597057,7.885562446449666,Na(+1),1.3326009391889335,NO3(-1),1.3326009391889335,2.3,2.4930745383630315
synthetic_study_3,34,451,goethite,FeOOH,Se(+4),24.875836885609573,2.9933785021105743,Na(+1),0.0010087801547077752,NO3(-1),0.0010087801547077752,2.3,87.36614959059523
synthetic_study_3,37,452,goethite,FeOOH,Se(+4),24.815830006416522,3.484928311496553,Na(+1),0.004607018832174328,NO3(-1),0.004607018832174328,2.3,92.82621807686411
synthetic_study_2,98,453,goethite,FeOOH,Se(+4),24.98939790543347,10.288098608113266,Na(+1),1.764539187612135,NO3(-1),1.764539187612135,2.3,0.06262632027474974
synthetic_study_2,114,454,goethite,FeOOH,Se(+4),25.619918055083236,3.0635832778358,Na(+1),0.009249587958428424,NO3(-1),0.009249587958428424,2.3,88.32080021227887
synthetic_study_2,8,455,goethite,FeOOH,Se(+4),25.236611151357373,9.239761728701584,Na(+1),0.004718261517787503,NO3(-1),0.004718261517787503,2.3,2.1200728120079093
synthetic_study_0,37,456,goethite,FeOOH,Se(+4),24.966116257675644,10.393124257577693,Na(+1),0.5022429275231594,NO3(-1),0.5022429275231594,2.3,0.0
synthetic_study_3,43,457,goethite,FeOOH,Se(+4),24.892787656431807,3.7974981929268994,Na(+1),0.364287737425819,NO3(-1),0.364287737425819,2.3,81.51715987580995
synthetic_study_2,110,458,goethite,FeOOH,Se(+4),25.061128575935605,8.132489521717211,Na(+1),0.01956820016467638,NO3(-1),0.01956820016467638,2.3,5.534971139575687
synthetic_study_1,76,459,goethite,FeOOH,Se(+4),25.555686890778805,8.964198445667652,Na(+1),0.027623684020092,NO3(-1),0.027623684020092,2.3,0.0
synthetic_study_1,117,460,goethite,FeOOH,Se(+4),24.696799448749285,10.111497371034265,Na(+1),0.011874902371061695,NO3(-1),0.011874902371061695,2.3,0.6463996682857576
synthetic_study_1,121,461,goethite,FeOOH,Se(+4),24.79256677193713,9.24476253908674,Na(+1),0.5584222318832978,NO3(-1),0.5584222318832978,2.3,6.2410188878070265
synthetic_study_3,27,462,goethite,FeOOH,Se(+4),24.840417041775524,8.490079429808647,Na(+1),0.0033828571706493956,NO3(-1),0.0033828571706493956,2.3,3.1463515567546407
synthetic_study_1,2,463,goethite,FeOOH,Se(+4),24.98121370942511,8.66287605159733,Na(+1),0.0504578463793256,NO3(-1),0.0504578463793256,2.3,7.594402370289736
synthetic_study_3,0,464,goethite,FeOOH,Se(+4),25.099212493706585,8.7249090756183,Na(+1),0.013023783532932468,NO3(-1),0.013023783532932468,2.3,3.9880335362966557
synthetic_study_0,21,465,goethite,FeOOH,Se(+4),25.583629764496813,3.2289017974244443,Na(+1),0.0013835651440524753,NO3(-1),0.0013835651440524753,2.3,84.22432596919967
synthetic_study_3,63,466,goethite,FeOOH,Se(+4),25.208513458644287,5.202267524007364,Na(+1),0.8819001790179306,NO3(-1),0.8819001790179306,2.3,54.889310300447704
synthetic_study_0,116,467,goethite,FeOOH,Se(+4),24.506695279083313,9.341283547552493,Na(+1),0.015520248793423489,NO3(-1),0.015520248793423489,2.3,1.313733007594268
synthetic_study_2,54,468,goethite,FeOOH,Se(+4),24.584710307082755,8.403206614681022,Na(+1),0.054586469571239575,NO3(-1),0.054586469571239575,2.3,0.0
synthetic_study_0,17,469,goethite,FeOOH,Se(+4),24.926630840971296,10.112772742672764,Na(+1),0.012445659368189315,NO3(-1),0.012445659368189315,2.3,2.2316124575628464
synthetic_study_0,97,470,goethite,FeOOH,Se(+4),25.01583663114631,9.230008782568365,Na(+1),0.0038790869782019326,NO3(-1),0.0038790869782019326,2.3,6.949548151280852
synthetic_study_3,23,471,goethite,FeOOH,Se(+4),25.11505434980795,7.7162986360656305,Na(+1),0.04969999361976332,NO3(-1),0.04969999361976332,2.3,5.158627993537117
synthetic_study_3,34,472,goethite,FeOOH,Se(+4),24.800734757845632,6.7667904578419,Na(+1),0.034448663050329155,NO3(-1),0.034448663050329155,2.3,14.581412378596234
synthetic_study_0,117,473,goethite,FeOOH,Se(+4),24.923639383162364,3.3627101198331175,Na(+1),0.27891247354084475,NO3(-1),0.27891247354084475,2.3,98.15175590253975
synthetic_study_3,6,474,goethite,FeOOH,Se(+4),24.65317565653984,5.970558654737812,Na(+1),0.42194740931015057,NO3(-1),0.42194740931015057,2.3,38.86620244942183
synthetic_study_0,32,475,goethite,FeOOH,Se(+4),24.694118409335875,10.195577528207618,Na(+1),0.13284204715232859,NO3(-1),0.13284204715232859,2.3,2.75309935316564
synthetic_study_1,93,476,goethite,FeOOH,Se(+4),24.97776564764383,2.8713537338774424,Na(+1),0.0018323638833451412,NO3(-1),0.0018323638833451412,2.3,94.88481472262079
synthetic_study_2,84,477,goethite,FeOOH,Se(+4),25.297087686052848,10.214369593083209,Na(+1),0.00665005980436348,NO3(-1),0.00665005980436348,2.3,1.0462186466782089
synthetic_study_1,24,478,goethite,FeOOH,Se(+4),24.612314667173155,3.2502455973620457,Na(+1),0.003874391901203767,NO3(-1),0.003874391901203767,2.3,94.00573748869603
synthetic_study_3,50,479,goethite,FeOOH,Se(+4),25.3222826900302,8.624451829160659,Na(+1),0.0014814422585074547,NO3(-1),0.0014814422585074547,2.3,5.411818867896669
synthetic_study_1,58,480,goethite,FeOOH,Se(+4),24.922327528705345,3.537915962374737,Na(+1),0.23959316097859534,NO3(-1),0.23959316097859534,2.3,79.13772295480665
synthetic_study_2,12,481,goethite,FeOOH,Se(+4),24.738965037081158,5.030446941156966,Na(+1),0.01232902189020463,NO3(-1),0.01232902189020463,2.3,55.49334030704205
synthetic_study_1,37,482,goethite,FeOOH,Se(+4),25.216199311983285,4.950225503768139,Na(+1),0.05076851665246049,NO3(-1),0.05076851665246049,2.3,59.65884555465136
synthetic_study_2,131,483,goethite,FeOOH,Se(+4),24.912479707463696,5.340786212329035,Na(+1),0.04179449957386812,NO3(-1),0.04179449957386812,2.3,40.736508532036844
synthetic_study_3,1,484,goethite,FeOOH,Se(+4),25.054953371760366,9.36985177570979,Na(+1),0.027057625180464142,NO3(-1),0.027057625180464142,2.3,5.53064880137635
synthetic_study_1,46,485,goethite,FeOOH,Se(+4),24.942545466304374,3.9470514658935656,Na(+1),1.1582351860859732,NO3(-1),1.1582351860859732,2.3,84.88132074223391
synthetic_study_1,94,486,goethite,FeOOH,Se(+4),24.94711987274858,9.470782329895911,Na(+1),0.059167669283731066,NO3(-1),0.059167669283731066,2.3,0.0
synthetic_study_3,63,487,goethite,FeOOH,Se(+4),24.94332644805605,5.500166932924851,Na(+1),0.0028571611014855483,NO3(-1),0.0028571611014855483,2.3,27.965438283144692
synthetic_study_0,63,488,goethite,FeOOH,Se(+4),25.158348687002267,3.0723186980656614,Na(+1),0.001992492067670102,NO3(-1),0.001992492067670102,2.3,89.01078353068442
synthetic_study_3,115,489,goethite,FeOOH,Se(+4),24.75155668897399,9.52519646969563,Na(+1),0.03866700693108022,NO3(-1),0.03866700693108022,2.3,0.8728822134940091
synthetic_study_2,75,490,goethite,FeOOH,Se(+4),25.38281943454253,8.637092982413614,Na(+1),0.0023473156945314406,NO3(-1),0.0023473156945314406,2.3,4.1902082731497075
synthetic_study_1,123,491,goethite,FeOOH,Se(+4),25.269698514328702,6.077174334813901,Na(+1),0.0974980535004186,NO3(-1),0.0974980535004186,2.3,30.61271849790214
synthetic_study_3,65,492,goethite,FeOOH,Se(+4),25.214818326661128,7.731395456728739,Na(+1),0.04609713017278665,NO3(-1),0.04609713017278665,2.3,5.789427470134397
synthetic_study_3,19,493,goethite,FeOOH,Se(+4),25.119731231213454,7.918000152642486,Na(+1),0.6181842723058194,NO3(-1),0.6181842723058194,2.3,3.0555318863323193
synthetic_study_0,124,494,goethite,FeOOH,Se(+4),25.06632478376556,5.699060872665444,Na(+1),0.13897730222338686,NO3(-1),0.13897730222338686,2.3,38.61901187544168
synthetic_study_1,45,495,goethite,FeOOH,Se(+4),25.374472996201,6.886372053676613,Na(+1),0.9945398158314789,NO3(-1),0.9945398158314789,2.3,19.895014245573808
synthetic_study_3,12,496,goethite,FeOOH,Se(+4),25.258470368075823,5.730223464306576,Na(+1),0.15052858987198936,NO3(-1),0.15052858987198936,2.3,32.48594351496512
synthetic_study_2,121,497,goethite,FeOOH,Se(+4),25.079139323050597,6.331918515752214,Na(+1),0.508022299397528,NO3(-1),0.508022299397528,2.3,25.07389145089935
synthetic_study_2,134,498,goethite,FeOOH,Se(+4),25.119102090258306,8.12665117689149,Na(+1),0.07111986617822416,NO3(-1),0.07111986617822416,2.3,4.01396470930227
synthetic_study_1,96,499,goethite,FeOOH,Se(+4),25.47548317217465,5.820419394650349,Na(+1),0.03746130958413591,NO3(-1),0.03746130958413591,2.3,33.63172641330586
synthetic_study_2,114,500,goethite,FeOOH,Se(+4),25.491116515347834,5.732538543668407,Na(+1),0.4494592721204741,NO3(-1),0.4494592721204741,2.3,44.40974539943624
synthetic_study_2,30,501,goethite,FeOOH,Se(+4),25.437629019024175,8.674533066685667,Na(+1),0.7020045416085682,NO3(-1),0.7020045416085682,2.3,10.042454564560774
synthetic_study_2,100,502,goethite,FeOOH,Se(+4),24.951221451869138,4.838003834867192,Na(+1),0.06247796480493539,NO3(-1),0.06247796480493539,2.3,60.22622007200594
synthetic_study_0,132,503,goethite,FeOOH,Se(+4),25.443025864162276,5.266738755895208,Na(+1),0.8997147209675042,NO3(-1),0.8997147209675042,2.3,55.264673150448736
synthetic_study_2,30,504,goethite,FeOOH,Se(+4),24.928957730683994,5.921426937833955,Na(+1),0.05499033760221259,NO3(-1),0.05499033760221259,2.3,30.561334115411718
synthetic_study_1,80,505,goethite,FeOOH,Se(+4),25.269607282323094,4.322793534446308,Na(+1),0.22241439360811657,NO3(-1),0.22241439360811657,2.3,67.67070345770296
synthetic_study_0,145,506,goethite,FeOOH,Se(+4),25.183938203174645,9.467909004668595,Na(+1),0.009600904212129963,NO3(-1),0.009600904212129963,2.3,5.603596799485243
synthetic_study_3,97,507,goethite,FeOOH,Se(+4),24.990005243463337,5.701479565664968,Na(+1),0.5024169005310162,NO3(-1),0.5024169005310162,2.3,44.14412853688419
synthetic_study_1,17,508,goethite,FeOOH,Se(+4),25.20587021340533,5.1265495801985175,Na(+1),0.001613646127171284,NO3(-1),0.001613646127171284,2.3,47.7138271718852
synthetic_study_3,86,509,goethite,FeOOH,Se(+4),25.241416184666303,2.997384516841098,Na(+1),0.14040477394640435,NO3(-1),0.14040477394640435,2.3,93.18689596782274
synthetic_study_0,38,510,goethite,FeOOH,Se(+4),24.92800593027467,4.289034213106313,Na(+1),0.624729850676464,NO3(-1),0.624729850676464,2.3,82.02099555595484
synthetic_study_1,22,511,goethite,FeOOH,Se(+4),25.044932356934478,7.330199407228445,Na(+1),0.0036340151265708024,NO3(-1),0.0036340151265708024,2.3,6.157360981133781
synthetic_study_0,137,512,goethite,FeOOH,Se(+4),24.718698159928636,2.8856985475896195,Na(+1),0.0033688558192899315,NO3(-1),0.0033688558192899315,2.3,94.17324906741929
synthetic_study_0,14,513,goethite,FeOOH,Se(+4),25.76406745343334,10.270597179317322,Na(+1),0.00100257263323156,NO3(-1),0.00100257263323156,2.3,0.0
synthetic_study_2,63,514,goethite,FeOOH,Se(+4),24.770659121706842,10.4657238756436,Na(+1),0.018749491085727127,NO3(-1),0.018749491085727127,2.3,5.159540539502254
synthetic_study_0,65,515,goethite,FeOOH,Se(+4),25.142567819909306,3.629649272894591,Na(+1),0.012439727788220794,NO3(-1),0.012439727788220794,2.3,79.36331565887541
synthetic_study_1,64,516,goethite,FeOOH,Se(+4),25.0392869129156,2.90254601235101,Na(+1),0.9457065620804144,NO3(-1),0.9457065620804144,2.3,97.5149517572159
synthetic_study_1,40,517,goethite,FeOOH,Se(+4),25.31209731758187,5.858345115282948,Na(+1),0.9749328995916046,NO3(-1),0.9749328995916046,2.3,41.19741929902925
synthetic_study_1,55,518,goethite,FeOOH,Se(+4),24.851982669406322,4.626296017371766,Na(+1),0.15353087770294419,NO3(-1),0.15353087770294419,2.3,72.11704814912477
synthetic_study_1,135,519,goethite,FeOOH,Se(+4),25.301873077711697,3.8224285250743533,Na(+1),0.11940316793555651,NO3(-1),0.11940316793555651,2.3,82.9871565786151
synthetic_study_1,77,520,goethite,FeOOH,Se(+4),25.415279582323965,3.32312894901537,Na(+1),0.7986831405174359,NO3(-1),0.7986831405174359,2.3,88.8782307697221
synthetic_study_1,124,521,goethite,FeOOH,Se(+4),25.103379618435156,6.4026165859542425,Na(+1),0.14964093712692864,NO3(-1),0.14964093712692864,2.3,21.292994737150348
synthetic_study_0,58,522,goethite,FeOOH,Se(+4),24.90276259529647,9.514537616245907,Na(+1),0.0030194380391500245,NO3(-1),0.0030194380391500245,2.3,0.0
synthetic_study_1,146,523,goethite,FeOOH,Se(+4),25.187726130482048,10.387793348511073,Na(+1),0.00428399030448572,NO3(-1),0.00428399030448572,2.3,0.0
synthetic_study_3,53,524,goethite,FeOOH,Se(+4),24.6549871436969,5.21045013750668,Na(+1),0.011688594486595079,NO3(-1),0.011688594486595079,2.3,43.52730256197701
synthetic_study_0,36,525,goethite,FeOOH,Se(+4),25.049742216072417,5.674206009067986,Na(+1),0.5606579683784695,NO3(-1),0.5606579683784695,2.3,42.62178552552602
synthetic_study_0,6,526,goethite,FeOOH,Se(+4),25.395393119276342,7.725433450391637,Na(+1),0.8553870121567723,NO3(-1),0.8553870121567723,2.3,0.30106818872685537
synthetic_study_1,57,527,goethite,FeOOH,Se(+4),25.064119719522452,5.572759419029202,Na(+1),0.27638257961899854,NO3(-1),0.27638257961899854,2.3,43.36173604938315
synthetic_study_3,52,528,goethite,FeOOH,Se(+4),24.32890719039109,9.743546899026022,Na(+1),0.38122971883493284,NO3(-1),0.38122971883493284,2.3,0.10386012027634861
synthetic_study_2,108,529,goethite,FeOOH,Se(+4),24.784650690864176,8.845270350955005,Na(+1),0.0020503117712304913,NO3(-1),0.0020503117712304913,2.3,9.14619065535868
synthetic_study_1,80,530,goethite,FeOOH,Se(+4),24.987873439466505,7.226939925306997,Na(+1),0.10292069218135513,NO3(-1),0.10292069218135513,2.3,16.893628733184165
synthetic_study_1,52,531,goethite,FeOOH,Se(+4),24.877143719880646,7.771780436810752,Na(+1),0.08870758771677374,NO3(-1),0.08870758771677374,2.3,10.88041500935173
synthetic_study_0,20,532,goethite,FeOOH,Se(+4),24.428878054465983,8.202418152330713,Na(+1),0.008887431486867933,NO3(-1),0.008887431486867933,2.3,6.123045014974858
synthetic_study_0,90,533,goethite,FeOOH,Se(+4),24.629839579313412,7.786829143025974,Na(+1),1.8790139101743897,NO3(-1),1.8790139101743897,2.3,7.608057055824465
synthetic_study_2,120,534,goethite,FeOOH,Se(+4),25.238021461036404,5.307589319833194,Na(+1),0.0011207771124567187,NO3(-1),0.0011207771124567187,2.3,32.37391581131807
synthetic_study_3,137,535,goethite,FeOOH,Se(+4),25.014618383623908,6.8256540824437835,Na(+1),0.01243780897240664,NO3(-1),0.01243780897240664,2.3,11.723206279231801
synthetic_study_2,112,536,goethite,FeOOH,Se(+4),24.209597391078844,4.864290068903943,Na(+1),0.3682381105507473,NO3(-1),0.3682381105507473,2.3,63.156463195214286
synthetic_study_0,137,537,goethite,FeOOH,Se(+4),25.2954499606932,4.769810083613007,Na(+1),0.011630199982693636,NO3(-1),0.011630199982693636,2.3,56.51388391719951
synthetic_study_3,97,538,goethite,FeOOH,Se(+4),24.93055893553444,7.892505063627602,Na(+1),0.0018075518645433433,NO3(-1),0.0018075518645433433,2.3,7.2777891113644895
synthetic_study_3,39,539,goethite,FeOOH,Se(+4),24.966079820317425,5.918793027788613,Na(+1),0.141292853651099,NO3(-1),0.141292853651099,2.3,33.206534111935305
synthetic_study_3,110,540,goethite,FeOOH,Se(+4),24.61002714419182,9.226091223524595,Na(+1),0.024209870909493867,NO3(-1),0.024209870909493867,2.3,0.0
synthetic_study_0,10,541,goethite,FeOOH,Se(+4),25.140294273946495,4.260510773487417,Na(+1),0.008111652685302367,NO3(-1),0.008111652685302367,2.3,64.80020592346773
synthetic_study_2,7,542,goethite,FeOOH,Se(+4),24.782935011329755,4.58668749349102,Na(+1),0.002500712790256268,NO3(-1),0.002500712790256268,2.3,66.26629677270851
synthetic_study_0,102,543,goethite,FeOOH,Se(+4),24.901457183241703,9.420274263406803,Na(+1),1.3244087334834385,NO3(-1),1.3244087334834385,2.3,5.212615412520557
synthetic_study_2,139,544,goethite,FeOOH,Se(+4),24.65360350759198,5.364578882110629,Na(+1),0.19588955165893018,NO3(-1),0.19588955165893018,2.3,49.65548021515863
synthetic_study_1,105,545,goethite,FeOOH,Se(+4),24.346459266580325,10.278270258457997,Na(+1),1.2068048792530637,NO3(-1),1.2068048792530637,2.3,2.2465878120491185
synthetic_study_3,116,546,goethite,FeOOH,Se(+4),25.393673892566955,3.5582411867774963,Na(+1),1.2212878025375413,NO3(-1),1.2212878025375413,2.3,89.4178031056608
synthetic_study_2,29,547,goethite,FeOOH,Se(+4),24.671768182796768,9.357201903502155,Na(+1),0.007278834819444654,NO3(-1),0.007278834819444654,2.3,3.834191843342496
synthetic_study_3,10,548,goethite,FeOOH,Se(+4),24.763436037907265,6.919749953643125,Na(+1),0.001836275256562971,NO3(-1),0.001836275256562971,2.3,11.456923241563828
synthetic_study_1,63,549,goethite,FeOOH,Se(+4),24.980109984894593,6.793437450978436,Na(+1),1.0062202208799855,NO3(-1),1.0062202208799855,2.3,17.47744192700683
synthetic_study_3,68,550,goethite,FeOOH,Se(+4),25.211361821053746,6.767365068525295,Na(+1),0.12184181258780181,NO3(-1),0.12184181258780181,2.3,14.211002661121345
synthetic_study_2,67,551,goethite,FeOOH,Se(+4),24.825193180912198,3.959406587039629,Na(+1),0.009000261060641085,NO3(-1),0.009000261060641085,2.3,72.81013159227633
synthetic_study_2,84,552,goethite,FeOOH,Se(+4),25.147340883337748,8.704378906337046,Na(+1),0.01686283597588713,NO3(-1),0.01686283597588713,2.3,0.5285091844072234
synthetic_study_2,96,553,goethite,FeOOH,Se(+4),25.547086297938865,5.728618124588091,Na(+1),0.041071500948723506,NO3(-1),0.041071500948723506,2.3,40.914625966887556
synthetic_study_1,12,554,goethite,FeOOH,Se(+4),25.12013427581179,7.5100498170827334,Na(+1),0.1046965872727765,NO3(-1),0.1046965872727765,2.3,0.8586726373294882
synthetic_study_1,132,555,goethite,FeOOH,Se(+4),24.803019044135727,7.633537822296939,Na(+1),0.0017210134989777627,NO3(-1),0.0017210134989777627,2.3,6.674313615724754
synthetic_study_3,148,556,goethite,FeOOH,Se(+4),25.345323628759903,9.441511695328337,Na(+1),0.005891773964882444,NO3(-1),0.005891773964882444,2.3,2.593576039693141
synthetic_study_3,131,557,goethite,FeOOH,Se(+4),24.737966646765507,9.914002683029896,Na(+1),0.002720223699910819,NO3(-1),0.002720223699910819,2.3,0.0
synthetic_study_0,79,558,goethite,FeOOH,Se(+4),24.87103129033009,6.797752492536372,Na(+1),0.7868443025872123,NO3(-1),0.7868443025872123,2.3,12.469744460467547
synthetic_study_0,16,559,goethite,FeOOH,Se(+4),25.165285387035922,4.148523289093992,Na(+1),0.03445573422092923,NO3(-1),0.03445573422092923,2.3,74.01633540281226
synthetic_study_2,101,560,goethite,FeOOH,Se(+4),25.12823411670116,6.702972601608493,Na(+1),0.3018409449478995,NO3(-1),0.3018409449478995,2.3,16.569288553819206
synthetic_study_1,110,561,goethite,FeOOH,Se(+4),24.532602039234114,10.492830026286121,Na(+1),0.2218542122514638,NO3(-1),0.2218542122514638,2.3,2.6031802757020577
synthetic_study_0,149,562,goethite,FeOOH,Se(+4),25.613188366237686,4.836911657705837,Na(+1),0.004283984967464376,NO3(-1),0.004283984967464376,2.3,57.24997323803268
synthetic_study_0,76,563,goethite,FeOOH,Se(+4),25.18471327179794,4.3917018986266365,Na(+1),0.08257939801644379,NO3(-1),0.08257939801644379,2.3,71.80698651319395
synthetic_study_0,5,564,goethite,FeOOH,Se(+4),25.396110938381447,8.422395386648175,Na(+1),0.002768875383060625,NO3(-1),0.002768875383060625,2.3,4.49926835724104
synthetic_study_0,109,565,goethite,FeOOH,Se(+4),25.00211451956801,9.624104374405864,Na(+1),0.006825738814145135,NO3(-1),0.006825738814145135,2.3,0.0
synthetic_study_1,20,566,goethite,FeOOH,Se(+4),25.446858663840704,4.062530662072155,Na(+1),0.257495078502171,NO3(-1),0.257495078502171,2.3,81.40842672121163
synthetic_study_2,15,567,goethite,FeOOH,Se(+4),24.82650939859115,8.20266640176004,Na(+1),0.010486110909457074,NO3(-1),0.010486110909457074,2.3,7.563011550040852
synthetic_study_3,9,568,goethite,FeOOH,Se(+4),24.98317875675827,10.128108801014442,Na(+1),0.24545214149704858,NO3(-1),0.24545214149704858,2.3,0.0
synthetic_study_3,36,569,goethite,FeOOH,Se(+4),24.98855313290198,7.00797104778461,Na(+1),0.005849932826559389,NO3(-1),0.005849932826559389,2.3,9.928579176077394
synthetic_study_1,90,570,goethite,FeOOH,Se(+4),25.227186945339714,9.578551337785335,Na(+1),0.5949250220194212,NO3(-1),0.5949250220194212,2.3,0.0
synthetic_study_1,47,571,goethite,FeOOH,Se(+4),24.589184727275683,7.973223800626498,Na(+1),0.17803866481838343,NO3(-1),0.17803866481838343,2.3,4.391717594483653
synthetic_study_1,8,572,goethite,FeOOH,Se(+4),25.26166697073393,7.8414370696153775,Na(+1),0.3449243838023457,NO3(-1),0.3449243838023457,2.3,8.203368577307268
synthetic_study_3,44,573,goethite,FeOOH,Se(+4),24.89584445523208,3.581774046044722,Na(+1),0.7458435568525158,NO3(-1),0.7458435568525158,2.3,87.22156167326831
synthetic_study_0,134,574,goethite,FeOOH,Se(+4),24.826464937038754,4.310611327994154,Na(+1),0.06796899913943225,NO3(-1),0.06796899913943225,2.3,80.14697195906778
synthetic_study_1,99,575,goethite,FeOOH,Se(+4),25.08691214153696,4.41919164919246,Na(+1),0.007090076152210784,NO3(-1),0.007090076152210784,2.3,69.94685608300753
synthetic_study_1,81,576,goethite,FeOOH,Se(+4),24.41196013297172,5.474435495964713,Na(+1),0.03437456840150461,NO3(-1),0.03437456840150461,2.3,42.9486201935336
synthetic_study_2,91,577,goethite,FeOOH,Se(+4),25.179155253683824,3.521988866447545,Na(+1),0.0012056596304883757,NO3(-1),0.0012056596304883757,2.3,86.27735586843096
synthetic_study_2,3,578,goethite,FeOOH,Se(+4),24.74833497561263,4.05851442858364,Na(+1),0.02950344607671621,NO3(-1),0.02950344607671621,2.3,82.86190531145994
synthetic_study_0,66,579,goethite,FeOOH,Se(+4),25.12332889194286,9.041075957972394,Na(+1),0.0210861297940052,NO3(-1),0.0210861297940052,2.3,6.325287234302222
synthetic_study_1,37,580,goethite,FeOOH,Se(+4),25.155367964203897,4.602660963225951,Na(+1),0.0014409412890777924,NO3(-1),0.0014409412890777924,2.3,55.097764029737746
synthetic_study_2,32,581,goethite,FeOOH,Se(+4),25.941465997667148,2.970168014846905,Na(+1),0.002081920689475988,NO3(-1),0.002081920689475988,2.3,87.37855024331412
synthetic_study_3,135,582,goethite,FeOOH,Se(+4),24.200765498321744,3.8583637806661724,Na(+1),0.13129581894091016,NO3(-1),0.13129581894091016,2.3,83.69221852073603
synthetic_study_0,143,583,goethite,FeOOH,Se(+4),24.72789852752455,4.476612497797002,Na(+1),0.00151742061331238,NO3(-1),0.00151742061331238,2.3,59.570895162708005
synthetic_study_1,120,584,goethite,FeOOH,Se(+4),25.585625860643294,3.7334882207222515,Na(+1),0.019460426744272098,NO3(-1),0.019460426744272098,2.3,90.8374303939468
synthetic_study_0,54,585,goethite,FeOOH,Se(+4),24.706709051908486,5.151771841830063,Na(+1),0.010595084438444908,NO3(-1),0.010595084438444908,2.3,41.19495157151407
synthetic_study_3,68,586,goethite,FeOOH,Se(+4),24.941022595223245,4.869651475952371,Na(+1),0.001077035634621293,NO3(-1),0.001077035634621293,2.3,51.833423870986486
synthetic_study_1,128,587,goethite,FeOOH,Se(+4),24.921313740296583,8.759529255476986,Na(+1),0.0017598903050883726,NO3(-1),0.0017598903050883726,2.3,0.0
synthetic_study_0,135,588,goethite,FeOOH,Se(+4),24.810445136903756,5.7943071814492155,Na(+1),0.5360638341317117,NO3(-1),0.5360638341317117,2.3,36.11906426731666
synthetic_study_0,23,589,goethite,FeOOH,Se(+4),25.588580710321157,8.562583356105566,Na(+1),0.2713443989224961,NO3(-1),0.2713443989224961,2.3,8.029296208518645
synthetic_study_0,56,590,goethite,FeOOH,Se(+4),24.999912971355034,8.223891134355195,Na(+1),0.0076196740346797754,NO3(-1),0.0076196740346797754,2.3,2.4759803363261716
synthetic_study_3,86,591,goethite,FeOOH,Se(+4),24.868662973911796,5.19329476703489,Na(+1),0.23058944707705173,NO3(-1),0.23058944707705173,2.3,55.44881518864921
synthetic_study_3,24,592,goethite,FeOOH,Se(+4),25.412649091034496,4.495579573210501,Na(+1),0.002890129681065322,NO3(-1),0.002890129681065322,2.3,65.34958148881168
synthetic_study_3,33,593,goethite,FeOOH,Se(+4),24.85574093566158,10.222932439919436,Na(+1),0.25496399723891294,NO3(-1),0.25496399723891294,2.3,0.0
synthetic_study_2,111,594,goethite,FeOOH,Se(+4),24.963857338088427,7.7664773629604245,Na(+1),0.0025337741659841,NO3(-1),0.0025337741659841,2.3,6.7073775273123415
synthetic_study_3,116,595,goethite,FeOOH,Se(+4),24.941945078848597,3.327251360758969,Na(+1),0.09039492852476398,NO3(-1),0.09039492852476398,2.3,92.29616354388516
synthetic_study_2,96,596,goethite,FeOOH,Se(+4),25.55026053169733,8.644296167415995,Na(+1),1.9607020300791596,NO3(-1),1.9607020300791596,2.3,3.181464743146212
synthetic_study_0,103,597,goethite,FeOOH,Se(+4),24.866993582604938,2.7384575634846744,Na(+1),1.267581009364873,NO3(-1),1.267581009364873,2.3,94.21401986760124
synthetic_study_0,94,598,goethite,FeOOH,Se(+4),24.601555706124138,7.44015978797817,Na(+1),0.0018499521667297,NO3(-1),0.0018499521667297,2.3,6.794863276131688
synthetic_study_1,2,599,goethite,FeOOH,Se(+4),25.19696548307838,9.4660429835854,Na(+1),0.09127100614601524,NO3(-1),0.09127100614601524,2.3,4.79302847668895
synthetic_study_3,91,0,montmorillonite,Al2Si4O10(OH)2,U(+6),24.993931456643477,3.880269934127776,Na(+1),0.009290505676209638,NO3(-1),0.009290505676209638,0.9,12.303233600325179
synthetic_study_2,1,1,montmorillonite,Al2Si4O10(OH)2,U(+6),25.430264205202057,7.171563718257595,Na(+1),0.0029165895211854167,NO3(-1),0.0029165895211854167,0.9,23.535296964544752
synthetic_study_2,22,2,montmorillonite,Al2Si4O10(OH)2,U(+6),25.621834922521522,9.22621666885961,Na(+1),0.29200671777884496,NO3(-1),0.29200671777884496,0.9,28.160655063456243
synthetic_study_0,37,3,montmorillonite,Al2Si4O10(OH)2,U(+6),25.529421405512355,3.796331449264721,Na(+1),0.0016038014444764292,NO3(-1),0.0016038014444764292,0.9,9.042172803516067
synthetic_study_2,18,4,montmorillonite,Al2Si4O10(OH)2,U(+6),24.95724598896073,5.958275533629086,Na(+1),0.0029951755728844986,NO3(-1),0.0029951755728844986,0.9,15.846483221271122
synthetic_study_1,13,5,montmorillonite,Al2Si4O10(OH)2,U(+6),25.591854220502423,5.531612979498442,Na(+1),0.06880722366984643,NO3(-1),0.06880722366984643,0.9,16.83036562599568
synthetic_study_1,16,6,montmorillonite,Al2Si4O10(OH)2,U(+6),24.688898532178648,7.124147082391498,Na(+1),1.2730119036839436,NO3(-1),1.2730119036839436,0.9,24.142316612785685
synthetic_study_2,66,7,montmorillonite,Al2Si4O10(OH)2,U(+6),25.11958733830721,7.60021434165964,Na(+1),0.09729035131327084,NO3(-1),0.09729035131327084,0.9,23.524910646239963
synthetic_study_0,46,8,montmorillonite,Al2Si4O10(OH)2,U(+6),25.169625374679832,7.0879960136446085,Na(+1),0.6475710619589164,NO3(-1),0.6475710619589164,0.9,24.725423466186736
synthetic_study_2,127,9,montmorillonite,Al2Si4O10(OH)2,U(+6),24.960648374385887,6.651348721713245,Na(+1),0.1867201080067462,NO3(-1),0.1867201080067462,0.9,19.930905149019676
synthetic_study_2,136,10,montmorillonite,Al2Si4O10(OH)2,U(+6),24.937239248492297,7.295120244791929,Na(+1),0.9475994245991186,NO3(-1),0.9475994245991186,0.9,20.619722075611016
synthetic_study_3,143,11,montmorillonite,Al2Si4O10(OH)2,U(+6),24.976334096153042,3.3826535300293363,Na(+1),0.4741401177430592,NO3(-1),0.4741401177430592,0.9,7.9637488179421405
synthetic_study_1,136,12,montmorillonite,Al2Si4O10(OH)2,U(+6),25.234616252529843,3.521957934200266,Na(+1),0.30658240263140707,NO3(-1),0.30658240263140707,0.9,9.840406741423429
synthetic_study_3,17,13,montmorillonite,Al2Si4O10(OH)2,U(+6),25.07369600914197,6.946240935587671,Na(+1),0.0034776882989629885,NO3(-1),0.0034776882989629885,0.9,22.42035703189996
synthetic_study_1,48,14,montmorillonite,Al2Si4O10(OH)2,U(+6),25.120167507023947,4.070174311320531,Na(+1),0.10972712671993248,NO3(-1),0.10972712671993248,0.9,11.075393002670559
synthetic_study_0,28,15,montmorillonite,Al2Si4O10(OH)2,U(+6),25.33207169352768,6.991478998237138,Na(+1),0.2872361063725054,NO3(-1),0.2872361063725054,0.9,19.777945533479766
synthetic_study_0,31,16,montmorillonite,Al2Si4O10(OH)2,U(+6),24.501676484012535,8.499986528158296,Na(+1),0.3817153293824316,NO3(-1),0.3817153293824316,0.9,28.3337886508694
synthetic_study_2,41,17,montmorillonite,Al2Si4O10(OH)2,U(+6),25.00388856612817,8.965133820836101,Na(+1),0.5389146452103694,NO3(-1),0.5389146452103694,0.9,28.234849314008017
synthetic_study_1,49,18,montmorillonite,Al2Si4O10(OH)2,U(+6),24.969827976824263,3.519322060261122,Na(+1),0.05238168741834202,NO3(-1),0.05238168741834202,0.9,7.338933465342092
synthetic_study_2,25,19,montmorillonite,Al2Si4O10(OH)2,U(+6),24.46879473192964,3.1474875928830865,Na(+1),0.010856795107913264,NO3(-1),0.010856795107913264,0.9,8.890872479530085
synthetic_study_2,129,20,montmorillonite,Al2Si4O10(OH)2,U(+6),24.927559441654687,2.8438134448244483,Na(+1),0.013813441560398827,NO3(-1),0.013813441560398827,0.9,8.010274099118691
synthetic_study_0,104,21,montmorillonite,Al2Si4O10(OH)2,U(+6),24.906445840833104,6.325837717516232,Na(+1),0.12647986886456702,NO3(-1),0.12647986886456702,0.9,20.904628241856493
synthetic_study_2,108,22,montmorillonite,Al2Si4O10(OH)2,U(+6),24.708393601668167,3.631860513826431,Na(+1),0.05415273487183363,NO3(-1),0.05415273487183363,0.9,9.299449637161985
synthetic_study_3,56,23,montmorillonite,Al2Si4O10(OH)2,U(+6),24.957514703137484,9.114117224734784,Na(+1),0.13735509360950934,NO3(-1),0.13735509360950934,0.9,33.61512135495174
synthetic_study_0,29,24,montmorillonite,Al2Si4O10(OH)2,U(+6),24.733472898795302,4.362547604303897,Na(+1),1.1696646070047896,NO3(-1),1.1696646070047896,0.9,13.627569616313023
synthetic_study_1,111,25,montmorillonite,Al2Si4O10(OH)2,U(+6),24.814528014086008,6.077948065062981,Na(+1),1.695902856808839,NO3(-1),1.695902856808839,0.9,19.54980690362506
synthetic_study_1,119,26,montmorillonite,Al2Si4O10(OH)2,U(+6),25.202797393221488,4.739254126562676,Na(+1),0.5368935310311133,NO3(-1),0.5368935310311133,0.9,10.793990000351867
synthetic_study_0,73,27,montmorillonite,Al2Si4O10(OH)2,U(+6),24.72275817116492,4.073419076394606,Na(+1),0.22402733587445814,NO3(-1),0.22402733587445814,0.9,7.637003236661686
synthetic_study_1,45,28,montmorillonite,Al2Si4O10(OH)2,U(+6),24.585902754921875,10.03250390403651,Na(+1),0.02633656707486929,NO3(-1),0.02633656707486929,0.9,32.357073840420405
synthetic_study_3,134,29,montmorillonite,Al2Si4O10(OH)2,U(+6),25.21139131492923,3.077633548254595,Na(+1),0.510272616793034,NO3(-1),0.510272616793034,0.9,9.501191661646883
synthetic_study_2,112,30,montmorillonite,Al2Si4O10(OH)2,U(+6),25.261625766560254,8.357891241466625,Na(+1),0.015048167032947963,NO3(-1),0.015048167032947963,0.9,29.42251969444809
synthetic_study_1,40,31,montmorillonite,Al2Si4O10(OH)2,U(+6),24.968223319571827,4.537230599825162,Na(+1),0.13800689570776045,NO3(-1),0.13800689570776045,0.9,11.155788251568206
synthetic_study_2,24,32,montmorillonite,Al2Si4O10(OH)2,U(+6),24.700005152225646,3.3164380450174713,Na(+1),0.985969430475305,NO3(-1),0.985969430475305,0.9,11.518006170402948
synthetic_study_1,123,33,montmorillonite,Al2Si4O10(OH)2,U(+6),24.390417642994787,3.8545559620062244,Na(+1),0.08336415748206814,NO3(-1),0.08336415748206814,0.9,8.413521861346865
synthetic_study_2,8,34,montmorillonite,Al2Si4O10(OH)2,U(+6),24.757016364831582,5.546391724016025,Na(+1),0.017728156204728025,NO3(-1),0.017728156204728025,0.9,15.356024036001223
synthetic_study_3,148,35,montmorillonite,Al2Si4O10(OH)2,U(+6),25.29198342223374,7.712940788583679,Na(+1),0.003980299739192648,NO3(-1),0.003980299739192648,0.9,24.013602729175844
synthetic_study_1,90,36,montmorillonite,Al2Si4O10(OH)2,U(+6),24.971224275057825,7.996701516946112,Na(+1),0.19209714834794814,NO3(-1),0.19209714834794814,0.9,27.06235346749068
synthetic_study_3,4,37,montmorillonite,Al2Si4O10(OH)2,U(+6),25.424797573373528,3.443061701851237,Na(+1),0.02911185465294433,NO3(-1),0.02911185465294433,0.9,8.659049535726506
synthetic_study_2,68,38,montmorillonite,Al2Si4O10(OH)2,U(+6),24.795369851099768,5.858117452749253,Na(+1),0.002937235732431906,NO3(-1),0.002937235732431906,0.9,19.92154716421486
synthetic_study_0,139,39,montmorillonite,Al2Si4O10(OH)2,U(+6),24.682247525441547,3.4306675188816333,Na(+1),0.0200336129280673,NO3(-1),0.0200336129280673,0.9,8.13012256216358
synthetic_study_1,22,40,montmorillonite,Al2Si4O10(OH)2,U(+6),24.41480080218954,3.998628376521859,Na(+1),0.6867090482411115,NO3(-1),0.6867090482411115,0.9,13.297123436885867
synthetic_study_0,5,41,montmorillonite,Al2Si4O10(OH)2,U(+6),24.284674454238786,4.34820643096901,Na(+1),1.0992419124626396,NO3(-1),1.0992419124626396,0.9,12.074734132244865
synthetic_study_1,92,42,montmorillonite,Al2Si4O10(OH)2,U(+6),24.162077046580883,9.990838371537166,Na(+1),1.0453680045808131,NO3(-1),1.0453680045808131,0.9,31.152566753649317
synthetic_study_1,15,43,montmorillonite,Al2Si4O10(OH)2,U(+6),24.43799099421617,4.73319643429037,Na(+1),0.001089826238484565,NO3(-1),0.001089826238484565,0.9,13.681083967865671
synthetic_study_1,93,44,montmorillonite,Al2Si4O10(OH)2,U(+6),25.428459662240364,4.031793660390486,Na(+1),0.014042895663238011,NO3(-1),0.014042895663238011,0.9,12.426954174067557
synthetic_study_1,50,45,montmorillonite,Al2Si4O10(OH)2,U(+6),25.21006545820166,10.36482446689981,Na(+1),0.009541389727740277,NO3(-1),0.009541389727740277,0.9,32.28251292080377
synthetic_study_3,127,46,montmorillonite,Al2Si4O10(OH)2,U(+6),24.955026607738397,8.04654843979443,Na(+1),0.2245982104174618,NO3(-1),0.2245982104174618,0.9,24.821153913652704
synthetic_study_3,38,47,montmorillonite,Al2Si4O10(OH)2,U(+6),24.98724060673959,5.955761546089293,Na(+1),0.004119292768474316,NO3(-1),0.004119292768474316,0.9,19.865923863454867
synthetic_study_1,104,48,montmorillonite,Al2Si4O10(OH)2,U(+6),25.31166612719614,10.150499756427065,Na(+1),0.004958111079635098,NO3(-1),0.004958111079635098,0.9,34.70180331934677
synthetic_study_3,109,49,montmorillonite,Al2Si4O10(OH)2,U(+6),25.2737299757879,9.386917755836418,Na(+1),0.7685229031408124,NO3(-1),0.7685229031408124,0.9,32.57893463882912
synthetic_study_2,92,50,montmorillonite,Al2Si4O10(OH)2,U(+6),24.723873837019458,9.940032100426034,Na(+1),0.0395552024258049,NO3(-1),0.0395552024258049,0.9,30.076277051412646
synthetic_study_3,24,51,montmorillonite,Al2Si4O10(OH)2,U(+6),24.861074709650254,7.6187907511091515,Na(+1),0.39083853396750606,NO3(-1),0.39083853396750606,0.9,25.066456564907874
synthetic_study_0,130,52,montmorillonite,Al2Si4O10(OH)2,U(+6),24.687595832371006,4.532807450345342,Na(+1),0.1648998807446747,NO3(-1),0.1648998807446747,0.9,13.662622626749387
synthetic_study_0,56,53,montmorillonite,Al2Si4O10(OH)2,U(+6),24.87290562163084,9.052911755510468,Na(+1),0.01759095341430413,NO3(-1),0.01759095341430413,0.9,27.185073193512252
synthetic_study_3,78,54,montmorillonite,Al2Si4O10(OH)2,U(+6),25.32876798841843,9.08431185148551,Na(+1),0.7245307181662768,NO3(-1),0.7245307181662768,0.9,30.252528799301707
synthetic_study_0,19,55,montmorillonite,Al2Si4O10(OH)2,U(+6),24.973775845391685,7.720229506007252,Na(+1),0.9349374004180275,NO3(-1),0.9349374004180275,0.9,25.82038710728737
synthetic_study_2,112,56,montmorillonite,Al2Si4O10(OH)2,U(+6),24.8661550795457,10.31767623286449,Na(+1),1.3334164162333995,NO3(-1),1.3334164162333995,0.9,35.84738086740416
synthetic_study_2,83,57,montmorillonite,Al2Si4O10(OH)2,U(+6),24.685189871047637,5.744853204526207,Na(+1),0.014440583514793848,NO3(-1),0.014440583514793848,0.9,15.578734069443804
synthetic_study_1,13,58,montmorillonite,Al2Si4O10(OH)2,U(+6),24.511693154381252,5.617690491559594,Na(+1),1.5409370460387444,NO3(-1),1.5409370460387444,0.9,16.36333173628245
synthetic_study_0,113,59,montmorillonite,Al2Si4O10(OH)2,U(+6),25.43680800551358,9.559013431006811,Na(+1),0.05675370829442553,NO3(-1),0.05675370829442553,0.9,35.219246980275905
synthetic_study_1,100,60,montmorillonite,Al2Si4O10(OH)2,U(+6),24.732480908553114,5.279484203283482,Na(+1),0.001475502274624387,NO3(-1),0.001475502274624387,0.9,14.342769574303619
synthetic_study_2,84,61,montmorillonite,Al2Si4O10(OH)2,U(+6),24.836881747138676,10.25791177822364,Na(+1),0.021655745655480035,NO3(-1),0.021655745655480035,0.9,32.085946711547315
synthetic_study_0,131,62,montmorillonite,Al2Si4O10(OH)2,U(+6),25.32036764730415,9.727892545615564,Na(+1),0.739874193105142,NO3(-1),0.739874193105142,0.9,30.600538626243384
synthetic_study_1,54,63,montmorillonite,Al2Si4O10(OH)2,U(+6),25.469684762647336,7.86123792675926,Na(+1),0.04844478390498576,NO3(-1),0.04844478390498576,0.9,23.1609440702597
synthetic_study_1,36,64,montmorillonite,Al2Si4O10(OH)2,U(+6),24.870405797645557,9.741429496126713,Na(+1),0.0022545207407318533,NO3(-1),0.0022545207407318533,0.9,33.1397575471662
synthetic_study_3,108,65,montmorillonite,Al2Si4O10(OH)2,U(+6),25.32771399955198,3.6830753903247286,Na(+1),0.07226762347548094,NO3(-1),0.07226762347548094,0.9,13.847234443392148
synthetic_study_2,55,66,montmorillonite,Al2Si4O10(OH)2,U(+6),25.772016015209232,7.992928846467522,Na(+1),0.01834197138621338,NO3(-1),0.01834197138621338,0.9,27.151011402598535
synthetic_study_0,62,67,montmorillonite,Al2Si4O10(OH)2,U(+6),25.509159993642992,8.554377523888823,Na(+1),0.4740402968748753,NO3(-1),0.4740402968748753,0.9,29.317168176874507
synthetic_study_3,41,68,montmorillonite,Al2Si4O10(OH)2,U(+6),24.859375890546318,4.6180328067807555,Na(+1),0.01611483585080029,NO3(-1),0.01611483585080029,0.9,10.900705864365676
synthetic_study_1,56,69,montmorillonite,Al2Si4O10(OH)2,U(+6),25.337739427421223,3.7512095714032805,Na(+1),0.1444696263914002,NO3(-1),0.1444696263914002,0.9,9.713402311821437
synthetic_study_2,38,70,montmorillonite,Al2Si4O10(OH)2,U(+6),24.78049970471672,2.541630227253113,Na(+1),0.006624650147271275,NO3(-1),0.006624650147271275,0.9,5.802707594821925
synthetic_study_2,80,71,montmorillonite,Al2Si4O10(OH)2,U(+6),24.95341347717454,5.4251247738449,Na(+1),0.006721781745612932,NO3(-1),0.006721781745612932,0.9,14.220706593986861
synthetic_study_3,89,72,montmorillonite,Al2Si4O10(OH)2,U(+6),25.103730800424852,7.242914555302593,Na(+1),0.001551771987645663,NO3(-1),0.001551771987645663,0.9,20.832198981950583
synthetic_study_2,123,73,montmorillonite,Al2Si4O10(OH)2,U(+6),24.76498575717965,7.542240646314427,Na(+1),0.0018927309713587597,NO3(-1),0.0018927309713587597,0.9,25.68995242230113
synthetic_study_0,139,74,montmorillonite,Al2Si4O10(OH)2,U(+6),24.57180497482122,4.107381262671263,Na(+1),0.0035456105347456625,NO3(-1),0.0035456105347456625,0.9,9.837105163049214
synthetic_study_1,116,75,montmorillonite,Al2Si4O10(OH)2,U(+6),24.843260752153355,8.328333364568616,Na(+1),0.0019463225984515436,NO3(-1),0.0019463225984515436,0.9,28.557649010005733
synthetic_study_1,99,76,montmorillonite,Al2Si4O10(OH)2,U(+6),25.30488455337155,4.770980643231438,Na(+1),0.013863585889944133,NO3(-1),0.013863585889944133,0.9,14.582560488648706
synthetic_study_3,117,77,montmorillonite,Al2Si4O10(OH)2,U(+6),25.211649176093882,9.499874404499405,Na(+1),0.3198024826428308,NO3(-1),0.3198024826428308,0.9,31.320398044318996
synthetic_study_0,68,78,montmorillonite,Al2Si4O10(OH)2,U(+6),25.14113655135221,7.536182181947172,Na(+1),0.004853584967538277,NO3(-1),0.004853584967538277,0.9,22.78456715322156
synthetic_study_3,123,79,montmorillonite,Al2Si4O10(OH)2,U(+6),24.935959257184543,10.176272943320075,Na(+1),0.5331380104139675,NO3(-1),0.5331380104139675,0.9,34.84433698088756
synthetic_study_0,124,80,montmorillonite,Al2Si4O10(OH)2,U(+6),25.114669602788382,5.779599697576287,Na(+1),0.004191397050045519,NO3(-1),0.004191397050045519,0.9,18.86332428379396
synthetic_study_3,135,81,montmorillonite,Al2Si4O10(OH)2,U(+6),24.971335868166154,4.1485874185048,Na(+1),0.051429718840999596,NO3(-1),0.051429718840999596,0.9,14.031744275494031
synthetic_study_2,0,82,montmorillonite,Al2Si4O10(OH)2,U(+6),24.927962936397996,7.8559067068538,Na(+1),0.0037133356773896955,NO3(-1),0.0037133356773896955,0.9,27.87979830406414
synthetic_study_0,103,83,montmorillonite,Al2Si4O10(OH)2,U(+6),24.709404082939965,8.441224324610818,Na(+1),0.028903796359818004,NO3(-1),0.028903796359818004,0.9,28.35583327020454
synthetic_study_2,126,84,montmorillonite,Al2Si4O10(OH)2,U(+6),24.721793642892756,7.714374923837359,Na(+1),0.0014402787995516147,NO3(-1),0.0014402787995516147,0.9,27.60143418859453
synthetic_study_0,83,85,montmorillonite,Al2Si4O10(OH)2,U(+6),24.795922840942595,4.510319184220156,Na(+1),0.005302112999920615,NO3(-1),0.005302112999920615,0.9,13.331715544686027
synthetic_study_0,21,86,montmorillonite,Al2Si4O10(OH)2,U(+6),25.22942935744326,3.8578838255304104,Na(+1),1.91767295184536,NO3(-1),1.91767295184536,0.9,9.842231281135561
synthetic_study_1,14,87,montmorillonite,Al2Si4O10(OH)2,U(+6),25.187553945622362,8.268262779962626,Na(+1),0.07236805766935486,NO3(-1),0.07236805766935486,0.9,25.92560359102412
synthetic_study_2,17,88,montmorillonite,Al2Si4O10(OH)2,U(+6),25.289992935562868,3.156929063545217,Na(+1),0.9132718228444384,NO3(-1),0.9132718228444384,0.9,8.492463047413553
synthetic_study_1,93,89,montmorillonite,Al2Si4O10(OH)2,U(+6),24.118039325843057,5.344994218738463,Na(+1),0.017274846728552104,NO3(-1),0.017274846728552104,0.9,15.974959703297795
synthetic_study_0,62,90,montmorillonite,Al2Si4O10(OH)2,U(+6),25.006904317916753,5.830680699675378,Na(+1),0.014856538334160287,NO3(-1),0.014856538334160287,0.9,14.942546918285155
synthetic_study_2,120,91,montmorillonite,Al2Si4O10(OH)2,U(+6),24.815507549219582,10.499974133769992,Na(+1),0.009378782193597727,NO3(-1),0.009378782193597727,0.9,33.91833571057623
synthetic_study_0,20,92,montmorillonite,Al2Si4O10(OH)2,U(+6),24.105945887666167,5.010492147345346,Na(+1),0.001349537789670868,NO3(-1),0.001349537789670868,0.9,16.80127234188204
synthetic_study_1,71,93,montmorillonite,Al2Si4O10(OH)2,U(+6),24.778979627018632,8.90022389522913,Na(+1),0.045399851041491114,NO3(-1),0.045399851041491114,0.9,28.292804629718873
synthetic_study_1,18,94,montmorillonite,Al2Si4O10(OH)2,U(+6),25.146281265276716,7.091634938763582,Na(+1),0.21951466832759284,NO3(-1),0.21951466832759284,0.9,26.232386096184722
synthetic_study_0,79,95,montmorillonite,Al2Si4O10(OH)2,U(+6),24.955395201598478,6.741840617206378,Na(+1),0.09680072284648636,NO3(-1),0.09680072284648636,0.9,19.916597507325196
synthetic_study_2,111,96,montmorillonite,Al2Si4O10(OH)2,U(+6),24.914438602710053,6.799103710470161,Na(+1),0.026808574830534605,NO3(-1),0.026808574830534605,0.9,22.23281890600746
synthetic_study_2,60,97,montmorillonite,Al2Si4O10(OH)2,U(+6),24.954607766838233,8.086160892257775,Na(+1),0.004398983408972048,NO3(-1),0.004398983408972048,0.9,28.537458981652044
synthetic_study_3,128,98,montmorillonite,Al2Si4O10(OH)2,U(+6),25.098745578681918,9.53064451494635,Na(+1),0.26935351215475034,NO3(-1),0.26935351215475034,0.9,32.861329257136845
synthetic_study_2,8,99,montmorillonite,Al2Si4O10(OH)2,U(+6),24.843253021247413,7.2444527352199275,Na(+1),0.20403989887265842,NO3(-1),0.20403989887265842,0.9,24.009980154339075
synthetic_study_3,127,100,montmorillonite,Al2Si4O10(OH)2,U(+6),24.84803514239327,5.981239981034684,Na(+1),0.022543963045136308,NO3(-1),0.022543963045136308,0.9,18.594995223782753
synthetic_study_2,90,101,montmorillonite,Al2Si4O10(OH)2,U(+6),24.727446107675533,3.1414067606162996,Na(+1),0.0033926064225921204,NO3(-1),0.0033926064225921204,0.9,9.547026965626793
synthetic_study_3,9,102,montmorillonite,Al2Si4O10(OH)2,U(+6),25.384573160311685,3.29282710703877,Na(+1),0.42567777573234766,NO3(-1),0.42567777573234766,0.9,6.673739444954899
synthetic_study_2,85,103,montmorillonite,Al2Si4O10(OH)2,U(+6),25.137218777388185,4.883363989829835,Na(+1),0.9596166214239744,NO3(-1),0.9596166214239744,0.9,13.209693869692916
synthetic_study_3,8,104,montmorillonite,Al2Si4O10(OH)2,U(+6),24.639532593217883,9.142520228665859,Na(+1),0.14255342584885564,NO3(-1),0.14255342584885564,0.9,28.286436077119667
synthetic_study_0,91,105,montmorillonite,Al2Si4O10(OH)2,U(+6),24.598556006773123,8.703954751307133,Na(+1),0.036374252259510034,NO3(-1),0.036374252259510034,0.9,29.419231804782402
synthetic_study_2,147,106,montmorillonite,Al2Si4O10(OH)2,U(+6),25.197972689925937,2.6868510995900365,Na(+1),0.9394068294247369,NO3(-1),0.9394068294247369,0.9,9.753701398649294
synthetic_study_3,96,107,montmorillonite,Al2Si4O10(OH)2,U(+6),25.053006322320105,7.92885527081894,Na(+1),0.010031453155886098,NO3(-1),0.010031453155886098,0.9,25.15829839427377
synthetic_study_0,138,108,montmorillonite,Al2Si4O10(OH)2,U(+6),24.594205698383497,4.255433507131993,Na(+1),0.04094016148930386,NO3(-1),0.04094016148930386,0.9,11.935393492506286
synthetic_study_2,104,109,montmorillonite,Al2Si4O10(OH)2,U(+6),24.495948314645766,8.381517375479946,Na(+1),1.991607295468651,NO3(-1),1.991607295468651,0.9,30.1584001945105
synthetic_study_2,125,110,montmorillonite,Al2Si4O10(OH)2,U(+6),24.444781017921244,3.7219728527864264,Na(+1),0.004140392956232361,NO3(-1),0.004140392956232361,0.9,10.128807089707324
synthetic_study_2,148,111,montmorillonite,Al2Si4O10(OH)2,U(+6),25.34257514214687,6.458948094433869,Na(+1),0.18532799869288138,NO3(-1),0.18532799869288138,0.9,20.486619939137054
synthetic_study_0,100,112,montmorillonite,Al2Si4O10(OH)2,U(+6),25.353279591118657,7.0418545329127005,Na(+1),0.033930102535628635,NO3(-1),0.033930102535628635,0.9,22.828178158273943
synthetic_study_0,8,113,montmorillonite,Al2Si4O10(OH)2,U(+6),25.264765192351984,9.195434131968167,Na(+1),0.36012381103096985,NO3(-1),0.36012381103096985,0.9,30.448558862696956
synthetic_study_3,105,114,montmorillonite,Al2Si4O10(OH)2,U(+6),24.815864509790522,7.5689990218259116,Na(+1),1.9263482379740278,NO3(-1),1.9263482379740278,0.9,21.51268537558119
synthetic_study_1,125,115,montmorillonite,Al2Si4O10(OH)2,U(+6),24.74990000688354,5.60354375081539,Na(+1),0.08392290699507735,NO3(-1),0.08392290699507735,0.9,18.075215426952816
synthetic_study_3,82,116,montmorillonite,Al2Si4O10(OH)2,U(+6),24.77679693361708,10.142471152142628,Na(+1),0.2697751995099394,NO3(-1),0.2697751995099394,0.9,33.492170197958465
synthetic_study_2,112,117,montmorillonite,Al2Si4O10(OH)2,U(+6),24.245122355764735,6.788071610336209,Na(+1),0.01805052934677082,NO3(-1),0.01805052934677082,0.9,18.512840312935012
synthetic_study_2,138,118,montmorillonite,Al2Si4O10(OH)2,U(+6),25.28592546759408,5.219818086633332,Na(+1),0.006986516207473441,NO3(-1),0.006986516207473441,0.9,18.513617992742656
synthetic_study_3,23,119,montmorillonite,Al2Si4O10(OH)2,U(+6),25.2770918680309,4.363065549683066,Na(+1),0.11892264002803493,NO3(-1),0.11892264002803493,0.9,11.929274357069131
synthetic_study_2,27,120,montmorillonite,Al2Si4O10(OH)2,U(+6),24.824995146949654,7.569525730426996,Na(+1),0.00443240342100737,NO3(-1),0.00443240342100737,0.9,22.491352469039782
synthetic_study_1,5,121,montmorillonite,Al2Si4O10(OH)2,U(+6),24.720951207038595,4.804497105285235,Na(+1),0.20064938212915406,NO3(-1),0.20064938212915406,0.9,13.411455026021294
synthetic_study_1,27,122,montmorillonite,Al2Si4O10(OH)2,U(+6),25.232883916897805,9.76792051198986,Na(+1),0.03190734700966697,NO3(-1),0.03190734700966697,0.9,32.90623189204763
synthetic_study_2,7,123,montmorillonite,Al2Si4O10(OH)2,U(+6),24.846322461556575,8.049671531319827,Na(+1),0.00144421923661193,NO3(-1),0.00144421923661193,0.9,25.452278061565302
synthetic_study_0,103,124,montmorillonite,Al2Si4O10(OH)2,U(+6),25.100062971756255,8.104339516163225,Na(+1),0.009698339045808795,NO3(-1),0.009698339045808795,0.9,27.5545505683909
synthetic_study_2,60,125,montmorillonite,Al2Si4O10(OH)2,U(+6),24.586898235749054,4.661337845518868,Na(+1),1.0713390967998646,NO3(-1),1.0713390967998646,0.9,12.692300838515552
synthetic_study_2,77,126,montmorillonite,Al2Si4O10(OH)2,U(+6),25.524327397258826,3.701275419456147,Na(+1),1.0205064799791121,NO3(-1),1.0205064799791121,0.9,11.235761628190081
synthetic_study_1,60,127,montmorillonite,Al2Si4O10(OH)2,U(+6),24.840059075202973,3.1753385753515477,Na(+1),0.09021518677522995,NO3(-1),0.09021518677522995,0.9,8.40909872468501
synthetic_study_1,101,128,montmorillonite,Al2Si4O10(OH)2,U(+6),24.214797752173364,9.927876493993725,Na(+1),0.01759988709613891,NO3(-1),0.01759988709613891,0.9,32.913999297046566
synthetic_study_2,2,129,montmorillonite,Al2Si4O10(OH)2,U(+6),25.211526882778674,7.214738045427068,Na(+1),0.18034715724742453,NO3(-1),0.18034715724742453,0.9,24.29407114553438
synthetic_study_2,24,130,montmorillonite,Al2Si4O10(OH)2,U(+6),25.387946520644405,7.685589628276556,Na(+1),0.0012485160234932263,NO3(-1),0.0012485160234932263,0.9,25.65655390821393
synthetic_study_3,114,131,montmorillonite,Al2Si4O10(OH)2,U(+6),24.84522871893376,8.005334895093988,Na(+1),0.22294038489382872,NO3(-1),0.22294038489382872,0.9,27.05804346685451
synthetic_study_0,23,132,montmorillonite,Al2Si4O10(OH)2,U(+6),25.577095974829106,5.382593637160435,Na(+1),0.05833998075618355,NO3(-1),0.05833998075618355,0.9,15.894953009966338
synthetic_study_1,98,133,montmorillonite,Al2Si4O10(OH)2,U(+6),25.460278122689285,6.171236443373559,Na(+1),0.25288888511817115,NO3(-1),0.25288888511817115,0.9,19.3693124618451
synthetic_study_3,50,134,montmorillonite,Al2Si4O10(OH)2,U(+6),25.187173861458096,4.587183153563669,Na(+1),1.8209666208525834,NO3(-1),1.8209666208525834,0.9,14.995791315484912
synthetic_study_1,55,135,montmorillonite,Al2Si4O10(OH)2,U(+6),24.981709567027913,3.543202803988396,Na(+1),0.1834169408190612,NO3(-1),0.1834169408190612,0.9,8.734546106964473
synthetic_study_2,126,136,montmorillonite,Al2Si4O10(OH)2,U(+6),25.293841746326603,8.241872569531704,Na(+1),0.964500834282017,NO3(-1),0.964500834282017,0.9,27.470787679399685
synthetic_study_3,143,137,montmorillonite,Al2Si4O10(OH)2,U(+6),25.039093469147687,10.311218734156302,Na(+1),0.021763460382401324,NO3(-1),0.021763460382401324,0.9,29.434267566800553
synthetic_study_0,125,138,montmorillonite,Al2Si4O10(OH)2,U(+6),25.23490809962818,4.587638884962248,Na(+1),1.3286291202865101,NO3(-1),1.3286291202865101,0.9,12.561355918543775
synthetic_study_1,75,139,montmorillonite,Al2Si4O10(OH)2,U(+6),24.89927906087836,4.111185766858543,Na(+1),1.8654120090106825,NO3(-1),1.8654120090106825,0.9,12.342607234239999
synthetic_study_1,84,140,montmorillonite,Al2Si4O10(OH)2,U(+6),24.953517607735748,6.650613330419171,Na(+1),0.8874050273851796,NO3(-1),0.8874050273851796,0.9,21.34431273050167
synthetic_study_2,24,141,montmorillonite,Al2Si4O10(OH)2,U(+6),25.009541779675214,4.463655626495047,Na(+1),0.0018514597160201247,NO3(-1),0.0018514597160201247,0.9,11.419954771835588
synthetic_study_1,118,142,montmorillonite,Al2Si4O10(OH)2,U(+6),25.312213582999142,3.5551552215049522,Na(+1),0.001785744939797927,NO3(-1),0.001785744939797927,0.9,9.980694833301762
synthetic_study_1,97,143,montmorillonite,Al2Si4O10(OH)2,U(+6),24.888469896528097,4.337159471331275,Na(+1),0.5958043441124394,NO3(-1),0.5958043441124394,0.9,11.595418071877894
synthetic_study_2,11,144,montmorillonite,Al2Si4O10(OH)2,U(+6),24.73418066596993,9.488357323538384,Na(+1),0.4145484173611388,NO3(-1),0.4145484173611388,0.9,31.87453097904307
synthetic_study_2,65,145,montmorillonite,Al2Si4O10(OH)2,U(+6),25.384478971184148,10.440927752034199,Na(+1),0.0015417964447201258,NO3(-1),0.0015417964447201258,0.9,34.39063944469853
synthetic_study_1,123,146,montmorillonite,Al2Si4O10(OH)2,U(+6),24.777266622380065,5.111781611251867,Na(+1),0.0016984577355628077,NO3(-1),0.0016984577355628077,0.9,13.860352111350451
synthetic_study_1,66,147,montmorillonite,Al2Si4O10(OH)2,U(+6),25.5131381213869,5.416657836687517,Na(+1),0.46092432601042577,NO3(-1),0.46092432601042577,0.9,19.366065589262387
synthetic_study_2,129,148,montmorillonite,Al2Si4O10(OH)2,U(+6),24.947077687027704,8.980936813855413,Na(+1),0.010896509973032778,NO3(-1),0.010896509973032778,0.9,27.862382151385052
synthetic_study_2,73,149,montmorillonite,Al2Si4O10(OH)2,U(+6),24.80858386574514,2.872808783674474,Na(+1),0.01559751494825754,NO3(-1),0.01559751494825754,0.9,9.370349335110348
synthetic_study_0,12,150,montmorillonite,Al2Si4O10(OH)2,U(+6),24.759155027014273,5.853776188459668,Na(+1),0.019483520931501172,NO3(-1),0.019483520931501172,0.9,17.246951554488845
synthetic_study_3,105,151,montmorillonite,Al2Si4O10(OH)2,U(+6),25.098095318079377,8.154794662398954,Na(+1),0.0011646226806616264,NO3(-1),0.0011646226806616264,0.9,28.403192182262554
synthetic_study_3,75,152,montmorillonite,Al2Si4O10(OH)2,U(+6),24.988026672479204,8.198333582688292,Na(+1),0.06355775926691824,NO3(-1),0.06355775926691824,0.9,29.414536111269037
synthetic_study_0,38,153,montmorillonite,Al2Si4O10(OH)2,U(+6),24.79596580140197,7.780711499356637,Na(+1),0.002420171763350319,NO3(-1),0.002420171763350319,0.9,27.17857629110146
synthetic_study_2,74,154,montmorillonite,Al2Si4O10(OH)2,U(+6),25.30949502433188,3.100835449173241,Na(+1),0.13506286718089652,NO3(-1),0.13506286718089652,0.9,8.655152612470962
synthetic_study_3,49,155,montmorillonite,Al2Si4O10(OH)2,U(+6),25.0617404604526,5.442944842066536,Na(+1),0.002080761881125512,NO3(-1),0.002080761881125512,0.9,16.903112621191497
synthetic_study_3,53,156,montmorillonite,Al2Si4O10(OH)2,U(+6),25.07041264002994,7.9332698371711405,Na(+1),1.437529759057533,NO3(-1),1.437529759057533,0.9,25.036172524800364
synthetic_study_1,86,157,montmorillonite,Al2Si4O10(OH)2,U(+6),25.23537542852951,10.318553192277445,Na(+1),0.6131997243307681,NO3(-1),0.6131997243307681,0.9,32.365008409885704
synthetic_study_0,135,158,montmorillonite,Al2Si4O10(OH)2,U(+6),25.364503261080536,6.532551065949519,Na(+1),0.26820646379506197,NO3(-1),0.26820646379506197,0.9,21.9754556949855
synthetic_study_1,95,159,montmorillonite,Al2Si4O10(OH)2,U(+6),25.325591160135577,6.957861098914498,Na(+1),0.0012456996109842598,NO3(-1),0.0012456996109842598,0.9,22.07950043006601
synthetic_study_1,78,160,montmorillonite,Al2Si4O10(OH)2,U(+6),24.996082501421036,9.394371704085103,Na(+1),0.038290540388462746,NO3(-1),0.038290540388462746,0.9,31.35322428398137
synthetic_study_1,34,161,montmorillonite,Al2Si4O10(OH)2,U(+6),25.051057200494544,3.885327075032455,Na(+1),0.005777836937251083,NO3(-1),0.005777836937251083,0.9,13.102197055614493
synthetic_study_1,51,162,montmorillonite,Al2Si4O10(OH)2,U(+6),25.478299241389617,7.791503577941377,Na(+1),0.01802320228989378,NO3(-1),0.01802320228989378,0.9,26.20088643764101
synthetic_study_3,53,163,montmorillonite,Al2Si4O10(OH)2,U(+6),24.575762699404184,4.4068464403534895,Na(+1),0.06892849326919505,NO3(-1),0.06892849326919505,0.9,10.680806007423264
synthetic_study_1,59,164,montmorillonite,Al2Si4O10(OH)2,U(+6),25.326735458882585,5.89501339799173,Na(+1),0.2486409635473766,NO3(-1),0.2486409635473766,0.9,16.143359218782525
synthetic_study_0,108,165,montmorillonite,Al2Si4O10(OH)2,U(+6),25.303090963871743,7.334589553093696,Na(+1),0.08464145195336752,NO3(-1),0.08464145195336752,0.9,21.42083625573611
synthetic_study_1,25,166,montmorillonite,Al2Si4O10(OH)2,U(+6),24.816592724421792,4.328186007909571,Na(+1),0.003673065981906068,NO3(-1),0.003673065981906068,0.9,10.644662216621745
synthetic_study_0,78,167,montmorillonite,Al2Si4O10(OH)2,U(+6),24.517009651791078,7.419251777383818,Na(+1),0.0038739042498286097,NO3(-1),0.0038739042498286097,0.9,22.801329584446524
synthetic_study_0,43,168,montmorillonite,Al2Si4O10(OH)2,U(+6),25.102906208858784,4.786401546461221,Na(+1),0.07530578459542198,NO3(-1),0.07530578459542198,0.9,14.363880674894581
synthetic_study_2,110,169,montmorillonite,Al2Si4O10(OH)2,U(+6),24.907784810384918,4.50510775853914,Na(+1),0.007424071857568666,NO3(-1),0.007424071857568666,0.9,11.33104319186489
synthetic_study_1,23,170,montmorillonite,Al2Si4O10(OH)2,U(+6),25.17273893988833,8.381990251358275,Na(+1),0.11948225747032663,NO3(-1),0.11948225747032663,0.9,26.530224317119476
synthetic_study_0,28,171,montmorillonite,Al2Si4O10(OH)2,U(+6),24.39410665528161,9.71245058566295,Na(+1),0.0037971662196718556,NO3(-1),0.0037971662196718556,0.9,28.723029047634906
synthetic_study_3,142,172,montmorillonite,Al2Si4O10(OH)2,U(+6),25.299343072136757,6.440720428315597,Na(+1),0.5957563260110876,NO3(-1),0.5957563260110876,0.9,18.234426597815503
synthetic_study_3,57,173,montmorillonite,Al2Si4O10(OH)2,U(+6),25.496527027553004,3.7476842825151992,Na(+1),0.04313779666472185,NO3(-1),0.04313779666472185,0.9,9.837052654083577
synthetic_study_1,149,174,montmorillonite,Al2Si4O10(OH)2,U(+6),24.72650150638189,6.108087746387562,Na(+1),0.0592954849634932,NO3(-1),0.0592954849634932,0.9,18.82918877241962
synthetic_study_3,83,175,montmorillonite,Al2Si4O10(OH)2,U(+6),24.701958758823,8.847439609349465,Na(+1),0.25251898912832454,NO3(-1),0.25251898912832454,0.9,30.75702203159409
synthetic_study_0,36,176,montmorillonite,Al2Si4O10(OH)2,U(+6),25.525813405322115,3.870605476749593,Na(+1),0.10128455825001985,NO3(-1),0.10128455825001985,0.9,10.329503394029153
synthetic_study_2,71,177,montmorillonite,Al2Si4O10(OH)2,U(+6),25.225566910341026,4.002965552360532,Na(+1),0.5667551163543691,NO3(-1),0.5667551163543691,0.9,13.286746244714346
synthetic_study_2,33,178,montmorillonite,Al2Si4O10(OH)2,U(+6),25.047897537120832,9.527398706920506,Na(+1),0.004909080052996605,NO3(-1),0.004909080052996605,0.9,28.08748271054296
synthetic_study_0,79,179,montmorillonite,Al2Si4O10(OH)2,U(+6),25.317689877940296,8.405522753578758,Na(+1),0.4458608804788812,NO3(-1),0.4458608804788812,0.9,29.00992742013735
synthetic_study_2,143,180,montmorillonite,Al2Si4O10(OH)2,U(+6),24.90357957170743,7.930193839263808,Na(+1),0.39302579725051745,NO3(-1),0.39302579725051745,0.9,25.149330535534858
synthetic_study_1,133,181,montmorillonite,Al2Si4O10(OH)2,U(+6),24.822099273344705,10.071679232330382,Na(+1),0.0048683136529899295,NO3(-1),0.0048683136529899295,0.9,34.228995264376785
synthetic_study_3,133,182,montmorillonite,Al2Si4O10(OH)2,U(+6),25.478635366877104,8.483362214018062,Na(+1),0.0015750753806070452,NO3(-1),0.0015750753806070452,0.9,30.00805449655987
synthetic_study_1,148,183,montmorillonite,Al2Si4O10(OH)2,U(+6),24.891187774910588,3.948361510693985,Na(+1),0.0026246189934583737,NO3(-1),0.0026246189934583737,0.9,11.918042699255762
synthetic_study_2,45,184,montmorillonite,Al2Si4O10(OH)2,U(+6),25.172567616652195,10.385418143990885,Na(+1),0.03006880571801689,NO3(-1),0.03006880571801689,0.9,31.841100477287185
synthetic_study_3,75,185,montmorillonite,Al2Si4O10(OH)2,U(+6),24.821555850919086,10.161589475120886,Na(+1),0.06684737869437261,NO3(-1),0.06684737869437261,0.9,33.079073034704145
synthetic_study_2,95,186,montmorillonite,Al2Si4O10(OH)2,U(+6),24.414741415583354,3.6104147917651783,Na(+1),0.005813488916574143,NO3(-1),0.005813488916574143,0.9,11.357141298079677
synthetic_study_0,62,187,montmorillonite,Al2Si4O10(OH)2,U(+6),25.27008369640782,7.736127505450431,Na(+1),0.03836912596777585,NO3(-1),0.03836912596777585,0.9,24.02923058010566
synthetic_study_1,117,188,montmorillonite,Al2Si4O10(OH)2,U(+6),25.30274535271201,4.386884919985756,Na(+1),0.02514230112171641,NO3(-1),0.02514230112171641,0.9,13.323860293680665
synthetic_study_0,63,189,montmorillonite,Al2Si4O10(OH)2,U(+6),24.73824037314706,4.754253194028074,Na(+1),0.1400059816218413,NO3(-1),0.1400059816218413,0.9,14.988892928003585
synthetic_study_1,56,190,montmorillonite,Al2Si4O10(OH)2,U(+6),25.674155807842446,8.340092131587902,Na(+1),0.45985836863959345,NO3(-1),0.45985836863959345,0.9,27.36564461281578
synthetic_study_3,105,191,montmorillonite,Al2Si4O10(OH)2,U(+6),25.53060931120506,2.614663503149938,Na(+1),0.0024113064589681467,NO3(-1),0.0024113064589681467,0.9,5.606288962319741
synthetic_study_3,46,192,montmorillonite,Al2Si4O10(OH)2,U(+6),24.81892226068081,6.95206238211955,Na(+1),1.9280053600705247,NO3(-1),1.9280053600705247,0.9,20.673082003668767
synthetic_study_1,107,193,montmorillonite,Al2Si4O10(OH)2,U(+6),24.952215833226823,10.227995619121097,Na(+1),0.010472588606222594,NO3(-1),0.010472588606222594,0.9,32.58135652250613
synthetic_study_3,86,194,montmorillonite,Al2Si4O10(OH)2,U(+6),25.192119605488603,7.693309459044601,Na(+1),0.0016494723654142266,NO3(-1),0.0016494723654142266,0.9,26.661123520258673
synthetic_study_1,145,195,montmorillonite,Al2Si4O10(OH)2,U(+6),25.122457374480764,4.73498860195247,Na(+1),0.06538734029467579,NO3(-1),0.06538734029467579,0.9,13.189145623343581
synthetic_study_0,128,196,montmorillonite,Al2Si4O10(OH)2,U(+6),24.765530597165053,10.485587769506342,Na(+1),0.003647738202029502,NO3(-1),0.003647738202029502,0.9,32.17256360974831
synthetic_study_3,141,197,montmorillonite,Al2Si4O10(OH)2,U(+6),25.065419876405063,4.835889177807834,Na(+1),0.30814691429658403,NO3(-1),0.30814691429658403,0.9,15.632651679567228
synthetic_study_1,145,198,montmorillonite,Al2Si4O10(OH)2,U(+6),25.092369636292418,4.641070829012167,Na(+1),0.002510799450465727,NO3(-1),0.002510799450465727,0.9,14.467937477385437
synthetic_study_0,3,199,montmorillonite,Al2Si4O10(OH)2,U(+6),24.281143660795003,5.159532091390413,Na(+1),0.005995180272350858,NO3(-1),0.005995180272350858,0.9,16.96501914326123
synthetic_study_0,25,200,montmorillonite,Al2Si4O10(OH)2,U(+6),25.004621131679894,5.924451970947623,Na(+1),0.3213756736730063,NO3(-1),0.3213756736730063,0.9,15.650197237358565
synthetic_study_3,118,201,montmorillonite,Al2Si4O10(OH)2,U(+6),25.054630245705308,4.252570618426486,Na(+1),1.1533273651404237,NO3(-1),1.1533273651404237,0.9,9.570700313817023
synthetic_study_2,84,202,montmorillonite,Al2Si4O10(OH)2,U(+6),24.717675705953184,2.916144384833351,Na(+1),0.018796734553478883,NO3(-1),0.018796734553478883,0.9,8.848397607163427
synthetic_study_2,136,203,montmorillonite,Al2Si4O10(OH)2,U(+6),24.92724541108276,8.182520988384576,Na(+1),0.3916231796994261,NO3(-1),0.3916231796994261,0.9,26.876595826833455
synthetic_study_3,27,204,montmorillonite,Al2Si4O10(OH)2,U(+6),25.239660925942925,3.2671701529033816,Na(+1),0.20758655969242096,NO3(-1),0.20758655969242096,0.9,4.828114114961461
synthetic_study_3,9,205,montmorillonite,Al2Si4O10(OH)2,U(+6),24.770213921787207,6.615111203617746,Na(+1),0.0959261559301155,NO3(-1),0.0959261559301155,0.9,21.010762840248894
synthetic_study_2,93,206,montmorillonite,Al2Si4O10(OH)2,U(+6),24.46176731434588,3.9007351643383767,Na(+1),0.05527301768779373,NO3(-1),0.05527301768779373,0.9,9.354830276271626
synthetic_study_3,146,207,montmorillonite,Al2Si4O10(OH)2,U(+6),24.53268451462217,9.484577595889258,Na(+1),0.0017010879404669769,NO3(-1),0.0017010879404669769,0.9,32.62597478204994
synthetic_study_1,14,208,montmorillonite,Al2Si4O10(OH)2,U(+6),24.949678637148697,6.57525462568082,Na(+1),0.20167815767453728,NO3(-1),0.20167815767453728,0.9,21.674674464496714
synthetic_study_0,36,209,montmorillonite,Al2Si4O10(OH)2,U(+6),25.393992902458937,6.973417488533255,Na(+1),0.9569063441523783,NO3(-1),0.9569063441523783,0.9,22.639009220251914
synthetic_study_1,121,210,montmorillonite,Al2Si4O10(OH)2,U(+6),25.463004572474148,8.004049836095572,Na(+1),0.004083277560613492,NO3(-1),0.004083277560613492,0.9,24.424599570973545
synthetic_study_1,48,211,montmorillonite,Al2Si4O10(OH)2,U(+6),24.547390781604296,8.809838145659885,Na(+1),0.017776940146396296,NO3(-1),0.017776940146396296,0.9,30.369947845480446
synthetic_study_2,17,212,montmorillonite,Al2Si4O10(OH)2,U(+6),24.791956894711923,10.15558177726292,Na(+1),0.008075302536898579,NO3(-1),0.008075302536898579,0.9,29.406327460435634
synthetic_study_2,5,213,montmorillonite,Al2Si4O10(OH)2,U(+6),24.948262143167586,4.151634440331409,Na(+1),0.009194610116466242,NO3(-1),0.009194610116466242,0.9,9.986527287208634
synthetic_study_3,79,214,montmorillonite,Al2Si4O10(OH)2,U(+6),25.164936568106015,5.59858658400815,Na(+1),0.12519315325024946,NO3(-1),0.12519315325024946,0.9,13.77207043913019
synthetic_study_2,138,215,montmorillonite,Al2Si4O10(OH)2,U(+6),24.831928042268526,5.551532433947557,Na(+1),0.005473694783506771,NO3(-1),0.005473694783506771,0.9,12.2765744362807
synthetic_study_2,101,216,montmorillonite,Al2Si4O10(OH)2,U(+6),25.126011634684456,5.483187867029035,Na(+1),0.05228459052531798,NO3(-1),0.05228459052531798,0.9,14.706022402765527
synthetic_study_2,5,217,montmorillonite,Al2Si4O10(OH)2,U(+6),24.651443152413844,8.043865806515146,Na(+1),1.363531458822497,NO3(-1),1.363531458822497,0.9,26.263352276262587
synthetic_study_1,47,218,montmorillonite,Al2Si4O10(OH)2,U(+6),24.574922958710523,7.416739956073211,Na(+1),0.002967815669223283,NO3(-1),0.002967815669223283,0.9,23.425266885635832
synthetic_study_0,49,219,montmorillonite,Al2Si4O10(OH)2,U(+6),24.713172306304706,9.13303685751023,Na(+1),0.20205230756358308,NO3(-1),0.20205230756358308,0.9,31.50516353072853
synthetic_study_2,87,220,montmorillonite,Al2Si4O10(OH)2,U(+6),25.060007667880967,8.74455687721898,Na(+1),0.004247997779549752,NO3(-1),0.004247997779549752,0.9,25.64203594440555
synthetic_study_2,106,221,montmorillonite,Al2Si4O10(OH)2,U(+6),25.056818005101505,9.771350524386637,Na(+1),0.005902231963030264,NO3(-1),0.005902231963030264,0.9,30.60426894996644
synthetic_study_0,54,222,montmorillonite,Al2Si4O10(OH)2,U(+6),24.803410401485205,9.54448560151466,Na(+1),0.0014635138271275204,NO3(-1),0.0014635138271275204,0.9,29.77213454651034
synthetic_study_1,146,223,montmorillonite,Al2Si4O10(OH)2,U(+6),24.75892678254935,9.455558748626274,Na(+1),0.4014053827647124,NO3(-1),0.4014053827647124,0.9,31.115961117229546
synthetic_study_0,26,224,montmorillonite,Al2Si4O10(OH)2,U(+6),25.172369661936187,3.4612190816940114,Na(+1),0.001420884024848878,NO3(-1),0.001420884024848878,0.9,8.432524941486044
synthetic_study_0,133,225,montmorillonite,Al2Si4O10(OH)2,U(+6),24.804665547954034,4.572476495570481,Na(+1),0.029051563014027573,NO3(-1),0.029051563014027573,0.9,13.723161869849921
synthetic_study_3,3,226,montmorillonite,Al2Si4O10(OH)2,U(+6),24.772876518252243,5.336715711652443,Na(+1),0.09336727094241738,NO3(-1),0.09336727094241738,0.9,15.744963918678506
synthetic_study_3,134,227,montmorillonite,Al2Si4O10(OH)2,U(+6),25.277026397259565,2.9769001165393343,Na(+1),0.29026929755416203,NO3(-1),0.29026929755416203,0.9,8.906170162791602
synthetic_study_1,104,228,montmorillonite,Al2Si4O10(OH)2,U(+6),24.865221076113883,9.199685714670721,Na(+1),0.015485979697781085,NO3(-1),0.015485979697781085,0.9,26.152236927331117
synthetic_study_0,27,229,montmorillonite,Al2Si4O10(OH)2,U(+6),24.47303535171238,3.5788729485907727,Na(+1),0.4577203529778809,NO3(-1),0.4577203529778809,0.9,9.546158352036928
synthetic_study_2,140,230,montmorillonite,Al2Si4O10(OH)2,U(+6),25.139722311619526,7.622933155179081,Na(+1),0.0025163064651222864,NO3(-1),0.0025163064651222864,0.9,23.488067398840414
synthetic_study_3,90,231,montmorillonite,Al2Si4O10(OH)2,U(+6),25.408303898772512,4.754154162216756,Na(+1),0.011899445085472651,NO3(-1),0.011899445085472651,0.9,13.576533077959512
synthetic_study_1,1,232,montmorillonite,Al2Si4O10(OH)2,U(+6),24.945151190771995,3.193080522505766,Na(+1),0.0016472224460031164,NO3(-1),0.0016472224460031164,0.9,7.400413780463955
synthetic_study_3,19,233,montmorillonite,Al2Si4O10(OH)2,U(+6),25.162539533937863,9.177129738524915,Na(+1),0.0017797803707672126,NO3(-1),0.0017797803707672126,0.9,31.483694650434707
synthetic_study_1,28,234,montmorillonite,Al2Si4O10(OH)2,U(+6),25.08014020496514,7.643334817476175,Na(+1),0.06534805279907678,NO3(-1),0.06534805279907678,0.9,23.602747132395383
synthetic_study_2,47,235,montmorillonite,Al2Si4O10(OH)2,U(+6),25.519593055457204,3.988195230732125,Na(+1),0.010918963129310805,NO3(-1),0.010918963129310805,0.9,12.545087696405412
synthetic_study_3,46,236,montmorillonite,Al2Si4O10(OH)2,U(+6),24.46004096972804,9.913180527040485,Na(+1),0.03028295811292282,NO3(-1),0.03028295811292282,0.9,32.54477458763228
synthetic_study_3,32,237,montmorillonite,Al2Si4O10(OH)2,U(+6),24.858789733360602,7.032574881069144,Na(+1),0.07754924150025266,NO3(-1),0.07754924150025266,0.9,21.99183170352892
synthetic_study_3,85,238,montmorillonite,Al2Si4O10(OH)2,U(+6),25.219969977317955,7.0655009592148135,Na(+1),0.0015054667263664637,NO3(-1),0.0015054667263664637,0.9,23.007151069370686
synthetic_study_1,127,239,montmorillonite,Al2Si4O10(OH)2,U(+6),25.072695505944292,2.655287562071808,Na(+1),0.006489213075884728,NO3(-1),0.006489213075884728,0.9,6.023031236837291
synthetic_study_0,50,240,montmorillonite,Al2Si4O10(OH)2,U(+6),25.263775735983145,2.690926934361401,Na(+1),1.227668557624387,NO3(-1),1.227668557624387,0.9,4.888887020248804
synthetic_study_2,67,241,montmorillonite,Al2Si4O10(OH)2,U(+6),24.983744290156903,3.215777827904212,Na(+1),0.002725895588870981,NO3(-1),0.002725895588870981,0.9,6.591203875303769
synthetic_study_0,138,242,montmorillonite,Al2Si4O10(OH)2,U(+6),25.135094187199492,5.615468468391184,Na(+1),0.09671031325784646,NO3(-1),0.09671031325784646,0.9,18.14566357667885
synthetic_study_2,110,243,montmorillonite,Al2Si4O10(OH)2,U(+6),25.12709225366244,6.925377042237706,Na(+1),0.02332890986770414,NO3(-1),0.02332890986770414,0.9,20.62579762239397
synthetic_study_3,4,244,montmorillonite,Al2Si4O10(OH)2,U(+6),25.224302733445555,6.7275658274598875,Na(+1),0.007864209577414072,NO3(-1),0.007864209577414072,0.9,21.69648911731408
synthetic_study_1,78,245,montmorillonite,Al2Si4O10(OH)2,U(+6),25.180405648586703,9.075171807309733,Na(+1),0.017627947751420448,NO3(-1),0.017627947751420448,0.9,28.93760259057142
synthetic_study_2,32,246,montmorillonite,Al2Si4O10(OH)2,U(+6),25.085707026703318,3.8303249481440718,Na(+1),0.9162710510125918,NO3(-1),0.9162710510125918,0.9,10.617618216179201
synthetic_study_2,39,247,montmorillonite,Al2Si4O10(OH)2,U(+6),25.168153064973854,6.6453712107211835,Na(+1),0.20436626404782657,NO3(-1),0.20436626404782657,0.9,21.46561690995269
synthetic_study_1,131,248,montmorillonite,Al2Si4O10(OH)2,U(+6),25.320152901279734,9.29811048342126,Na(+1),0.5173032354584659,NO3(-1),0.5173032354584659,0.9,30.6744713037617
synthetic_study_2,91,249,montmorillonite,Al2Si4O10(OH)2,U(+6),24.909522212812476,2.9292227396125377,Na(+1),0.021088263989137365,NO3(-1),0.021088263989137365,0.9,10.169884932922985
synthetic_study_2,113,250,montmorillonite,Al2Si4O10(OH)2,U(+6),24.743301784198785,6.6153126521485985,Na(+1),0.0018079739559553746,NO3(-1),0.0018079739559553746,0.9,18.906862626639686
synthetic_study_1,13,251,montmorillonite,Al2Si4O10(OH)2,U(+6),25.374509722003516,4.620169796905471,Na(+1),0.01138933413032868,NO3(-1),0.01138933413032868,0.9,10.648552470389076
synthetic_study_3,38,252,montmorillonite,Al2Si4O10(OH)2,U(+6),24.74444111328865,10.239964913177065,Na(+1),0.3181326999282836,NO3(-1),0.3181326999282836,0.9,34.65129469948717
synthetic_study_0,131,253,montmorillonite,Al2Si4O10(OH)2,U(+6),25.15412144519433,3.227645703258558,Na(+1),0.05991294444988628,NO3(-1),0.05991294444988628,0.9,7.1290830245118695
synthetic_study_1,126,254,montmorillonite,Al2Si4O10(OH)2,U(+6),25.67046031031041,5.358576328500433,Na(+1),0.37613504600626474,NO3(-1),0.37613504600626474,0.9,14.772877337777311
synthetic_study_2,18,255,montmorillonite,Al2Si4O10(OH)2,U(+6),25.147917152828153,3.6713533015238387,Na(+1),0.004496716204460436,NO3(-1),0.004496716204460436,0.9,14.01817026985012
synthetic_study_1,91,256,montmorillonite,Al2Si4O10(OH)2,U(+6),25.172025366447606,5.734541432926363,Na(+1),0.3463823257258753,NO3(-1),0.3463823257258753,0.9,18.50388991896265
synthetic_study_0,144,257,montmorillonite,Al2Si4O10(OH)2,U(+6),25.68370527580683,8.680739047431356,Na(+1),0.004724863785315877,NO3(-1),0.004724863785315877,0.9,24.17433038617109
synthetic_study_2,107,258,montmorillonite,Al2Si4O10(OH)2,U(+6),24.857315967370447,2.946793378481974,Na(+1),0.28290519092803507,NO3(-1),0.28290519092803507,0.9,9.09195581482345
synthetic_study_1,67,259,montmorillonite,Al2Si4O10(OH)2,U(+6),25.06668577120537,5.808868849656087,Na(+1),0.11400986379948398,NO3(-1),0.11400986379948398,0.9,17.906820688917993
synthetic_study_2,26,260,montmorillonite,Al2Si4O10(OH)2,U(+6),25.321059802893732,9.295642090639443,Na(+1),0.0015447461843046755,NO3(-1),0.0015447461843046755,0.9,27.192130136126057
synthetic_study_1,144,261,montmorillonite,Al2Si4O10(OH)2,U(+6),25.221398419852648,4.153974261836336,Na(+1),1.2624479346639865,NO3(-1),1.2624479346639865,0.9,12.879556746213131
synthetic_study_3,73,262,montmorillonite,Al2Si4O10(OH)2,U(+6),25.094346462249355,9.433481843817315,Na(+1),1.0712586221068008,NO3(-1),1.0712586221068008,0.9,32.23967035666734
synthetic_study_1,44,263,montmorillonite,Al2Si4O10(OH)2,U(+6),24.347043994467153,2.904797014904135,Na(+1),0.025651197259847228,NO3(-1),0.025651197259847228,0.9,6.246065867417352
synthetic_study_3,134,264,montmorillonite,Al2Si4O10(OH)2,U(+6),24.869950877962403,3.750248938610228,Na(+1),0.0025949116356611735,NO3(-1),0.0025949116356611735,0.9,10.965769184018571
synthetic_study_0,24,265,montmorillonite,Al2Si4O10(OH)2,U(+6),25.129334090523354,8.603562497795853,Na(+1),0.015541678711070293,NO3(-1),0.015541678711070293,0.9,29.317963328932244
synthetic_study_3,37,266,montmorillonite,Al2Si4O10(OH)2,U(+6),25.09157389931125,4.18210966867758,Na(+1),0.021885137104784697,NO3(-1),0.021885137104784697,0.9,10.091752004683029
synthetic_study_3,26,267,montmorillonite,Al2Si4O10(OH)2,U(+6),24.889688760647786,3.335281195119302,Na(+1),0.006288062299247703,NO3(-1),0.006288062299247703,0.9,8.509478888404113
synthetic_study_0,149,268,montmorillonite,Al2Si4O10(OH)2,U(+6),25.12168638410034,6.847239949137101,Na(+1),0.015531879441561054,NO3(-1),0.015531879441561054,0.9,22.98174340191582
synthetic_study_2,100,269,montmorillonite,Al2Si4O10(OH)2,U(+6),24.847479795164407,5.704471937861187,Na(+1),0.473602876176562,NO3(-1),0.473602876176562,0.9,17.9823758099671
synthetic_study_1,119,270,montmorillonite,Al2Si4O10(OH)2,U(+6),25.62870201790897,4.691990852733434,Na(+1),0.09301174678151887,NO3(-1),0.09301174678151887,0.9,12.912491865041572
synthetic_study_3,56,271,montmorillonite,Al2Si4O10(OH)2,U(+6),25.09069510698607,2.6858811359679455,Na(+1),0.06546975777127584,NO3(-1),0.06546975777127584,0.9,5.20468073565921
synthetic_study_0,30,272,montmorillonite,Al2Si4O10(OH)2,U(+6),24.83507554497101,2.6069293198959613,Na(+1),0.010715544651811832,NO3(-1),0.010715544651811832,0.9,5.698676000027085
synthetic_study_1,75,273,montmorillonite,Al2Si4O10(OH)2,U(+6),24.76207013494306,5.22471922361978,Na(+1),0.2796832432135343,NO3(-1),0.2796832432135343,0.9,15.716295622840814
synthetic_study_3,91,274,montmorillonite,Al2Si4O10(OH)2,U(+6),25.140450544806555,5.486085809177119,Na(+1),0.0028148343710009253,NO3(-1),0.0028148343710009253,0.9,15.203019757240627
synthetic_study_0,60,275,montmorillonite,Al2Si4O10(OH)2,U(+6),25.19535768407834,2.8516108741055586,Na(+1),0.004237451794807121,NO3(-1),0.004237451794807121,0.9,10.06326690849435
synthetic_study_2,29,276,montmorillonite,Al2Si4O10(OH)2,U(+6),25.132988477473074,5.2554052960873125,Na(+1),0.054954876131061106,NO3(-1),0.054954876131061106,0.9,15.142755018253638
synthetic_study_2,109,277,montmorillonite,Al2Si4O10(OH)2,U(+6),25.261081257679887,9.918827102464506,Na(+1),0.026116107863952163,NO3(-1),0.026116107863952163,0.9,29.817240134284713
synthetic_study_2,31,278,montmorillonite,Al2Si4O10(OH)2,U(+6),24.232124428264665,6.590414690141574,Na(+1),0.31782545075823015,NO3(-1),0.31782545075823015,0.9,15.242379041835239
synthetic_study_2,37,279,montmorillonite,Al2Si4O10(OH)2,U(+6),25.051331598407224,5.222937064203681,Na(+1),0.842651923127872,NO3(-1),0.842651923127872,0.9,15.062619232874521
synthetic_study_2,24,280,montmorillonite,Al2Si4O10(OH)2,U(+6),25.34805836985963,8.614737216206908,Na(+1),0.03142930248662301,NO3(-1),0.03142930248662301,0.9,29.250221230370798
synthetic_study_2,108,281,montmorillonite,Al2Si4O10(OH)2,U(+6),25.372515715591657,8.303245733934183,Na(+1),0.0014549129088969712,NO3(-1),0.0014549129088969712,0.9,27.001379082491408
synthetic_study_1,81,282,montmorillonite,Al2Si4O10(OH)2,U(+6),25.07395789962336,8.578320852710332,Na(+1),0.0013136297649638873,NO3(-1),0.0013136297649638873,0.9,27.86992350393469
synthetic_study_2,73,283,montmorillonite,Al2Si4O10(OH)2,U(+6),24.806461763747286,7.3375476938080535,Na(+1),0.8989921402423147,NO3(-1),0.8989921402423147,0.9,22.06764332230455
synthetic_study_1,87,284,montmorillonite,Al2Si4O10(OH)2,U(+6),24.81941326538821,2.7395353719574755,Na(+1),0.03042473968090744,NO3(-1),0.03042473968090744,0.9,6.358413853448453
synthetic_study_1,113,285,montmorillonite,Al2Si4O10(OH)2,U(+6),25.429445737814884,3.100834928091942,Na(+1),0.004148078759699119,NO3(-1),0.004148078759699119,0.9,6.808050681099624
synthetic_study_0,35,286,montmorillonite,Al2Si4O10(OH)2,U(+6),24.89440876051684,9.35028135446057,Na(+1),0.009029676841569731,NO3(-1),0.009029676841569731,0.9,32.19654372191527
synthetic_study_3,115,287,montmorillonite,Al2Si4O10(OH)2,U(+6),24.876863061089697,9.429879484426184,Na(+1),0.0065413021491878744,NO3(-1),0.0065413021491878744,0.9,30.136831636564267
synthetic_study_1,53,288,montmorillonite,Al2Si4O10(OH)2,U(+6),24.214893210544624,5.72300977157331,Na(+1),0.058094491087319046,NO3(-1),0.058094491087319046,0.9,17.605772647625866
synthetic_study_1,32,289,montmorillonite,Al2Si4O10(OH)2,U(+6),24.604372818029976,9.81841756090315,Na(+1),0.006095364826016305,NO3(-1),0.006095364826016305,0.9,32.51633313701071
synthetic_study_1,57,290,montmorillonite,Al2Si4O10(OH)2,U(+6),24.822917613791727,7.651198408085675,Na(+1),0.296755244287653,NO3(-1),0.296755244287653,0.9,28.332249887012175
synthetic_study_2,86,291,montmorillonite,Al2Si4O10(OH)2,U(+6),24.90145655342296,8.66341948287645,Na(+1),1.6000003748353373,NO3(-1),1.6000003748353373,0.9,27.721367791026942
synthetic_study_1,8,292,montmorillonite,Al2Si4O10(OH)2,U(+6),25.055620700577535,6.164057269287272,Na(+1),0.2589533377410346,NO3(-1),0.2589533377410346,0.9,18.700655652252568
synthetic_study_2,6,293,montmorillonite,Al2Si4O10(OH)2,U(+6),25.098967407881428,5.573703324866456,Na(+1),0.7893854245448376,NO3(-1),0.7893854245448376,0.9,18.248759442807717
synthetic_study_2,143,294,montmorillonite,Al2Si4O10(OH)2,U(+6),25.232315975958837,5.634853749556973,Na(+1),0.21352221117469872,NO3(-1),0.21352221117469872,0.9,18.494419534172426
synthetic_study_3,145,295,montmorillonite,Al2Si4O10(OH)2,U(+6),25.0908023548392,5.101387172588116,Na(+1),0.0025234378192845377,NO3(-1),0.0025234378192845377,0.9,17.042999981481763
synthetic_study_0,110,296,montmorillonite,Al2Si4O10(OH)2,U(+6),24.979315493309283,4.7595986409256765,Na(+1),1.9535519350743762,NO3(-1),1.9535519350743762,0.9,13.10930217650933
synthetic_study_2,87,297,montmorillonite,Al2Si4O10(OH)2,U(+6),24.98939051482684,10.170036604248683,Na(+1),0.5744360317563876,NO3(-1),0.5744360317563876,0.9,30.11055035523135
synthetic_study_2,10,298,montmorillonite,Al2Si4O10(OH)2,U(+6),25.357235650795616,4.1608800899959295,Na(+1),1.2046511594358473,NO3(-1),1.2046511594358473,0.9,10.21177957229553
synthetic_study_2,44,299,montmorillonite,Al2Si4O10(OH)2,U(+6),25.166249684958466,5.793159991049674,Na(+1),1.1456756151381091,NO3(-1),1.1456756151381091,0.9,13.001829757341898
synthetic_study_1,104,300,montmorillonite,Al2Si4O10(OH)2,U(+6),24.492349329386474,6.283625438142445,Na(+1),0.010512223650402901,NO3(-1),0.010512223650402901,0.9,16.889240059395142
synthetic_study_0,132,301,montmorillonite,Al2Si4O10(OH)2,U(+6),24.975869631058146,6.168604104515005,Na(+1),0.21457332122829673,NO3(-1),0.21457332122829673,0.9,22.186258181250352
synthetic_study_0,93,302,montmorillonite,Al2Si4O10(OH)2,U(+6),25.114991534979904,3.9293312445297657,Na(+1),0.4296811449681861,NO3(-1),0.4296811449681861,0.9,11.994797578685253
synthetic_study_1,98,303,montmorillonite,Al2Si4O10(OH)2,U(+6),25.165437384908103,5.412222724314171,Na(+1),0.24722979825282324,NO3(-1),0.24722979825282324,0.9,14.972935587998457
synthetic_study_2,68,304,montmorillonite,Al2Si4O10(OH)2,U(+6),24.52498131501515,6.1296079864894555,Na(+1),1.8610208283663618,NO3(-1),1.8610208283663618,0.9,17.39337976156288
synthetic_study_2,7,305,montmorillonite,Al2Si4O10(OH)2,U(+6),24.94685741517102,5.491483575721479,Na(+1),0.0027272675389895806,NO3(-1),0.0027272675389895806,0.9,14.959676397927486
synthetic_study_2,143,306,montmorillonite,Al2Si4O10(OH)2,U(+6),25.159671669018987,3.2623331884342406,Na(+1),0.006236519746966408,NO3(-1),0.006236519746966408,0.9,7.3939176058517075
synthetic_study_1,137,307,montmorillonite,Al2Si4O10(OH)2,U(+6),24.788747373300716,3.077812072565246,Na(+1),0.0012024956221939381,NO3(-1),0.0012024956221939381,0.9,9.024666176638103
synthetic_study_0,4,308,montmorillonite,Al2Si4O10(OH)2,U(+6),24.86913985294805,9.365471570245658,Na(+1),0.011222530014713166,NO3(-1),0.011222530014713166,0.9,31.943944796183292
synthetic_study_0,27,309,montmorillonite,Al2Si4O10(OH)2,U(+6),24.83709819921709,4.090323095353748,Na(+1),0.1077940737583046,NO3(-1),0.1077940737583046,0.9,10.93295889927591
synthetic_study_2,45,310,montmorillonite,Al2Si4O10(OH)2,U(+6),25.239923071494136,5.296405537146579,Na(+1),0.014007624543749283,NO3(-1),0.014007624543749283,0.9,17.595717216152824
synthetic_study_2,89,311,montmorillonite,Al2Si4O10(OH)2,U(+6),24.695632189259502,10.259546080959595,Na(+1),0.1540109994810212,NO3(-1),0.1540109994810212,0.9,28.793307332748626
synthetic_study_0,36,312,montmorillonite,Al2Si4O10(OH)2,U(+6),24.72655365084592,5.749858584904983,Na(+1),0.02409651732894904,NO3(-1),0.02409651732894904,0.9,18.867838082401946
synthetic_study_0,67,313,montmorillonite,Al2Si4O10(OH)2,U(+6),24.63352225665739,4.935963328343629,Na(+1),0.002372120126686207,NO3(-1),0.002372120126686207,0.9,17.404661099266207
synthetic_study_0,118,314,montmorillonite,Al2Si4O10(OH)2,U(+6),25.638019780629925,4.209486175601853,Na(+1),0.2206334134744713,NO3(-1),0.2206334134744713,0.9,12.57404629425389
synthetic_study_3,26,315,montmorillonite,Al2Si4O10(OH)2,U(+6),25.202705204341473,6.453700395759218,Na(+1),0.00622742288740868,NO3(-1),0.00622742288740868,0.9,19.058046647803714
synthetic_study_0,60,316,montmorillonite,Al2Si4O10(OH)2,U(+6),25.019620417272744,7.611258306924974,Na(+1),0.009950661641044849,NO3(-1),0.009950661641044849,0.9,24.02244748599911
synthetic_study_0,24,317,montmorillonite,Al2Si4O10(OH)2,U(+6),25.106883303337984,7.100876120850469,Na(+1),0.03912954304493242,NO3(-1),0.03912954304493242,0.9,20.56071878382361
synthetic_study_0,108,318,montmorillonite,Al2Si4O10(OH)2,U(+6),25.740561641373187,6.163212542623861,Na(+1),0.20051999331666118,NO3(-1),0.20051999331666118,0.9,17.25789249237685
synthetic_study_0,9,319,montmorillonite,Al2Si4O10(OH)2,U(+6),25.071419417844368,3.2153969590357967,Na(+1),0.32723018195343323,NO3(-1),0.32723018195343323,0.9,5.641933248481949
synthetic_study_1,77,320,montmorillonite,Al2Si4O10(OH)2,U(+6),25.526386093918585,6.652244259939427,Na(+1),0.031531929074529584,NO3(-1),0.031531929074529584,0.9,21.284860175984843
synthetic_study_2,29,321,montmorillonite,Al2Si4O10(OH)2,U(+6),24.78196391941039,4.163788808122146,Na(+1),0.004978909937214967,NO3(-1),0.004978909937214967,0.9,10.94562141849788
synthetic_study_1,26,322,montmorillonite,Al2Si4O10(OH)2,U(+6),24.650568471542634,8.353915637147168,Na(+1),1.0325304555281432,NO3(-1),1.0325304555281432,0.9,27.70380366753923
synthetic_study_3,128,323,montmorillonite,Al2Si4O10(OH)2,U(+6),24.90087452047116,9.858029602188104,Na(+1),0.6788176731954426,NO3(-1),0.6788176731954426,0.9,32.71867052167001
synthetic_study_2,131,324,montmorillonite,Al2Si4O10(OH)2,U(+6),25.08196517152689,9.4854232391257,Na(+1),0.01657267108294162,NO3(-1),0.01657267108294162,0.9,31.29276442675036
synthetic_study_0,96,325,montmorillonite,Al2Si4O10(OH)2,U(+6),25.1847162853214,3.142470899728009,Na(+1),0.003697590861688516,NO3(-1),0.003697590861688516,0.9,7.178338342257218
synthetic_study_0,109,326,montmorillonite,Al2Si4O10(OH)2,U(+6),24.976183835550255,5.361719918782616,Na(+1),0.6317757675194939,NO3(-1),0.6317757675194939,0.9,14.050118766988717
synthetic_study_0,119,327,montmorillonite,Al2Si4O10(OH)2,U(+6),25.35092890017936,4.522667715877778,Na(+1),0.2517742565831719,NO3(-1),0.2517742565831719,0.9,12.83900749404441
synthetic_study_0,57,328,montmorillonite,Al2Si4O10(OH)2,U(+6),25.354178538702765,2.728379972533859,Na(+1),0.4619433986879861,NO3(-1),0.4619433986879861,0.9,5.615577640821526
synthetic_study_3,109,329,montmorillonite,Al2Si4O10(OH)2,U(+6),25.582582948153835,10.490005898900517,Na(+1),0.042538197120750354,NO3(-1),0.042538197120750354,0.9,34.100988407496224
synthetic_study_0,79,330,montmorillonite,Al2Si4O10(OH)2,U(+6),24.894768836127504,4.418970961983528,Na(+1),0.6536879834444954,NO3(-1),0.6536879834444954,0.9,13.132176343177735
synthetic_study_1,146,331,montmorillonite,Al2Si4O10(OH)2,U(+6),24.6522485145661,3.545840575590346,Na(+1),0.0017358923521153169,NO3(-1),0.0017358923521153169,0.9,9.697149613213153
synthetic_study_0,64,332,montmorillonite,Al2Si4O10(OH)2,U(+6),25.11293340259155,7.722422539721191,Na(+1),0.5461825524929881,NO3(-1),0.5461825524929881,0.9,25.031524872984527
synthetic_study_3,96,333,montmorillonite,Al2Si4O10(OH)2,U(+6),24.881858766869243,3.930481941784284,Na(+1),0.0035522320609582586,NO3(-1),0.0035522320609582586,0.9,10.525227187669353
synthetic_study_2,134,334,montmorillonite,Al2Si4O10(OH)2,U(+6),25.089419827968978,4.3750351911943826,Na(+1),1.59457745900047,NO3(-1),1.59457745900047,0.9,12.921004813561026
synthetic_study_1,134,335,montmorillonite,Al2Si4O10(OH)2,U(+6),24.768727831300577,3.0661312768267033,Na(+1),0.011070996534993244,NO3(-1),0.011070996534993244,0.9,7.623717563147816
synthetic_study_1,135,336,montmorillonite,Al2Si4O10(OH)2,U(+6),25.197169299873046,7.40892279628975,Na(+1),1.9783677680754657,NO3(-1),1.9783677680754657,0.9,23.32981941049633
synthetic_study_1,59,337,montmorillonite,Al2Si4O10(OH)2,U(+6),25.299612433229992,8.133340031304172,Na(+1),0.0016205044697362105,NO3(-1),0.0016205044697362105,0.9,30.455135117820483
synthetic_study_3,23,338,montmorillonite,Al2Si4O10(OH)2,U(+6),25.23751291183211,7.862265441776129,Na(+1),0.019716624531229705,NO3(-1),0.019716624531229705,0.9,24.10921942031311
synthetic_study_1,142,339,montmorillonite,Al2Si4O10(OH)2,U(+6),25.257883936662427,4.795098338351883,Na(+1),0.3177758645325062,NO3(-1),0.3177758645325062,0.9,13.113928452983087
synthetic_study_0,87,340,montmorillonite,Al2Si4O10(OH)2,U(+6),25.191697555075145,7.62779937334549,Na(+1),0.15850906971602874,NO3(-1),0.15850906971602874,0.9,25.530459400743773
synthetic_study_1,120,341,montmorillonite,Al2Si4O10(OH)2,U(+6),24.989571981973484,9.66008259661709,Na(+1),0.018828509418636764,NO3(-1),0.018828509418636764,0.9,30.654448335437213
synthetic_study_3,69,342,montmorillonite,Al2Si4O10(OH)2,U(+6),24.466231039626308,4.493973648588941,Na(+1),0.019631263834596877,NO3(-1),0.019631263834596877,0.9,13.113931074005595
synthetic_study_0,72,343,montmorillonite,Al2Si4O10(OH)2,U(+6),24.78078705808155,4.246063478236475,Na(+1),0.14761034047126428,NO3(-1),0.14761034047126428,0.9,11.952408583615641
synthetic_study_1,7,344,montmorillonite,Al2Si4O10(OH)2,U(+6),25.088835552121637,9.043506770368104,Na(+1),1.5824361527233746,NO3(-1),1.5824361527233746,0.9,30.0338050576396
synthetic_study_3,86,345,montmorillonite,Al2Si4O10(OH)2,U(+6),25.265465742138883,5.145013334029395,Na(+1),0.024654286215272964,NO3(-1),0.024654286215272964,0.9,16.068751656416154
synthetic_study_3,18,346,montmorillonite,Al2Si4O10(OH)2,U(+6),24.483905245122504,9.754704804480712,Na(+1),0.04287570980404404,NO3(-1),0.04287570980404404,0.9,34.76034136853875
synthetic_study_1,56,347,montmorillonite,Al2Si4O10(OH)2,U(+6),25.55077916786601,8.798125249018986,Na(+1),0.27199316833654186,NO3(-1),0.27199316833654186,0.9,30.020985018882893
synthetic_study_0,60,348,montmorillonite,Al2Si4O10(OH)2,U(+6),25.03101686813409,3.4344516939759178,Na(+1),0.3119736409104979,NO3(-1),0.3119736409104979,0.9,10.38976826667256
synthetic_study_2,135,349,montmorillonite,Al2Si4O10(OH)2,U(+6),25.347563502256556,2.826378717501343,Na(+1),1.8761701162041031,NO3(-1),1.8761701162041031,0.9,9.117601073499097
synthetic_study_2,4,350,montmorillonite,Al2Si4O10(OH)2,U(+6),24.77229263663071,8.854847866367274,Na(+1),0.0016432416067466273,NO3(-1),0.0016432416067466273,0.9,29.642278793324042
synthetic_study_0,13,351,montmorillonite,Al2Si4O10(OH)2,U(+6),25.403551450870175,6.097939036244961,Na(+1),0.0044898507101122824,NO3(-1),0.0044898507101122824,0.9,21.796571422489627
synthetic_study_1,140,352,montmorillonite,Al2Si4O10(OH)2,U(+6),24.746323386419057,3.1256849044376525,Na(+1),0.09117660984979643,NO3(-1),0.09117660984979643,0.9,7.346251729324013
synthetic_study_3,41,353,montmorillonite,Al2Si4O10(OH)2,U(+6),25.62257379325102,9.55736783557155,Na(+1),0.006968788668613817,NO3(-1),0.006968788668613817,0.9,30.99560786142434
synthetic_study_0,113,354,montmorillonite,Al2Si4O10(OH)2,U(+6),24.842719954569596,2.6608234206773886,Na(+1),1.5791844954875551,NO3(-1),1.5791844954875551,0.9,8.142396771730777
synthetic_study_2,144,355,montmorillonite,Al2Si4O10(OH)2,U(+6),25.44478572049101,8.20453994138154,Na(+1),0.8351012140197053,NO3(-1),0.8351012140197053,0.9,26.6212281385276
synthetic_study_2,86,356,montmorillonite,Al2Si4O10(OH)2,U(+6),24.959994140779546,6.6890506091035755,Na(+1),0.5207016357602771,NO3(-1),0.5207016357602771,0.9,19.886023096820175
synthetic_study_0,142,357,montmorillonite,Al2Si4O10(OH)2,U(+6),25.19608258192872,6.59416254894322,Na(+1),0.004366709816180484,NO3(-1),0.004366709816180484,0.9,20.086650579922836
synthetic_study_1,36,358,montmorillonite,Al2Si4O10(OH)2,U(+6),25.318247627420668,9.187994701266751,Na(+1),0.0024796365876772306,NO3(-1),0.0024796365876772306,0.9,30.109543532194422
synthetic_study_2,90,359,montmorillonite,Al2Si4O10(OH)2,U(+6),25.21401155181828,7.773655158033781,Na(+1),0.11396972552718516,NO3(-1),0.11396972552718516,0.9,23.3392809022443
synthetic_study_2,97,360,montmorillonite,Al2Si4O10(OH)2,U(+6),25.077199651671094,7.468533537520719,Na(+1),0.004823568956303204,NO3(-1),0.004823568956303204,0.9,23.175011147568284
synthetic_study_3,113,361,montmorillonite,Al2Si4O10(OH)2,U(+6),24.84389604577367,9.440656138348697,Na(+1),0.1160538475635561,NO3(-1),0.1160538475635561,0.9,30.20048504778984
synthetic_study_1,130,362,montmorillonite,Al2Si4O10(OH)2,U(+6),25.22600898744338,9.852629362897751,Na(+1),0.002657120158631584,NO3(-1),0.002657120158631584,0.9,30.839906903891066
synthetic_study_3,37,363,montmorillonite,Al2Si4O10(OH)2,U(+6),25.199960544048334,7.583211052740811,Na(+1),0.9996419530054846,NO3(-1),0.9996419530054846,0.9,25.601774005924977
synthetic_study_1,6,364,montmorillonite,Al2Si4O10(OH)2,U(+6),24.737555253916934,9.761451551614812,Na(+1),0.1450990245722266,NO3(-1),0.1450990245722266,0.9,30.640763622947627
synthetic_study_0,79,365,montmorillonite,Al2Si4O10(OH)2,U(+6),24.96854599623982,6.350071572727055,Na(+1),0.6740589843690896,NO3(-1),0.6740589843690896,0.9,20.445708769670933
synthetic_study_1,12,366,montmorillonite,Al2Si4O10(OH)2,U(+6),24.620731576477702,3.3005890958915565,Na(+1),0.006773464685065888,NO3(-1),0.006773464685065888,0.9,6.535911734875388
synthetic_study_3,61,367,montmorillonite,Al2Si4O10(OH)2,U(+6),25.052477703038036,2.635095078919747,Na(+1),0.18724441673087158,NO3(-1),0.18724441673087158,0.9,7.267530097126833
synthetic_study_1,137,368,montmorillonite,Al2Si4O10(OH)2,U(+6),24.85649710246089,2.7958325378966453,Na(+1),0.06895029845811465,NO3(-1),0.06895029845811465,0.9,10.116528528008017
synthetic_study_1,116,369,montmorillonite,Al2Si4O10(OH)2,U(+6),24.699748739788795,10.184323042739791,Na(+1),0.011276209217083505,NO3(-1),0.011276209217083505,0.9,31.73922096284509
synthetic_study_0,91,370,montmorillonite,Al2Si4O10(OH)2,U(+6),24.642811470353497,3.6241112138675096,Na(+1),0.04989813034604876,NO3(-1),0.04989813034604876,0.9,12.520041926814194
synthetic_study_2,34,371,montmorillonite,Al2Si4O10(OH)2,U(+6),25.28005860447173,2.9231789082500406,Na(+1),0.01405114462832887,NO3(-1),0.01405114462832887,0.9,10.685143563933963
synthetic_study_2,92,372,montmorillonite,Al2Si4O10(OH)2,U(+6),24.77887088176667,10.269791353251469,Na(+1),0.001907583532260079,NO3(-1),0.001907583532260079,0.9,33.70279157727358
synthetic_study_0,85,373,montmorillonite,Al2Si4O10(OH)2,U(+6),25.105244207599046,5.738400104205436,Na(+1),0.5998480745683882,NO3(-1),0.5998480745683882,0.9,16.75649635001474
synthetic_study_1,0,374,montmorillonite,Al2Si4O10(OH)2,U(+6),24.31382411704486,10.146426556004704,Na(+1),0.18971345454641708,NO3(-1),0.18971345454641708,0.9,33.71304638967536
synthetic_study_2,87,375,montmorillonite,Al2Si4O10(OH)2,U(+6),25.192062370635387,7.515165307992207,Na(+1),0.06101716126497099,NO3(-1),0.06101716126497099,0.9,20.821708958355384
synthetic_study_3,97,376,montmorillonite,Al2Si4O10(OH)2,U(+6),24.828554996203398,4.900780278490231,Na(+1),0.3644414504958132,NO3(-1),0.3644414504958132,0.9,14.184551435840683
synthetic_study_0,94,377,montmorillonite,Al2Si4O10(OH)2,U(+6),25.390547243704034,6.4583702925960145,Na(+1),0.008641958636351421,NO3(-1),0.008641958636351421,0.9,21.85627585254171
synthetic_study_0,12,378,montmorillonite,Al2Si4O10(OH)2,U(+6),24.78085581252692,5.452853164136835,Na(+1),0.061151810906972276,NO3(-1),0.061151810906972276,0.9,16.690568535687394
synthetic_study_1,147,379,montmorillonite,Al2Si4O10(OH)2,U(+6),25.365711878039296,10.065925437440596,Na(+1),0.001154392838819387,NO3(-1),0.001154392838819387,0.9,32.19068224332431
synthetic_study_0,9,380,montmorillonite,Al2Si4O10(OH)2,U(+6),24.95462771052832,5.610377634627647,Na(+1),0.0026134280555772616,NO3(-1),0.0026134280555772616,0.9,17.609773998451544
synthetic_study_1,124,381,montmorillonite,Al2Si4O10(OH)2,U(+6),24.784969856167454,6.906860669382343,Na(+1),0.08430801465309444,NO3(-1),0.08430801465309444,0.9,21.16299263882211
synthetic_study_3,32,382,montmorillonite,Al2Si4O10(OH)2,U(+6),25.26305042621738,2.9321731543313376,Na(+1),0.8834188525518906,NO3(-1),0.8834188525518906,0.9,7.045547380625288
synthetic_study_0,135,383,montmorillonite,Al2Si4O10(OH)2,U(+6),25.2262467427596,2.5719817113068864,Na(+1),0.020017824438814585,NO3(-1),0.020017824438814585,0.9,7.841881324238254
synthetic_study_3,76,384,montmorillonite,Al2Si4O10(OH)2,U(+6),24.835758395544005,6.317540916412138,Na(+1),0.0021958215560730285,NO3(-1),0.0021958215560730285,0.9,19.562528761409563
synthetic_study_0,42,385,montmorillonite,Al2Si4O10(OH)2,U(+6),25.115864520605612,4.619354422358218,Na(+1),0.0017312607715074865,NO3(-1),0.0017312607715074865,0.9,12.788615268601806
synthetic_study_0,114,386,montmorillonite,Al2Si4O10(OH)2,U(+6),24.671623240445985,5.595473138206513,Na(+1),0.010082329846248463,NO3(-1),0.010082329846248463,0.9,14.379111453728713
synthetic_study_2,25,387,montmorillonite,Al2Si4O10(OH)2,U(+6),24.79257398689537,5.50549669645869,Na(+1),0.46659226992743186,NO3(-1),0.46659226992743186,0.9,18.196127843436148
synthetic_study_0,125,388,montmorillonite,Al2Si4O10(OH)2,U(+6),25.018558348333165,8.18486371305007,Na(+1),0.11831081065563258,NO3(-1),0.11831081065563258,0.9,24.91742254073889
synthetic_study_2,102,389,montmorillonite,Al2Si4O10(OH)2,U(+6),25.427439006813906,3.753631899506482,Na(+1),0.36680414792585225,NO3(-1),0.36680414792585225,0.9,8.825588781149671
synthetic_study_0,39,390,montmorillonite,Al2Si4O10(OH)2,U(+6),24.375521667438864,10.18370703751631,Na(+1),0.11934063158503631,NO3(-1),0.11934063158503631,0.9,32.92437057575721
synthetic_study_2,130,391,montmorillonite,Al2Si4O10(OH)2,U(+6),24.51810703449555,3.0819817843204085,Na(+1),0.006639027377117635,NO3(-1),0.006639027377117635,0.9,8.23799944089653
synthetic_study_3,141,392,montmorillonite,Al2Si4O10(OH)2,U(+6),24.448641958522572,4.356494296755492,Na(+1),0.008964645790070265,NO3(-1),0.008964645790070265,0.9,10.06177703425555
synthetic_study_0,7,393,montmorillonite,Al2Si4O10(OH)2,U(+6),24.373980197237355,3.628572007670882,Na(+1),0.005549971370717487,NO3(-1),0.005549971370717487,0.9,9.10540226423857
synthetic_study_3,37,394,montmorillonite,Al2Si4O10(OH)2,U(+6),25.248397044288414,6.027382799445819,Na(+1),0.0022701120090586092,NO3(-1),0.0022701120090586092,0.9,18.248321041020887
synthetic_study_3,124,395,montmorillonite,Al2Si4O10(OH)2,U(+6),24.80763694439375,3.284294041252041,Na(+1),0.0025198778638127503,NO3(-1),0.0025198778638127503,0.9,10.925741272450002
synthetic_study_0,38,396,montmorillonite,Al2Si4O10(OH)2,U(+6),24.729927296603186,3.5558103429716743,Na(+1),0.01150154924597226,NO3(-1),0.01150154924597226,0.9,8.425588651083487
synthetic_study_3,58,397,montmorillonite,Al2Si4O10(OH)2,U(+6),25.13975620351907,5.653192873916959,Na(+1),0.34931084457663397,NO3(-1),0.34931084457663397,0.9,15.205599540897795
synthetic_study_3,47,398,montmorillonite,Al2Si4O10(OH)2,U(+6),25.16791981369206,2.537966475234801,Na(+1),0.007268660866682013,NO3(-1),0.007268660866682013,0.9,7.375187483252524
synthetic_study_2,4,399,montmorillonite,Al2Si4O10(OH)2,U(+6),25.19058267033378,9.70284474444128,Na(+1),0.050361770971021486,NO3(-1),0.050361770971021486,0.9,30.61168487465229
synthetic_study_1,83,400,montmorillonite,Al2Si4O10(OH)2,U(+6),25.505102721110088,3.4865374416375463,Na(+1),0.0041943500611683684,NO3(-1),0.0041943500611683684,0.9,8.056137004688576
synthetic_study_0,19,401,montmorillonite,Al2Si4O10(OH)2,U(+6),24.77490139644678,4.921355602014493,Na(+1),0.06197375840350372,NO3(-1),0.06197375840350372,0.9,14.882749638649116
synthetic_study_2,130,402,montmorillonite,Al2Si4O10(OH)2,U(+6),24.911643937915926,9.775301316226289,Na(+1),1.4041800539966396,NO3(-1),1.4041800539966396,0.9,31.224186232330325
synthetic_study_1,70,403,montmorillonite,Al2Si4O10(OH)2,U(+6),24.811589068420204,5.676352833628019,Na(+1),0.009631645815119825,NO3(-1),0.009631645815119825,0.9,17.06932644660315
synthetic_study_1,76,404,montmorillonite,Al2Si4O10(OH)2,U(+6),25.32049223141128,6.174675139094897,Na(+1),0.00424980503279391,NO3(-1),0.00424980503279391,0.9,20.91990858523203
synthetic_study_3,66,405,montmorillonite,Al2Si4O10(OH)2,U(+6),24.928914492888243,8.72920582165862,Na(+1),0.41062137769518753,NO3(-1),0.41062137769518753,0.9,28.51703961945804
synthetic_study_2,1,406,montmorillonite,Al2Si4O10(OH)2,U(+6),24.849079524981605,6.64072022226067,Na(+1),0.019376644713072277,NO3(-1),0.019376644713072277,0.9,20.187433057552866
synthetic_study_1,60,407,montmorillonite,Al2Si4O10(OH)2,U(+6),25.06872161303489,4.5301780410722,Na(+1),0.7470132631574496,NO3(-1),0.7470132631574496,0.9,10.031336076865712
synthetic_study_0,76,408,montmorillonite,Al2Si4O10(OH)2,U(+6),25.031408619853746,8.473629374331281,Na(+1),0.3260545718068346,NO3(-1),0.3260545718068346,0.9,25.60487627145383
synthetic_study_1,23,409,montmorillonite,Al2Si4O10(OH)2,U(+6),25.251825529648613,3.797859705209741,Na(+1),0.02804372921855478,NO3(-1),0.02804372921855478,0.9,9.616584119756103
synthetic_study_3,66,410,montmorillonite,Al2Si4O10(OH)2,U(+6),25.276907774234555,9.426602453217205,Na(+1),0.012492164866884687,NO3(-1),0.012492164866884687,0.9,30.015106045333628
synthetic_study_1,14,411,montmorillonite,Al2Si4O10(OH)2,U(+6),24.949539048142594,5.453604126696901,Na(+1),0.36182870543134393,NO3(-1),0.36182870543134393,0.9,13.870327289404038
synthetic_study_0,30,412,montmorillonite,Al2Si4O10(OH)2,U(+6),24.90473952114923,6.105952250083888,Na(+1),0.2761597698506243,NO3(-1),0.2761597698506243,0.9,17.873165915626046
synthetic_study_0,90,413,montmorillonite,Al2Si4O10(OH)2,U(+6),24.801746367714795,8.395372684132601,Na(+1),0.5947408096852586,NO3(-1),0.5947408096852586,0.9,26.69540624822346
synthetic_study_0,112,414,montmorillonite,Al2Si4O10(OH)2,U(+6),24.90170440483754,4.199925282199156,Na(+1),0.014727335020464716,NO3(-1),0.014727335020464716,0.9,9.063771349872141
synthetic_study_1,73,415,montmorillonite,Al2Si4O10(OH)2,U(+6),25.678477108257148,8.738140653010934,Na(+1),0.022858689169602795,NO3(-1),0.022858689169602795,0.9,27.665575167680892
synthetic_study_3,22,416,montmorillonite,Al2Si4O10(OH)2,U(+6),25.050823989236726,3.936457827074668,Na(+1),0.7599077081836411,NO3(-1),0.7599077081836411,0.9,8.061627107154246
synthetic_study_2,6,417,montmorillonite,Al2Si4O10(OH)2,U(+6),24.807960211584724,5.158588585498719,Na(+1),0.08121954772418397,NO3(-1),0.08121954772418397,0.9,12.336190680193038
synthetic_study_1,116,418,montmorillonite,Al2Si4O10(OH)2,U(+6),25.369508512837943,5.502442934219211,Na(+1),0.3794057543670747,NO3(-1),0.3794057543670747,0.9,17.8613872138816
synthetic_study_0,112,419,montmorillonite,Al2Si4O10(OH)2,U(+6),24.931390672003815,2.9286301374864205,Na(+1),0.019550207015096164,NO3(-1),0.019550207015096164,0.9,8.854894533929642
synthetic_study_0,1,420,montmorillonite,Al2Si4O10(OH)2,U(+6),24.231360515347365,5.358494645359275,Na(+1),1.146481289793685,NO3(-1),1.146481289793685,0.9,12.163068391492349
synthetic_study_2,34,421,montmorillonite,Al2Si4O10(OH)2,U(+6),24.895094676259664,3.3718001500619774,Na(+1),0.0014450305560395071,NO3(-1),0.0014450305560395071,0.9,7.41601720921158
synthetic_study_0,58,422,montmorillonite,Al2Si4O10(OH)2,U(+6),24.939151769223077,2.5433793767479527,Na(+1),0.7207718685164088,NO3(-1),0.7207718685164088,0.9,6.613743811941088
synthetic_study_0,31,423,montmorillonite,Al2Si4O10(OH)2,U(+6),25.385983787854443,6.313477473632185,Na(+1),0.01666693377742589,NO3(-1),0.01666693377742589,0.9,18.803978725835766
synthetic_study_1,101,424,montmorillonite,Al2Si4O10(OH)2,U(+6),25.447060517619096,9.665751915963813,Na(+1),0.0011871796638712722,NO3(-1),0.0011871796638712722,0.9,31.516345688853598
synthetic_study_1,100,425,montmorillonite,Al2Si4O10(OH)2,U(+6),25.21394255559919,6.501255424241144,Na(+1),1.2551594975557565,NO3(-1),1.2551594975557565,0.9,19.8994201865471
synthetic_study_3,17,426,montmorillonite,Al2Si4O10(OH)2,U(+6),25.405798617126152,9.034466346702231,Na(+1),0.35814668377511105,NO3(-1),0.35814668377511105,0.9,30.025124012589636
synthetic_study_0,28,427,montmorillonite,Al2Si4O10(OH)2,U(+6),24.842391793034842,5.7175057883201585,Na(+1),1.7703720410510793,NO3(-1),1.7703720410510793,0.9,14.292866365207116
synthetic_study_1,141,428,montmorillonite,Al2Si4O10(OH)2,U(+6),24.766008307806764,6.829108904806068,Na(+1),0.2640045579916838,NO3(-1),0.2640045579916838,0.9,21.26836470308469
synthetic_study_0,107,429,montmorillonite,Al2Si4O10(OH)2,U(+6),24.962567708931758,3.3748218662849716,Na(+1),0.0776151262685507,NO3(-1),0.0776151262685507,0.9,9.52459613210168
synthetic_study_2,125,430,montmorillonite,Al2Si4O10(OH)2,U(+6),25.009898710096177,7.275224850070944,Na(+1),0.09557118827481191,NO3(-1),0.09557118827481191,0.9,21.168982159671152
synthetic_study_1,113,431,montmorillonite,Al2Si4O10(OH)2,U(+6),25.072677410765934,2.882840327412114,Na(+1),0.027802121871119315,NO3(-1),0.027802121871119315,0.9,8.09444299759381
synthetic_study_1,37,432,montmorillonite,Al2Si4O10(OH)2,U(+6),24.959856747842014,8.690472879129082,Na(+1),0.18094801938769833,NO3(-1),0.18094801938769833,0.9,30.207141972386907
synthetic_study_0,49,433,montmorillonite,Al2Si4O10(OH)2,U(+6),25.066221541570602,8.221640627866943,Na(+1),0.3293439679571616,NO3(-1),0.3293439679571616,0.9,25.836605261088373
synthetic_study_3,100,434,montmorillonite,Al2Si4O10(OH)2,U(+6),25.140694105978305,8.206768179302312,Na(+1),0.3946988496045374,NO3(-1),0.3946988496045374,0.9,27.090109981343033
synthetic_study_1,45,435,montmorillonite,Al2Si4O10(OH)2,U(+6),24.830964382984327,2.5210870724893386,Na(+1),1.9781346998351956,NO3(-1),1.9781346998351956,0.9,6.607301129579666
synthetic_study_3,86,436,montmorillonite,Al2Si4O10(OH)2,U(+6),25.21169947615269,5.74422441900866,Na(+1),0.5501957394310936,NO3(-1),0.5501957394310936,0.9,21.385226531975462
synthetic_study_1,37,437,montmorillonite,Al2Si4O10(OH)2,U(+6),24.951414249100356,4.876491656008935,Na(+1),0.10498967802777014,NO3(-1),0.10498967802777014,0.9,15.474491127169415
synthetic_study_3,133,438,montmorillonite,Al2Si4O10(OH)2,U(+6),24.896299764718172,9.190705427507663,Na(+1),0.02837482600981274,NO3(-1),0.02837482600981274,0.9,29.59091736487586
synthetic_study_2,119,439,montmorillonite,Al2Si4O10(OH)2,U(+6),24.983316511542444,8.435144533418761,Na(+1),0.005267819905305055,NO3(-1),0.005267819905305055,0.9,24.788649152301673
synthetic_study_3,35,440,montmorillonite,Al2Si4O10(OH)2,U(+6),25.409859215422113,4.4881291766562725,Na(+1),0.0012835598968883677,NO3(-1),0.0012835598968883677,0.9,13.616583302223312
synthetic_study_3,26,441,montmorillonite,Al2Si4O10(OH)2,U(+6),25.297200740429314,7.689067333065581,Na(+1),0.1708627798646397,NO3(-1),0.1708627798646397,0.9,24.37062246347804
synthetic_study_0,136,442,montmorillonite,Al2Si4O10(OH)2,U(+6),25.20904366963276,4.045646118720865,Na(+1),0.35156134252283716,NO3(-1),0.35156134252283716,0.9,13.793468944230508
synthetic_study_0,130,443,montmorillonite,Al2Si4O10(OH)2,U(+6),25.012113718648397,4.610415303266672,Na(+1),0.002410976913394242,NO3(-1),0.002410976913394242,0.9,16.114207838651645
synthetic_study_2,38,444,montmorillonite,Al2Si4O10(OH)2,U(+6),24.488352545562396,3.8236843339806335,Na(+1),0.22229583720482318,NO3(-1),0.22229583720482318,0.9,12.656667730464443
synthetic_study_1,55,445,montmorillonite,Al2Si4O10(OH)2,U(+6),25.098995419165174,2.7401663361176567,Na(+1),0.8138523192791745,NO3(-1),0.8138523192791745,0.9,7.922841071928543
synthetic_study_2,44,446,montmorillonite,Al2Si4O10(OH)2,U(+6),24.722454535917418,7.836114358338915,Na(+1),0.013606022874019156,NO3(-1),0.013606022874019156,0.9,23.56416515533139
synthetic_study_3,10,447,montmorillonite,Al2Si4O10(OH)2,U(+6),24.95905450425938,7.615984413626484,Na(+1),0.09321945703351683,NO3(-1),0.09321945703351683,0.9,26.27396588937613
synthetic_study_1,11,448,montmorillonite,Al2Si4O10(OH)2,U(+6),24.968263437078058,6.90894808579157,Na(+1),0.31056184663859204,NO3(-1),0.31056184663859204,0.9,21.709781994474245
synthetic_study_3,147,449,montmorillonite,Al2Si4O10(OH)2,U(+6),24.942814891396228,7.929651078422006,Na(+1),1.0684310177412304,NO3(-1),1.0684310177412304,0.9,27.751035093851158
synthetic_study_1,101,450,montmorillonite,Al2Si4O10(OH)2,U(+6),24.91237969285555,6.418348831104154,Na(+1),0.17760253454344932,NO3(-1),0.17760253454344932,0.9,19.33900682441813
synthetic_study_1,67,451,montmorillonite,Al2Si4O10(OH)2,U(+6),24.837543157484493,9.107181372924796,Na(+1),0.0074654589048093346,NO3(-1),0.0074654589048093346,0.9,27.30619566644333
synthetic_study_0,87,452,montmorillonite,Al2Si4O10(OH)2,U(+6),25.31697349004563,9.084343843161381,Na(+1),0.8814473341233867,NO3(-1),0.8814473341233867,0.9,26.631329762443308
synthetic_study_2,20,453,montmorillonite,Al2Si4O10(OH)2,U(+6),25.05743732149032,4.725568239072095,Na(+1),1.807479364104332,NO3(-1),1.807479364104332,0.9,11.361730490914937
synthetic_study_1,30,454,montmorillonite,Al2Si4O10(OH)2,U(+6),25.040053258901466,3.1703815361042453,Na(+1),0.0024743880134727478,NO3(-1),0.0024743880134727478,0.9,10.235787969811165
synthetic_study_2,132,455,montmorillonite,Al2Si4O10(OH)2,U(+6),25.143643223872726,7.17537042827356,Na(+1),0.013019913456400918,NO3(-1),0.013019913456400918,0.9,20.68907663269012
synthetic_study_3,109,456,montmorillonite,Al2Si4O10(OH)2,U(+6),25.125902333621603,2.7832694654795596,Na(+1),0.0939263834655737,NO3(-1),0.0939263834655737,0.9,7.446377006988185
synthetic_study_3,117,457,montmorillonite,Al2Si4O10(OH)2,U(+6),24.979904221334937,4.8549294617639065,Na(+1),0.0018674846340444038,NO3(-1),0.0018674846340444038,0.9,13.001158514058947
synthetic_study_3,85,458,montmorillonite,Al2Si4O10(OH)2,U(+6),24.802200046078255,9.03931964327159,Na(+1),0.08824694522446462,NO3(-1),0.08824694522446462,0.9,31.694979776720917
synthetic_study_2,79,459,montmorillonite,Al2Si4O10(OH)2,U(+6),25.154845892799926,2.8056608763610162,Na(+1),0.47857017698949245,NO3(-1),0.47857017698949245,0.9,7.5618004294145615
synthetic_study_0,131,460,montmorillonite,Al2Si4O10(OH)2,U(+6),25.203468344089828,3.7863526283039457,Na(+1),0.23055721504253157,NO3(-1),0.23055721504253157,0.9,8.64233814835859
synthetic_study_3,107,461,montmorillonite,Al2Si4O10(OH)2,U(+6),24.920099519831364,6.540218509829711,Na(+1),0.004721044694705612,NO3(-1),0.004721044694705612,0.9,20.837016920807265
synthetic_study_3,41,462,montmorillonite,Al2Si4O10(OH)2,U(+6),25.372993593366804,8.775528045782657,Na(+1),0.00512952875624424,NO3(-1),0.00512952875624424,0.9,30.934884431201954
synthetic_study_0,20,463,montmorillonite,Al2Si4O10(OH)2,U(+6),24.70942476261367,6.955840919112872,Na(+1),0.24689894065658546,NO3(-1),0.24689894065658546,0.9,22.502169141224226
synthetic_study_3,79,464,montmorillonite,Al2Si4O10(OH)2,U(+6),25.20376389037405,7.798630422698191,Na(+1),0.002451483210906232,NO3(-1),0.002451483210906232,0.9,25.98507820245353
synthetic_study_2,85,465,montmorillonite,Al2Si4O10(OH)2,U(+6),24.22445164514612,5.909511799408399,Na(+1),0.024151663077969048,NO3(-1),0.024151663077969048,0.9,15.49183820628479
synthetic_study_1,47,466,montmorillonite,Al2Si4O10(OH)2,U(+6),25.10890416347726,6.863609634123198,Na(+1),0.5416285277893325,NO3(-1),0.5416285277893325,0.9,23.08216416163687
synthetic_study_2,13,467,montmorillonite,Al2Si4O10(OH)2,U(+6),25.20259200897357,5.844664510155695,Na(+1),0.0015393655761111792,NO3(-1),0.0015393655761111792,0.9,18.21219271225107
synthetic_study_3,63,468,montmorillonite,Al2Si4O10(OH)2,U(+6),24.679989159757735,9.455644226509506,Na(+1),0.6195726311013707,NO3(-1),0.6195726311013707,0.9,32.175672461170116
synthetic_study_3,49,469,montmorillonite,Al2Si4O10(OH)2,U(+6),24.740917417097666,4.9795771931375565,Na(+1),0.12194649546485632,NO3(-1),0.12194649546485632,0.9,13.825304254746204
synthetic_study_0,10,470,montmorillonite,Al2Si4O10(OH)2,U(+6),24.84095972788245,3.401989679072761,Na(+1),0.0019286044017601145,NO3(-1),0.0019286044017601145,0.9,8.445767114272154
synthetic_study_0,54,471,montmorillonite,Al2Si4O10(OH)2,U(+6),24.640663960722737,7.71237418273142,Na(+1),0.0030999055113365196,NO3(-1),0.0030999055113365196,0.9,27.485675945578862
synthetic_study_3,21,472,montmorillonite,Al2Si4O10(OH)2,U(+6),25.213539546431033,8.066975942743564,Na(+1),0.01207571185659252,NO3(-1),0.01207571185659252,0.9,24.581634455146716
synthetic_study_1,73,473,montmorillonite,Al2Si4O10(OH)2,U(+6),25.53636738924196,3.0543500398912737,Na(+1),0.019233249275907683,NO3(-1),0.019233249275907683,0.9,6.9926738739490855
synthetic_study_1,105,474,montmorillonite,Al2Si4O10(OH)2,U(+6),24.792751759056085,8.337513100271384,Na(+1),0.0035241173885261733,NO3(-1),0.0035241173885261733,0.9,27.788545293864388
synthetic_study_1,48,475,montmorillonite,Al2Si4O10(OH)2,U(+6),25.154255510694593,9.338055294145668,Na(+1),1.41993828609246,NO3(-1),1.41993828609246,0.9,26.59971353997253
synthetic_study_1,68,476,montmorillonite,Al2Si4O10(OH)2,U(+6),24.766410109279136,3.3236327050639236,Na(+1),0.004498438067064672,NO3(-1),0.004498438067064672,0.9,8.923886112205569
synthetic_study_1,64,477,montmorillonite,Al2Si4O10(OH)2,U(+6),24.154175245780472,6.387767188661899,Na(+1),0.9868479119778111,NO3(-1),0.9868479119778111,0.9,21.67952469420092
synthetic_study_2,35,478,montmorillonite,Al2Si4O10(OH)2,U(+6),24.79977379066622,3.55349233060349,Na(+1),0.003518821941450064,NO3(-1),0.003518821941450064,0.9,7.954439786482839
synthetic_study_1,53,479,montmorillonite,Al2Si4O10(OH)2,U(+6),25.063982829140468,4.789305146380141,Na(+1),0.6824368891901996,NO3(-1),0.6824368891901996,0.9,10.962743180820805
synthetic_study_1,16,480,montmorillonite,Al2Si4O10(OH)2,U(+6),24.766359053549206,5.836194278069733,Na(+1),0.00733393132979913,NO3(-1),0.00733393132979913,0.9,17.099267896073396
synthetic_study_2,4,481,montmorillonite,Al2Si4O10(OH)2,U(+6),24.955984187816764,10.496215958936855,Na(+1),0.003490023657022208,NO3(-1),0.003490023657022208,0.9,35.50406294504674
synthetic_study_1,130,482,montmorillonite,Al2Si4O10(OH)2,U(+6),25.225800601389246,6.444131252378139,Na(+1),0.004847228705463058,NO3(-1),0.004847228705463058,0.9,19.35453678138624
synthetic_study_1,131,483,montmorillonite,Al2Si4O10(OH)2,U(+6),24.67334077545928,3.089185376703723,Na(+1),0.11680394583578857,NO3(-1),0.11680394583578857,0.9,5.585365855812691
synthetic_study_1,126,484,montmorillonite,Al2Si4O10(OH)2,U(+6),25.157404387109434,8.37607098512754,Na(+1),0.014179167564615087,NO3(-1),0.014179167564615087,0.9,28.962449721614192
synthetic_study_2,59,485,montmorillonite,Al2Si4O10(OH)2,U(+6),24.944077725129784,6.910148264166079,Na(+1),0.1256066286762952,NO3(-1),0.1256066286762952,0.9,21.532130599648745
synthetic_study_0,3,486,montmorillonite,Al2Si4O10(OH)2,U(+6),25.021953514374697,3.1041258565209358,Na(+1),0.010324883903013785,NO3(-1),0.010324883903013785,0.9,8.733762912520907
synthetic_study_0,6,487,montmorillonite,Al2Si4O10(OH)2,U(+6),25.37125255355669,8.910870792813611,Na(+1),1.1031179845918546,NO3(-1),1.1031179845918546,0.9,33.33373613456551
synthetic_study_3,37,488,montmorillonite,Al2Si4O10(OH)2,U(+6),25.04817962244715,6.390458776596636,Na(+1),0.49235430145456893,NO3(-1),0.49235430145456893,0.9,19.179959764634653
synthetic_study_1,149,489,montmorillonite,Al2Si4O10(OH)2,U(+6),24.699847616636873,5.466683772325178,Na(+1),0.1864760310519521,NO3(-1),0.1864760310519521,0.9,13.211135842092862
synthetic_study_2,137,490,montmorillonite,Al2Si4O10(OH)2,U(+6),25.06165767039893,6.809194803951914,Na(+1),0.11514663092019181,NO3(-1),0.11514663092019181,0.9,22.82404605549531
synthetic_study_3,18,491,montmorillonite,Al2Si4O10(OH)2,U(+6),25.006657338474568,5.496904510700584,Na(+1),0.20163968856317543,NO3(-1),0.20163968856317543,0.9,18.360161712114508
synthetic_study_2,59,492,montmorillonite,Al2Si4O10(OH)2,U(+6),24.998367779089595,9.045428776021655,Na(+1),0.011605016863426599,NO3(-1),0.011605016863426599,0.9,29.869680931315386
synthetic_study_0,113,493,montmorillonite,Al2Si4O10(OH)2,U(+6),24.780739653891644,6.80494609679628,Na(+1),0.006622477817282482,NO3(-1),0.006622477817282482,0.9,22.610659640788757
synthetic_study_3,114,494,montmorillonite,Al2Si4O10(OH)2,U(+6),25.16269282471523,8.219631687367572,Na(+1),0.060182270437062334,NO3(-1),0.060182270437062334,0.9,27.491438808753085
synthetic_study_0,132,495,montmorillonite,Al2Si4O10(OH)2,U(+6),25.551157001785825,7.737533461696454,Na(+1),0.09148873360925293,NO3(-1),0.09148873360925293,0.9,26.008276090107454
synthetic_study_1,110,496,montmorillonite,Al2Si4O10(OH)2,U(+6),24.343292830917214,10.388399711896332,Na(+1),0.003538734366593039,NO3(-1),0.003538734366593039,0.9,36.23848670796357
synthetic_study_1,54,497,montmorillonite,Al2Si4O10(OH)2,U(+6),25.283586793383204,2.7568330931319895,Na(+1),0.9806922400546326,NO3(-1),0.9806922400546326,0.9,4.678598396777317
synthetic_study_0,45,498,montmorillonite,Al2Si4O10(OH)2,U(+6),25.50301560851363,3.6968439943538174,Na(+1),0.05478245635882043,NO3(-1),0.05478245635882043,0.9,9.712672708712693
synthetic_study_0,122,499,montmorillonite,Al2Si4O10(OH)2,U(+6),25.290514905965065,7.548828739888168,Na(+1),0.6626818765734639,NO3(-1),0.6626818765734639,0.9,24.946236359703573
synthetic_study_1,149,500,montmorillonite,Al2Si4O10(OH)2,U(+6),25.161668892851704,3.2674977260618148,Na(+1),0.1110619405516612,NO3(-1),0.1110619405516612,0.9,10.565168848939894
synthetic_study_2,141,501,montmorillonite,Al2Si4O10(OH)2,U(+6),24.741614393267096,9.79564031964048,Na(+1),0.0014181606110423518,NO3(-1),0.0014181606110423518,0.9,29.321329594632
synthetic_study_3,16,502,montmorillonite,Al2Si4O10(OH)2,U(+6),24.8844903490177,4.4721508603634215,Na(+1),0.049790004686711124,NO3(-1),0.049790004686711124,0.9,12.696801270240899
synthetic_study_0,23,503,montmorillonite,Al2Si4O10(OH)2,U(+6),25.273812509467266,5.02531401982382,Na(+1),0.005244131143200953,NO3(-1),0.005244131143200953,0.9,14.216536561859098
synthetic_study_2,3,504,montmorillonite,Al2Si4O10(OH)2,U(+6),24.65102629388397,9.981455735342992,Na(+1),0.007626799339761409,NO3(-1),0.007626799339761409,0.9,30.747539677179358
synthetic_study_1,109,505,montmorillonite,Al2Si4O10(OH)2,U(+6),25.072911115586933,8.069037627705573,Na(+1),0.830097880623299,NO3(-1),0.830097880623299,0.9,28.312215781688657
synthetic_study_2,33,506,montmorillonite,Al2Si4O10(OH)2,U(+6),25.277336905910236,2.6715718507041144,Na(+1),0.8555326958145579,NO3(-1),0.8555326958145579,0.9,8.283191609857942
synthetic_study_1,82,507,montmorillonite,Al2Si4O10(OH)2,U(+6),25.026586541678608,6.726278553248851,Na(+1),0.14342419596774378,NO3(-1),0.14342419596774378,0.9,23.07018553206951
synthetic_study_1,125,508,montmorillonite,Al2Si4O10(OH)2,U(+6),25.02321077809343,5.175375228927915,Na(+1),0.2645540290644758,NO3(-1),0.2645540290644758,0.9,16.64587085983188
synthetic_study_0,99,509,montmorillonite,Al2Si4O10(OH)2,U(+6),24.910817214117795,4.427144216639519,Na(+1),0.002967914439347197,NO3(-1),0.002967914439347197,0.9,13.068816993954274
synthetic_study_3,56,510,montmorillonite,Al2Si4O10(OH)2,U(+6),24.80967114575095,2.727951675864115,Na(+1),0.21066034316011395,NO3(-1),0.21066034316011395,0.9,5.655312954732769
synthetic_study_2,75,511,montmorillonite,Al2Si4O10(OH)2,U(+6),25.583469091829976,6.783104513145792,Na(+1),0.10978730083460338,NO3(-1),0.10978730083460338,0.9,18.79404410218686
synthetic_study_2,143,512,montmorillonite,Al2Si4O10(OH)2,U(+6),25.372502853744734,4.277001432363878,Na(+1),0.21343079935346826,NO3(-1),0.21343079935346826,0.9,12.091314514771467
synthetic_study_3,32,513,montmorillonite,Al2Si4O10(OH)2,U(+6),25.27667883997543,8.938743539919736,Na(+1),0.005978565386908985,NO3(-1),0.005978565386908985,0.9,29.403556780207428
synthetic_study_1,53,514,montmorillonite,Al2Si4O10(OH)2,U(+6),24.942516188591185,9.605493535889808,Na(+1),0.002303979593128736,NO3(-1),0.002303979593128736,0.9,29.827091013817512
synthetic_study_0,2,515,montmorillonite,Al2Si4O10(OH)2,U(+6),24.97906523654286,7.181519168390752,Na(+1),0.23580554240030083,NO3(-1),0.23580554240030083,0.9,22.876604718109725
synthetic_study_0,51,516,montmorillonite,Al2Si4O10(OH)2,U(+6),25.308235630789735,3.906378007112888,Na(+1),0.007577846078074582,NO3(-1),0.007577846078074582,0.9,9.960133423625763
synthetic_study_2,111,517,montmorillonite,Al2Si4O10(OH)2,U(+6),25.24424007677599,5.770210803797717,Na(+1),1.4836428823629835,NO3(-1),1.4836428823629835,0.9,17.67702623457598
synthetic_study_0,82,518,montmorillonite,Al2Si4O10(OH)2,U(+6),24.697599303357606,4.331645711244714,Na(+1),0.03905923235570256,NO3(-1),0.03905923235570256,0.9,15.702826143104335
synthetic_study_1,122,519,montmorillonite,Al2Si4O10(OH)2,U(+6),25.013925114019127,7.101209001589881,Na(+1),1.9032064275685618,NO3(-1),1.9032064275685618,0.9,22.571630958753502
synthetic_study_2,46,520,montmorillonite,Al2Si4O10(OH)2,U(+6),24.96614248567113,5.392619530462438,Na(+1),0.2523055471285193,NO3(-1),0.2523055471285193,0.9,16.707141674706264
synthetic_study_3,123,521,montmorillonite,Al2Si4O10(OH)2,U(+6),24.579989629112482,4.761699380056523,Na(+1),0.001487324835955961,NO3(-1),0.001487324835955961,0.9,14.742969830582329
synthetic_study_0,133,522,montmorillonite,Al2Si4O10(OH)2,U(+6),25.03257305093036,7.177863488308116,Na(+1),1.2417884243624706,NO3(-1),1.2417884243624706,0.9,25.52956418025273
synthetic_study_2,135,523,montmorillonite,Al2Si4O10(OH)2,U(+6),25.074453774601423,4.313335054350826,Na(+1),1.007368587594063,NO3(-1),1.007368587594063,0.9,11.19810597965096
synthetic_study_1,95,524,montmorillonite,Al2Si4O10(OH)2,U(+6),24.85967540721567,5.122286921025915,Na(+1),0.024444384557347487,NO3(-1),0.024444384557347487,0.9,13.26178950541387
synthetic_study_1,139,525,montmorillonite,Al2Si4O10(OH)2,U(+6),24.776093575542554,7.083064272034446,Na(+1),0.001189697662639959,NO3(-1),0.001189697662639959,0.9,22.247519228706363
synthetic_study_1,148,526,montmorillonite,Al2Si4O10(OH)2,U(+6),25.551140481803127,5.181888526274813,Na(+1),0.5502923716730397,NO3(-1),0.5502923716730397,0.9,13.227128379348798
synthetic_study_3,52,527,montmorillonite,Al2Si4O10(OH)2,U(+6),24.919986471215488,5.116265301480872,Na(+1),0.1730042979653428,NO3(-1),0.1730042979653428,0.9,16.0880190117695
synthetic_study_1,113,528,montmorillonite,Al2Si4O10(OH)2,U(+6),24.988792346837666,3.0236938245568075,Na(+1),0.1261213653813143,NO3(-1),0.1261213653813143,0.9,8.237453592289219
synthetic_study_1,124,529,montmorillonite,Al2Si4O10(OH)2,U(+6),24.865195786264074,2.9878646871720074,Na(+1),0.12107101285033837,NO3(-1),0.12107101285033837,0.9,5.606774013273332
synthetic_study_1,72,530,montmorillonite,Al2Si4O10(OH)2,U(+6),24.73524860124931,9.149127865633982,Na(+1),0.2796364794060225,NO3(-1),0.2796364794060225,0.9,30.686893330379114
synthetic_study_1,140,531,montmorillonite,Al2Si4O10(OH)2,U(+6),25.27963337907392,2.8305647046261493,Na(+1),0.06778399272434137,NO3(-1),0.06778399272434137,0.9,5.085442387588262
synthetic_study_2,124,532,montmorillonite,Al2Si4O10(OH)2,U(+6),25.222031096941105,5.326755961354149,Na(+1),0.0010552844721674426,NO3(-1),0.0010552844721674426,0.9,14.592126752173773
synthetic_study_1,22,533,montmorillonite,Al2Si4O10(OH)2,U(+6),24.772371244725385,5.586619131855641,Na(+1),0.16013194967271813,NO3(-1),0.16013194967271813,0.9,17.401569946870115
synthetic_study_1,131,534,montmorillonite,Al2Si4O10(OH)2,U(+6),24.95702555539202,8.5599379315952,Na(+1),0.05521638914793298,NO3(-1),0.05521638914793298,0.9,25.39125773277025
synthetic_study_0,70,535,montmorillonite,Al2Si4O10(OH)2,U(+6),24.80516603327407,5.695709334013129,Na(+1),0.1896339970062883,NO3(-1),0.1896339970062883,0.9,18.185790752557303
synthetic_study_0,61,536,montmorillonite,Al2Si4O10(OH)2,U(+6),24.82051562145381,5.8835085298836445,Na(+1),1.446451950771706,NO3(-1),1.446451950771706,0.9,15.822414189322144
synthetic_study_3,68,537,montmorillonite,Al2Si4O10(OH)2,U(+6),25.20994001981147,6.050600742506578,Na(+1),0.04173111867849886,NO3(-1),0.04173111867849886,0.9,15.103749805839975
synthetic_study_1,6,538,montmorillonite,Al2Si4O10(OH)2,U(+6),24.80616347475121,2.553513474007958,Na(+1),0.0012185599512944156,NO3(-1),0.0012185599512944156,0.9,8.016301366572822
synthetic_study_0,130,539,montmorillonite,Al2Si4O10(OH)2,U(+6),24.876322761889377,7.941953168677435,Na(+1),0.057403832430941326,NO3(-1),0.057403832430941326,0.9,26.964296239019433
synthetic_study_0,73,540,montmorillonite,Al2Si4O10(OH)2,U(+6),25.07443915521366,4.217069923374647,Na(+1),0.007367283703840027,NO3(-1),0.007367283703840027,0.9,11.174974324913272
synthetic_study_2,53,541,montmorillonite,Al2Si4O10(OH)2,U(+6),24.929656923485695,10.281468393064651,Na(+1),0.045122036311940235,NO3(-1),0.045122036311940235,0.9,33.45672583840474
synthetic_study_3,102,542,montmorillonite,Al2Si4O10(OH)2,U(+6),25.101712953423096,8.306038325821806,Na(+1),1.152739670392731,NO3(-1),1.152739670392731,0.9,24.992864145487786
synthetic_study_1,26,543,montmorillonite,Al2Si4O10(OH)2,U(+6),25.236858186341617,8.873946680489212,Na(+1),0.26726837500449396,NO3(-1),0.26726837500449396,0.9,30.00536441603803
synthetic_study_3,60,544,montmorillonite,Al2Si4O10(OH)2,U(+6),25.10695548443308,4.692842346067614,Na(+1),0.0026866828569838672,NO3(-1),0.0026866828569838672,0.9,16.613978580686442
synthetic_study_1,23,545,montmorillonite,Al2Si4O10(OH)2,U(+6),25.481651701432163,6.070438716848016,Na(+1),0.19918488333219697,NO3(-1),0.19918488333219697,0.9,16.67012873329702
synthetic_study_3,100,546,montmorillonite,Al2Si4O10(OH)2,U(+6),24.999099052293573,7.023750335737151,Na(+1),0.6636316387382292,NO3(-1),0.6636316387382292,0.9,20.42194308480637
synthetic_study_1,140,547,montmorillonite,Al2Si4O10(OH)2,U(+6),25.106342895343836,9.51106112545198,Na(+1),0.0011647753174257704,NO3(-1),0.0011647753174257704,0.9,30.333569334899906
synthetic_study_2,41,548,montmorillonite,Al2Si4O10(OH)2,U(+6),25.370446947492038,4.335069189692401,Na(+1),0.14099493987144582,NO3(-1),0.14099493987144582,0.9,14.199661055861137
synthetic_study_0,87,549,montmorillonite,Al2Si4O10(OH)2,U(+6),24.537445299310935,2.856972999676735,Na(+1),0.0014437299934339678,NO3(-1),0.0014437299934339678,0.9,6.55262905468039
synthetic_study_1,90,550,montmorillonite,Al2Si4O10(OH)2,U(+6),24.67666918567667,6.366876730398575,Na(+1),0.0806402946627878,NO3(-1),0.0806402946627878,0.9,19.57103034438077
synthetic_study_1,1,551,montmorillonite,Al2Si4O10(OH)2,U(+6),24.91942291424224,5.733592946121428,Na(+1),0.006735120401100186,NO3(-1),0.006735120401100186,0.9,16.532240497095483
synthetic_study_3,37,552,montmorillonite,Al2Si4O10(OH)2,U(+6),25.12389838413917,6.169689700352474,Na(+1),0.37641174930931787,NO3(-1),0.37641174930931787,0.9,17.64708206754763
synthetic_study_1,79,553,montmorillonite,Al2Si4O10(OH)2,U(+6),25.247161573553075,9.42267200954425,Na(+1),0.019731532539756676,NO3(-1),0.019731532539756676,0.9,29.652885804681894
synthetic_study_2,127,554,montmorillonite,Al2Si4O10(OH)2,U(+6),24.697990381883947,2.9808521684424747,Na(+1),0.05663532655759547,NO3(-1),0.05663532655759547,0.9,9.030530286411604
synthetic_study_3,117,555,montmorillonite,Al2Si4O10(OH)2,U(+6),25.074136456176575,7.82216731965757,Na(+1),0.009797139763632851,NO3(-1),0.009797139763632851,0.9,24.837936650430485
synthetic_study_2,45,556,montmorillonite,Al2Si4O10(OH)2,U(+6),24.885264590346463,5.926093590808149,Na(+1),0.08675916770690506,NO3(-1),0.08675916770690506,0.9,21.100229285638047
synthetic_study_2,100,557,montmorillonite,Al2Si4O10(OH)2,U(+6),24.681822093792825,7.263285934842138,Na(+1),0.009295149807358646,NO3(-1),0.009295149807358646,0.9,22.465089076258415
synthetic_study_1,32,558,montmorillonite,Al2Si4O10(OH)2,U(+6),24.901638664006047,9.29134467041817,Na(+1),0.004352684054828972,NO3(-1),0.004352684054828972,0.9,33.02707495064957
synthetic_study_2,69,559,montmorillonite,Al2Si4O10(OH)2,U(+6),25.00497328555083,4.891084882517312,Na(+1),0.018317790096632352,NO3(-1),0.018317790096632352,0.9,15.652799732075069
synthetic_study_2,147,560,montmorillonite,Al2Si4O10(OH)2,U(+6),24.704719998672196,3.258854216540266,Na(+1),0.004013519436885253,NO3(-1),0.004013519436885253,0.9,7.388784738197235
synthetic_study_0,93,561,montmorillonite,Al2Si4O10(OH)2,U(+6),25.17547527712738,5.669036683323289,Na(+1),0.00847848210438254,NO3(-1),0.00847848210438254,0.9,18.849464892976158
synthetic_study_0,10,562,montmorillonite,Al2Si4O10(OH)2,U(+6),24.27880365420412,6.087246046790882,Na(+1),0.003389301669908974,NO3(-1),0.003389301669908974,0.9,20.11361974508322
synthetic_study_0,87,563,montmorillonite,Al2Si4O10(OH)2,U(+6),25.033716136211634,8.136213992708278,Na(+1),0.06558705870223974,NO3(-1),0.06558705870223974,0.9,26.071152715989072
synthetic_study_1,46,564,montmorillonite,Al2Si4O10(OH)2,U(+6),25.26187477604741,8.968512290934196,Na(+1),0.005539367067976707,NO3(-1),0.005539367067976707,0.9,29.124325131899457
synthetic_study_0,14,565,montmorillonite,Al2Si4O10(OH)2,U(+6),25.064837057464352,3.5165484484601723,Na(+1),0.005806185050466345,NO3(-1),0.005806185050466345,0.9,10.972031344031526
synthetic_study_1,95,566,montmorillonite,Al2Si4O10(OH)2,U(+6),24.83565963502054,3.1693219221720303,Na(+1),0.002594361695209743,NO3(-1),0.002594361695209743,0.9,8.7981471033306
synthetic_study_3,141,567,montmorillonite,Al2Si4O10(OH)2,U(+6),24.573800157724882,10.222541483115577,Na(+1),0.005068181643131002,NO3(-1),0.005068181643131002,0.9,33.97534194253808
synthetic_study_3,129,568,montmorillonite,Al2Si4O10(OH)2,U(+6),24.850496318752086,10.478739694434637,Na(+1),0.00620162745953042,NO3(-1),0.00620162745953042,0.9,34.40544414102048
synthetic_study_3,19,569,montmorillonite,Al2Si4O10(OH)2,U(+6),24.864920031238277,4.580733308079652,Na(+1),1.7769431373542246,NO3(-1),1.7769431373542246,0.9,14.75347390304237
synthetic_study_1,113,570,montmorillonite,Al2Si4O10(OH)2,U(+6),24.505867060377966,3.1018553343280635,Na(+1),0.1530523649153742,NO3(-1),0.1530523649153742,0.9,7.585227294511397
synthetic_study_0,42,571,montmorillonite,Al2Si4O10(OH)2,U(+6),25.084059347488104,7.615399506429327,Na(+1),0.001148965876664559,NO3(-1),0.001148965876664559,0.9,23.499776585389945
synthetic_study_2,117,572,montmorillonite,Al2Si4O10(OH)2,U(+6),25.207226139945053,8.441102123808928,Na(+1),0.04454564621579196,NO3(-1),0.04454564621579196,0.9,29.795371879056404
synthetic_study_3,20,573,montmorillonite,Al2Si4O10(OH)2,U(+6),24.818398417990863,6.114096839966949,Na(+1),0.699978945271494,NO3(-1),0.699978945271494,0.9,17.42423402303362
synthetic_study_1,145,574,montmorillonite,Al2Si4O10(OH)2,U(+6),25.03611489128522,4.323005010605504,Na(+1),0.2917089623523705,NO3(-1),0.2917089623523705,0.9,14.052435589493907
synthetic_study_0,77,575,montmorillonite,Al2Si4O10(OH)2,U(+6),25.249505580055374,3.972939747917467,Na(+1),0.0019434443857860556,NO3(-1),0.0019434443857860556,0.9,10.913771822024
synthetic_study_1,108,576,montmorillonite,Al2Si4O10(OH)2,U(+6),25.365490907946914,7.933138469843465,Na(+1),0.3772455470320755,NO3(-1),0.3772455470320755,0.9,24.544422717068457
synthetic_study_1,106,577,montmorillonite,Al2Si4O10(OH)2,U(+6),24.667291259740498,5.263177080847652,Na(+1),0.43646447996580445,NO3(-1),0.43646447996580445,0.9,16.405812296604775
synthetic_study_0,1,578,montmorillonite,Al2Si4O10(OH)2,U(+6),25.28679230543483,3.4044012537148225,Na(+1),0.008899465942086536,NO3(-1),0.008899465942086536,0.9,10.359250007080462
synthetic_study_2,34,579,montmorillonite,Al2Si4O10(OH)2,U(+6),25.08690307033214,3.940770862611081,Na(+1),0.5583015066236184,NO3(-1),0.5583015066236184,0.9,12.983788476536585
synthetic_study_3,63,580,montmorillonite,Al2Si4O10(OH)2,U(+6),25.036431653742945,9.81159661901958,Na(+1),0.017030673869756516,NO3(-1),0.017030673869756516,0.9,30.20606518422479
synthetic_study_3,13,581,montmorillonite,Al2Si4O10(OH)2,U(+6),25.641037508034685,6.197229847899878,Na(+1),0.0023315601720166846,NO3(-1),0.0023315601720166846,0.9,22.746134553305502
synthetic_study_1,134,582,montmorillonite,Al2Si4O10(OH)2,U(+6),24.97703043627762,8.743014056580245,Na(+1),0.05029662785358442,NO3(-1),0.05029662785358442,0.9,28.267474321905457
synthetic_study_3,100,583,montmorillonite,Al2Si4O10(OH)2,U(+6),24.33747620338135,9.265588783757355,Na(+1),0.04152771797842484,NO3(-1),0.04152771797842484,0.9,29.93186695016074
synthetic_study_1,45,584,montmorillonite,Al2Si4O10(OH)2,U(+6),25.237757402670734,5.056564250193307,Na(+1),0.053753670979150917,NO3(-1),0.053753670979150917,0.9,14.686627431493118
synthetic_study_0,44,585,montmorillonite,Al2Si4O10(OH)2,U(+6),24.928133780529546,8.569150465481007,Na(+1),0.020496388110466668,NO3(-1),0.020496388110466668,0.9,28.872865177114676
synthetic_study_0,121,586,montmorillonite,Al2Si4O10(OH)2,U(+6),24.98454385912723,8.819281480699964,Na(+1),0.002794438283749548,NO3(-1),0.002794438283749548,0.9,28.42553099574691
synthetic_study_3,29,587,montmorillonite,Al2Si4O10(OH)2,U(+6),24.692237491985477,8.49910834737096,Na(+1),0.0069789291793835116,NO3(-1),0.0069789291793835116,0.9,27.519958373299417
synthetic_study_2,149,588,montmorillonite,Al2Si4O10(OH)2,U(+6),25.042384759425456,5.694209162340241,Na(+1),1.1280873729491654,NO3(-1),1.1280873729491654,0.9,16.17122304511788
synthetic_study_2,39,589,montmorillonite,Al2Si4O10(OH)2,U(+6),25.43606550940844,10.327963146409314,Na(+1),0.3943585977094575,NO3(-1),0.3943585977094575,0.9,35.243149128022374
synthetic_study_3,36,590,montmorillonite,Al2Si4O10(OH)2,U(+6),25.319212766674877,7.23454606367814,Na(+1),0.017359632063710946,NO3(-1),0.017359632063710946,0.9,20.88869380623577
synthetic_study_2,78,591,montmorillonite,Al2Si4O10(OH)2,U(+6),24.986369378375866,9.267711966484422,Na(+1),0.0049581761035275345,NO3(-1),0.0049581761035275345,0.9,28.81323033414609
synthetic_study_1,135,592,montmorillonite,Al2Si4O10(OH)2,U(+6),24.953407117668583,6.661071592625979,Na(+1),0.0031870810034833616,NO3(-1),0.0031870810034833616,0.9,20.75290350408057
synthetic_study_3,97,593,montmorillonite,Al2Si4O10(OH)2,U(+6),25.334193252647268,5.09957935063495,Na(+1),0.023281813784214234,NO3(-1),0.023281813784214234,0.9,14.594482956626367
synthetic_study_0,95,594,montmorillonite,Al2Si4O10(OH)2,U(+6),25.257934252064604,5.567869661462221,Na(+1),0.0013759758455893455,NO3(-1),0.0013759758455893455,0.9,14.831127472463425
synthetic_study_2,34,595,montmorillonite,Al2Si4O10(OH)2,U(+6),25.47971620559424,4.7039786589781984,Na(+1),0.3436374806711734,NO3(-1),0.3436374806711734,0.9,11.957668242107838
synthetic_study_1,81,596,montmorillonite,Al2Si4O10(OH)2,U(+6),24.93913270287309,8.673179193105687,Na(+1),0.8019400088056562,NO3(-1),0.8019400088056562,0.9,27.33830710992049
synthetic_study_3,81,597,montmorillonite,Al2Si4O10(OH)2,U(+6),25.113301588053513,10.273665342934141,Na(+1),0.007501238096007505,NO3(-1),0.007501238096007505,0.9,34.178862807453
synthetic_study_0,91,598,montmorillonite,Al2Si4O10(OH)2,U(+6),25.0479165291387,2.7604669618522966,Na(+1),0.4754510607385937,NO3(-1),0.4754510607385937,0.9,8.03551871141208
synthetic_study_3,61,599,montmorillonite,Al2Si4O10(OH)2,U(+6),25.061140213380916,4.807813898638878,Na(+1),0.30371660905670445,NO3(-1),0.30371660905670445,0.9,15.141089475298813
synthetic_study_0,131,0,ferrihydrite,Fe10O14(OH)2,U(+6),24.91534226060378,6.575034318582002,Na(+1),0.1699643733177739,NO3(-1),0.1699643733177739,3.1,85.07479759972799
synthetic_study_2,84,1,ferrihydrite,Fe10O14(OH)2,U(+6),25.269686574899684,3.9380873312216043,Na(+1),0.003007557538180173,NO3(-1),0.003007557538180173,3.1,19.90309203771499
synthetic_study_1,1,2,ferrihydrite,Fe10O14(OH)2,U(+6),25.349232762716845,4.124378679452994,Na(+1),0.005090270492771888,NO3(-1),0.005090270492771888,3.1,19.224575615720845
synthetic_study_2,80,3,ferrihydrite,Fe10O14(OH)2,U(+6),24.733668079646815,7.671107431009768,Na(+1),0.0027170505743817986,NO3(-1),0.0027170505743817986,3.1,97.15751259591089
synthetic_study_2,1,4,ferrihydrite,Fe10O14(OH)2,U(+6),25.267203338206517,10.216311113912818,Na(+1),0.04164299971444849,NO3(-1),0.04164299971444849,3.1,98.45980869584164
synthetic_study_1,102,5,ferrihydrite,Fe10O14(OH)2,U(+6),25.07706282389884,2.7482098916256925,Na(+1),0.034352853351589864,NO3(-1),0.034352853351589864,3.1,0.0
synthetic_study_0,99,6,ferrihydrite,Fe10O14(OH)2,U(+6),25.580452442148772,7.373600742166904,Na(+1),0.08444565814512774,NO3(-1),0.08444565814512774,3.1,96.40001554942822
synthetic_study_3,110,7,ferrihydrite,Fe10O14(OH)2,U(+6),25.012615779130655,9.831943202614923,Na(+1),0.015881117409737945,NO3(-1),0.015881117409737945,3.1,91.82016416611184
synthetic_study_3,64,8,ferrihydrite,Fe10O14(OH)2,U(+6),24.95553823905653,8.923329404236533,Na(+1),0.02175576588498279,NO3(-1),0.02175576588498279,3.1,103.84010240419384
synthetic_study_1,90,9,ferrihydrite,Fe10O14(OH)2,U(+6),24.748812073736307,6.312683622016918,Na(+1),0.01519788812377416,NO3(-1),0.01519788812377416,3.1,93.07097019136877
synthetic_study_0,127,10,ferrihydrite,Fe10O14(OH)2,U(+6),25.31207533505492,8.806395538675755,Na(+1),0.005720604160121352,NO3(-1),0.005720604160121352,3.1,97.07376598375345
synthetic_study_3,104,11,ferrihydrite,Fe10O14(OH)2,U(+6),24.651954639078063,5.304916675402501,Na(+1),0.008890246809628417,NO3(-1),0.008890246809628417,3.1,67.36201027480269
synthetic_study_2,124,12,ferrihydrite,Fe10O14(OH)2,U(+6),24.931623705310606,7.9669950893694885,Na(+1),0.0011222637975311614,NO3(-1),0.0011222637975311614,3.1,101.98762251916587
synthetic_study_2,110,13,ferrihydrite,Fe10O14(OH)2,U(+6),24.729973780187233,4.625115787658736,Na(+1),0.004968174566898005,NO3(-1),0.004968174566898005,3.1,42.81218156596853
synthetic_study_3,100,14,ferrihydrite,Fe10O14(OH)2,U(+6),24.36997008433709,9.835330768464212,Na(+1),0.08919811731510849,NO3(-1),0.08919811731510849,3.1,100.41833835046427
synthetic_study_0,62,15,ferrihydrite,Fe10O14(OH)2,U(+6),25.08571531612249,8.529283664710345,Na(+1),0.17165304828476063,NO3(-1),0.17165304828476063,3.1,93.1931668821452
synthetic_study_0,25,16,ferrihydrite,Fe10O14(OH)2,U(+6),25.133288135300553,7.700789407763891,Na(+1),0.001062946029476797,NO3(-1),0.001062946029476797,3.1,95.35400677531474
synthetic_study_1,112,17,ferrihydrite,Fe10O14(OH)2,U(+6),24.865425850539832,6.83793077705688,Na(+1),1.0895519837345569,NO3(-1),1.0895519837345569,3.1,90.58646383436496
synthetic_study_3,77,18,ferrihydrite,Fe10O14(OH)2,U(+6),25.336758913094855,7.324481103732266,Na(+1),0.003582717904725504,NO3(-1),0.003582717904725504,3.1,99.85108523216621
synthetic_study_1,130,19,ferrihydrite,Fe10O14(OH)2,U(+6),24.80526433782198,8.75948455622026,Na(+1),0.15204508734446745,NO3(-1),0.15204508734446745,3.1,107.95104193019144
synthetic_study_2,134,20,ferrihydrite,Fe10O14(OH)2,U(+6),25.529188420865026,9.858097062433789,Na(+1),0.0092164284890581,NO3(-1),0.0092164284890581,3.1,97.70299279611882
synthetic_study_2,6,21,ferrihydrite,Fe10O14(OH)2,U(+6),25.321118814623635,9.248009726122202,Na(+1),0.582411229033469,NO3(-1),0.582411229033469,3.1,102.24797927407062
synthetic_study_1,96,22,ferrihydrite,Fe10O14(OH)2,U(+6),24.81861613751626,9.534701280031932,Na(+1),0.009261461975315473,NO3(-1),0.009261461975315473,3.1,94.31276825508951
synthetic_study_0,83,23,ferrihydrite,Fe10O14(OH)2,U(+6),24.221334967035848,4.431218295078661,Na(+1),0.0018239605408559006,NO3(-1),0.0018239605408559006,3.1,36.74512841030054
synthetic_study_3,53,24,ferrihydrite,Fe10O14(OH)2,U(+6),24.912268180796282,9.19618428890863,Na(+1),0.05421779405755862,NO3(-1),0.05421779405755862,3.1,97.62107442331029
synthetic_study_1,6,25,ferrihydrite,Fe10O14(OH)2,U(+6),25.27606253059451,10.302519853907047,Na(+1),0.010390267545518195,NO3(-1),0.010390267545518195,3.1,96.56716502906151
synthetic_study_2,119,26,ferrihydrite,Fe10O14(OH)2,U(+6),25.355869328123966,4.029540235996321,Na(+1),0.001611957732901627,NO3(-1),0.001611957732901627,3.1,22.922399240452886
synthetic_study_2,49,27,ferrihydrite,Fe10O14(OH)2,U(+6),25.6490179262345,9.45644164190275,Na(+1),0.420508272014209,NO3(-1),0.420508272014209,3.1,100.70214837454772
synthetic_study_1,6,28,ferrihydrite,Fe10O14(OH)2,U(+6),25.17859638160821,7.211532730698937,Na(+1),0.3073939296298271,NO3(-1),0.3073939296298271,3.1,95.9898746039651
synthetic_study_3,0,29,ferrihydrite,Fe10O14(OH)2,U(+6),25.38227934325345,6.049554860515385,Na(+1),0.015121561834486714,NO3(-1),0.015121561834486714,3.1,88.9406227180026
synthetic_study_3,10,30,ferrihydrite,Fe10O14(OH)2,U(+6),24.946795450062037,7.892844176067478,Na(+1),0.004047833708020879,NO3(-1),0.004047833708020879,3.1,104.70945089392158
synthetic_study_0,16,31,ferrihydrite,Fe10O14(OH)2,U(+6),24.53183937492549,10.312875202350615,Na(+1),0.027652102061051228,NO3(-1),0.027652102061051228,3.1,100.88542178743853
synthetic_study_3,110,32,ferrihydrite,Fe10O14(OH)2,U(+6),24.915185178522215,5.001505188595106,Na(+1),0.34635406165181565,NO3(-1),0.34635406165181565,3.1,17.833057436998175
synthetic_study_2,80,33,ferrihydrite,Fe10O14(OH)2,U(+6),25.183898652843272,5.953153588749272,Na(+1),0.002254040444091027,NO3(-1),0.002254040444091027,3.1,97.03568909383725
synthetic_study_3,129,34,ferrihydrite,Fe10O14(OH)2,U(+6),24.935379728970094,4.360335660425277,Na(+1),0.014603589109601309,NO3(-1),0.014603589109601309,3.1,25.309647375112583
synthetic_study_0,97,35,ferrihydrite,Fe10O14(OH)2,U(+6),24.621355454568864,6.529499279555153,Na(+1),0.5122291607245691,NO3(-1),0.5122291607245691,3.1,82.33251290637271
synthetic_study_2,82,36,ferrihydrite,Fe10O14(OH)2,U(+6),25.08062007489258,5.574575067544731,Na(+1),0.17500716541038852,NO3(-1),0.17500716541038852,3.1,58.71740630744371
synthetic_study_1,86,37,ferrihydrite,Fe10O14(OH)2,U(+6),25.153816876912156,3.540004494364563,Na(+1),0.0018917067563279921,NO3(-1),0.0018917067563279921,3.1,13.791593806564869
synthetic_study_1,108,38,ferrihydrite,Fe10O14(OH)2,U(+6),24.925903683420252,7.597500428842998,Na(+1),0.7910661813207402,NO3(-1),0.7910661813207402,3.1,95.21317457789335
synthetic_study_2,33,39,ferrihydrite,Fe10O14(OH)2,U(+6),25.180120432172824,9.342235769898458,Na(+1),0.4426578119423969,NO3(-1),0.4426578119423969,3.1,98.59380438459459
synthetic_study_1,136,40,ferrihydrite,Fe10O14(OH)2,U(+6),24.909745539125538,7.456727788848395,Na(+1),0.002100744907499453,NO3(-1),0.002100744907499453,3.1,103.18420491919339
synthetic_study_2,43,41,ferrihydrite,Fe10O14(OH)2,U(+6),24.788177951350193,4.246260836885657,Na(+1),0.008818819758695872,NO3(-1),0.008818819758695872,3.1,16.066287711399358
synthetic_study_0,97,42,ferrihydrite,Fe10O14(OH)2,U(+6),25.331708472244706,2.838628716857519,Na(+1),0.021953543669098997,NO3(-1),0.021953543669098997,3.1,0.0
synthetic_study_2,45,43,ferrihydrite,Fe10O14(OH)2,U(+6),25.23668730958711,3.2435445008903336,Na(+1),0.48543392487307313,NO3(-1),0.48543392487307313,3.1,0.0
synthetic_study_3,40,44,ferrihydrite,Fe10O14(OH)2,U(+6),24.915968477512592,9.563737707217586,Na(+1),0.06128413394305041,NO3(-1),0.06128413394305041,3.1,93.97842633012614
synthetic_study_3,115,45,ferrihydrite,Fe10O14(OH)2,U(+6),25.048130239371034,4.02473296033963,Na(+1),0.025770959432253885,NO3(-1),0.025770959432253885,3.1,11.94644325377984
synthetic_study_3,128,46,ferrihydrite,Fe10O14(OH)2,U(+6),25.54204339628685,5.764066038835907,Na(+1),0.06089453809563122,NO3(-1),0.06089453809563122,3.1,84.36710393680175
synthetic_study_0,133,47,ferrihydrite,Fe10O14(OH)2,U(+6),25.32468162817841,9.41066850295471,Na(+1),0.009260880838003225,NO3(-1),0.009260880838003225,3.1,110.59050645389249
synthetic_study_2,66,48,ferrihydrite,Fe10O14(OH)2,U(+6),24.385498743701884,4.9950734419544425,Na(+1),0.0013012164630607707,NO3(-1),0.0013012164630607707,3.1,81.75979726941861
synthetic_study_0,42,49,ferrihydrite,Fe10O14(OH)2,U(+6),24.99369222429324,9.188181583101485,Na(+1),0.0033212515220819652,NO3(-1),0.0033212515220819652,3.1,99.4330963213304
synthetic_study_3,70,50,ferrihydrite,Fe10O14(OH)2,U(+6),24.837612798066544,5.656551589558186,Na(+1),1.069996109636068,NO3(-1),1.069996109636068,3.1,35.50704683170223
synthetic_study_3,55,51,ferrihydrite,Fe10O14(OH)2,U(+6),24.451864781079816,4.8820135309915536,Na(+1),0.07884704580136974,NO3(-1),0.07884704580136974,3.1,37.50577337338624
synthetic_study_3,73,52,ferrihydrite,Fe10O14(OH)2,U(+6),24.453580456181143,4.4186481930431265,Na(+1),0.030473714097257538,NO3(-1),0.030473714097257538,3.1,16.38726065343885
synthetic_study_1,8,53,ferrihydrite,Fe10O14(OH)2,U(+6),24.894064810665853,9.173142487707658,Na(+1),0.07323491508210635,NO3(-1),0.07323491508210635,3.1,106.75754487626793
synthetic_study_1,39,54,ferrihydrite,Fe10O14(OH)2,U(+6),24.633560849696767,2.642245807856596,Na(+1),0.05902614063312573,NO3(-1),0.05902614063312573,3.1,0.0
synthetic_study_2,90,55,ferrihydrite,Fe10O14(OH)2,U(+6),24.71693940262162,7.70631484383642,Na(+1),0.17905298939775488,NO3(-1),0.17905298939775488,3.1,98.50307010846862
synthetic_study_2,4,56,ferrihydrite,Fe10O14(OH)2,U(+6),25.199730883216585,10.147811504390509,Na(+1),0.1250294754456603,NO3(-1),0.1250294754456603,3.1,100.7714566153869
synthetic_study_0,118,57,ferrihydrite,Fe10O14(OH)2,U(+6),24.96720690191185,2.887461149143016,Na(+1),0.00630179171516828,NO3(-1),0.00630179171516828,3.1,3.0646789361767937
synthetic_study_1,59,58,ferrihydrite,Fe10O14(OH)2,U(+6),24.906215800858163,9.640765232755957,Na(+1),0.0012775378326611443,NO3(-1),0.0012775378326611443,3.1,101.54046723022022
synthetic_study_3,140,59,ferrihydrite,Fe10O14(OH)2,U(+6),25.198649831888048,6.85294180599166,Na(+1),0.009891660715735493,NO3(-1),0.009891660715735493,3.1,90.1012283928868
synthetic_study_0,79,60,ferrihydrite,Fe10O14(OH)2,U(+6),24.796202521832527,4.338688929953798,Na(+1),0.030216001604715402,NO3(-1),0.030216001604715402,3.1,20.50138883847923
synthetic_study_2,53,61,ferrihydrite,Fe10O14(OH)2,U(+6),25.018039976766314,3.6572677113100323,Na(+1),1.0385841848696893,NO3(-1),1.0385841848696893,3.1,0.5613727122865266
synthetic_study_1,16,62,ferrihydrite,Fe10O14(OH)2,U(+6),25.331017670232647,6.393609804727417,Na(+1),0.015512111570076864,NO3(-1),0.015512111570076864,3.1,96.1457372120317
synthetic_study_2,117,63,ferrihydrite,Fe10O14(OH)2,U(+6),25.150684827712386,8.366287999623104,Na(+1),0.002848358961528809,NO3(-1),0.002848358961528809,3.1,99.64127159601877
synthetic_study_3,73,64,ferrihydrite,Fe10O14(OH)2,U(+6),24.776411402838253,5.652953874496353,Na(+1),1.1501177278256134,NO3(-1),1.1501177278256134,3.1,39.57145768607592
synthetic_study_2,84,65,ferrihydrite,Fe10O14(OH)2,U(+6),24.765809099168088,4.666250203856834,Na(+1),0.002888733975365631,NO3(-1),0.002888733975365631,3.1,53.73429161310035
synthetic_study_0,15,66,ferrihydrite,Fe10O14(OH)2,U(+6),24.78966745117881,9.438124960076221,Na(+1),1.3390042047412931,NO3(-1),1.3390042047412931,3.1,102.08342852336717
synthetic_study_0,6,67,ferrihydrite,Fe10O14(OH)2,U(+6),24.848251253124563,6.270267740761512,Na(+1),0.009288512576856877,NO3(-1),0.009288512576856877,3.1,96.18970264135406
synthetic_study_0,129,68,ferrihydrite,Fe10O14(OH)2,U(+6),25.516180084213808,7.061962502907071,Na(+1),0.022298348783081758,NO3(-1),0.022298348783081758,3.1,99.27014468532197
synthetic_study_2,54,69,ferrihydrite,Fe10O14(OH)2,U(+6),25.401863604733148,4.822753073534083,Na(+1),0.0012133094543387742,NO3(-1),0.0012133094543387742,3.1,62.63473750846128
synthetic_study_0,105,70,ferrihydrite,Fe10O14(OH)2,U(+6),25.174766043418085,10.210562892235442,Na(+1),0.0010645170071913732,NO3(-1),0.0010645170071913732,3.1,100.35543992313144
synthetic_study_0,77,71,ferrihydrite,Fe10O14(OH)2,U(+6),25.188277549336355,7.804823925229808,Na(+1),0.008348853761137934,NO3(-1),0.008348853761137934,3.1,95.15579712190753
synthetic_study_1,79,72,ferrihydrite,Fe10O14(OH)2,U(+6),25.394303799585533,6.586039266311875,Na(+1),0.00505537148517898,NO3(-1),0.00505537148517898,3.1,100.97989674854992
synthetic_study_2,144,73,ferrihydrite,Fe10O14(OH)2,U(+6),25.124541175817136,5.145813350539123,Na(+1),0.219148702665982,NO3(-1),0.219148702665982,3.1,26.22695155249882
synthetic_study_2,3,74,ferrihydrite,Fe10O14(OH)2,U(+6),24.592752884069956,7.917424384954056,Na(+1),0.17468343036983405,NO3(-1),0.17468343036983405,3.1,96.55020167879378
synthetic_study_1,93,75,ferrihydrite,Fe10O14(OH)2,U(+6),25.236365116213488,9.571422146058165,Na(+1),0.29780169515131466,NO3(-1),0.29780169515131466,3.1,87.01126899322001
synthetic_study_2,66,76,ferrihydrite,Fe10O14(OH)2,U(+6),24.737343948663224,10.376496998778979,Na(+1),0.054914630667280626,NO3(-1),0.054914630667280626,3.1,94.82232165451242
synthetic_study_0,126,77,ferrihydrite,Fe10O14(OH)2,U(+6),25.21206386600478,8.563955957942696,Na(+1),0.2815635927425961,NO3(-1),0.2815635927425961,3.1,99.30423030095614
synthetic_study_3,125,78,ferrihydrite,Fe10O14(OH)2,U(+6),25.22384515871571,8.05774619726012,Na(+1),1.6659288564634989,NO3(-1),1.6659288564634989,3.1,96.53317690968865
synthetic_study_0,108,79,ferrihydrite,Fe10O14(OH)2,U(+6),25.433636991003723,7.910736090801292,Na(+1),0.0031530866927903154,NO3(-1),0.0031530866927903154,3.1,97.55376786971283
synthetic_study_2,64,80,ferrihydrite,Fe10O14(OH)2,U(+6),24.900311281518338,2.9592207495028893,Na(+1),0.23114763439236113,NO3(-1),0.23114763439236113,3.1,6.750392323713395
synthetic_study_3,125,81,ferrihydrite,Fe10O14(OH)2,U(+6),24.748164805560645,10.255730035429508,Na(+1),0.023873998473986552,NO3(-1),0.023873998473986552,3.1,99.60613638461004
synthetic_study_2,81,82,ferrihydrite,Fe10O14(OH)2,U(+6),25.08223491949914,8.798692171944216,Na(+1),0.003430616381174458,NO3(-1),0.003430616381174458,3.1,96.78828825776839
synthetic_study_0,12,83,ferrihydrite,Fe10O14(OH)2,U(+6),25.433101683407422,4.657726268645606,Na(+1),0.36299419841494235,NO3(-1),0.36299419841494235,3.1,10.656887518160556
synthetic_study_3,137,84,ferrihydrite,Fe10O14(OH)2,U(+6),24.442963372388586,4.818411632390645,Na(+1),1.5503996763113284,NO3(-1),1.5503996763113284,3.1,12.97479959681236
synthetic_study_1,80,85,ferrihydrite,Fe10O14(OH)2,U(+6),24.835192995731806,7.003453447814006,Na(+1),0.004212086691101647,NO3(-1),0.004212086691101647,3.1,97.04636186846437
synthetic_study_1,51,86,ferrihydrite,Fe10O14(OH)2,U(+6),25.193724924400758,3.788797023448913,Na(+1),0.9503132898052079,NO3(-1),0.9503132898052079,3.1,0.0
synthetic_study_1,29,87,ferrihydrite,Fe10O14(OH)2,U(+6),25.131783541315425,9.037841947047013,Na(+1),0.46184829721455645,NO3(-1),0.46184829721455645,3.1,102.30274973084215
synthetic_study_3,124,88,ferrihydrite,Fe10O14(OH)2,U(+6),25.070112728636218,5.487379507835799,Na(+1),1.1845230948214245,NO3(-1),1.1845230948214245,3.1,33.14897334483222
synthetic_study_1,104,89,ferrihydrite,Fe10O14(OH)2,U(+6),25.018850401813257,2.8506302649792197,Na(+1),0.05560716507092155,NO3(-1),0.05560716507092155,3.1,0.0
synthetic_study_2,73,90,ferrihydrite,Fe10O14(OH)2,U(+6),25.122940553354734,6.023197693654585,Na(+1),0.2037191225909803,NO3(-1),0.2037191225909803,3.1,77.03983974618353
synthetic_study_0,140,91,ferrihydrite,Fe10O14(OH)2,U(+6),24.852634301298743,2.702587307707102,Na(+1),0.686352647951509,NO3(-1),0.686352647951509,3.1,1.2936982974031384
synthetic_study_1,113,92,ferrihydrite,Fe10O14(OH)2,U(+6),25.144186661981298,3.3822825498242493,Na(+1),0.1254665706152576,NO3(-1),0.1254665706152576,3.1,1.8937485715648354
synthetic_study_2,36,93,ferrihydrite,Fe10O14(OH)2,U(+6),24.78483419611978,3.347695086447997,Na(+1),0.09237850792831817,NO3(-1),0.09237850792831817,3.1,5.466964416106823
synthetic_study_0,30,94,ferrihydrite,Fe10O14(OH)2,U(+6),25.036975917235885,9.586766336741807,Na(+1),0.0027753376910077997,NO3(-1),0.0027753376910077997,3.1,105.6902233475535
synthetic_study_1,6,95,ferrihydrite,Fe10O14(OH)2,U(+6),24.55987013401419,8.486229010871387,Na(+1),0.0689213945196245,NO3(-1),0.0689213945196245,3.1,103.12878666035739
synthetic_study_2,79,96,ferrihydrite,Fe10O14(OH)2,U(+6),24.696825681863423,4.055721462808899,Na(+1),0.525389964022145,NO3(-1),0.525389964022145,3.1,6.174245189900469
synthetic_study_0,95,97,ferrihydrite,Fe10O14(OH)2,U(+6),24.979796585482948,8.1560846547717,Na(+1),0.0017011974895375717,NO3(-1),0.0017011974895375717,3.1,98.88345086154912
synthetic_study_0,74,98,ferrihydrite,Fe10O14(OH)2,U(+6),24.902703964602278,10.203560016398391,Na(+1),0.001109615540619991,NO3(-1),0.001109615540619991,3.1,96.7754764716213
synthetic_study_2,98,99,ferrihydrite,Fe10O14(OH)2,U(+6),24.75390328372647,6.339818024644314,Na(+1),0.26162573834558567,NO3(-1),0.26162573834558567,3.1,89.68194140409429
synthetic_study_1,74,100,ferrihydrite,Fe10O14(OH)2,U(+6),25.042755221385697,8.173716502334042,Na(+1),0.008554581489334677,NO3(-1),0.008554581489334677,3.1,98.47633421751692
synthetic_study_1,24,101,ferrihydrite,Fe10O14(OH)2,U(+6),25.216679343345298,8.350661092025291,Na(+1),1.475236582256566,NO3(-1),1.475236582256566,3.1,98.24409844948535
synthetic_study_2,19,102,ferrihydrite,Fe10O14(OH)2,U(+6),24.7865740952241,8.110804136014762,Na(+1),0.034878673814275576,NO3(-1),0.034878673814275576,3.1,102.81086312259134
synthetic_study_1,59,103,ferrihydrite,Fe10O14(OH)2,U(+6),25.278654465984086,2.920770067734977,Na(+1),0.05991335144063993,NO3(-1),0.05991335144063993,3.1,4.486796749911356
synthetic_study_1,95,104,ferrihydrite,Fe10O14(OH)2,U(+6),25.11040271665473,10.206029817237162,Na(+1),0.06944307797475793,NO3(-1),0.06944307797475793,3.1,101.31144532642693
synthetic_study_0,71,105,ferrihydrite,Fe10O14(OH)2,U(+6),25.39279194322136,5.574541839402107,Na(+1),0.15113403836322697,NO3(-1),0.15113403836322697,3.1,59.940408042787624
synthetic_study_0,119,106,ferrihydrite,Fe10O14(OH)2,U(+6),25.04865346038931,6.221549607093525,Na(+1),0.037366927721246626,NO3(-1),0.037366927721246626,3.1,92.04512625919088
synthetic_study_2,4,107,ferrihydrite,Fe10O14(OH)2,U(+6),24.84589349408128,2.56247744318956,Na(+1),0.08217902767728116,NO3(-1),0.08217902767728116,3.1,0.5148985243362253
synthetic_study_1,149,108,ferrihydrite,Fe10O14(OH)2,U(+6),25.153354373998038,4.62468681230693,Na(+1),0.08694092601909906,NO3(-1),0.08694092601909906,3.1,21.003962450507746
synthetic_study_3,145,109,ferrihydrite,Fe10O14(OH)2,U(+6),25.096883470919057,9.315953609727664,Na(+1),0.06439049381060505,NO3(-1),0.06439049381060505,3.1,104.8182036749627
synthetic_study_2,127,110,ferrihydrite,Fe10O14(OH)2,U(+6),24.653731631144815,9.458145887378016,Na(+1),0.007899121639686063,NO3(-1),0.007899121639686063,3.1,102.72943167402943
synthetic_study_1,16,111,ferrihydrite,Fe10O14(OH)2,U(+6),24.796068510816376,6.218964487527901,Na(+1),0.4604386694462812,NO3(-1),0.4604386694462812,3.1,78.40314166250671
synthetic_study_0,21,112,ferrihydrite,Fe10O14(OH)2,U(+6),25.208621334157893,9.747345125345394,Na(+1),0.0011309697016279093,NO3(-1),0.0011309697016279093,3.1,94.48424190652374
synthetic_study_2,4,113,ferrihydrite,Fe10O14(OH)2,U(+6),24.55314498271049,6.790680166450483,Na(+1),0.19178152501180704,NO3(-1),0.19178152501180704,3.1,93.36033965449789
synthetic_study_2,114,114,ferrihydrite,Fe10O14(OH)2,U(+6),24.511864775690082,10.13171784143691,Na(+1),0.0028212567897383358,NO3(-1),0.0028212567897383358,3.1,101.99931096237049
synthetic_study_0,28,115,ferrihydrite,Fe10O14(OH)2,U(+6),25.38365531798269,4.4780404778957825,Na(+1),0.48915945439241226,NO3(-1),0.48915945439241226,3.1,2.448318402327688
synthetic_study_1,132,116,ferrihydrite,Fe10O14(OH)2,U(+6),24.65907826019892,4.910163280849925,Na(+1),0.9665396044729921,NO3(-1),0.9665396044729921,3.1,17.62306877017823
synthetic_study_0,72,117,ferrihydrite,Fe10O14(OH)2,U(+6),24.894213029407876,4.5820618304090965,Na(+1),0.013868832867122928,NO3(-1),0.013868832867122928,3.1,31.593419525993884
synthetic_study_1,141,118,ferrihydrite,Fe10O14(OH)2,U(+6),24.88454586472181,4.28036173836482,Na(+1),0.14561813429063278,NO3(-1),0.14561813429063278,3.1,10.428301299828295
synthetic_study_3,88,119,ferrihydrite,Fe10O14(OH)2,U(+6),24.948005074142607,8.24656871104147,Na(+1),0.3235991081893751,NO3(-1),0.3235991081893751,3.1,97.37993675718786
synthetic_study_1,102,120,ferrihydrite,Fe10O14(OH)2,U(+6),24.5384851981077,6.910017937106663,Na(+1),0.002226347448421704,NO3(-1),0.002226347448421704,3.1,91.4072192947772
synthetic_study_3,122,121,ferrihydrite,Fe10O14(OH)2,U(+6),24.691706333964483,7.097964661542128,Na(+1),0.2579868256067461,NO3(-1),0.2579868256067461,3.1,92.33968237573734
synthetic_study_1,99,122,ferrihydrite,Fe10O14(OH)2,U(+6),25.23364569554604,4.701772511958815,Na(+1),0.024324920289311186,NO3(-1),0.024324920289311186,3.1,33.90938672520537
synthetic_study_2,29,123,ferrihydrite,Fe10O14(OH)2,U(+6),24.963447320958547,9.16027590860264,Na(+1),0.012853247770342432,NO3(-1),0.012853247770342432,3.1,94.6510061344859
synthetic_study_2,70,124,ferrihydrite,Fe10O14(OH)2,U(+6),24.696792253113028,7.8558471911419545,Na(+1),0.22837938029342783,NO3(-1),0.22837938029342783,3.1,101.55490441073464
synthetic_study_0,127,125,ferrihydrite,Fe10O14(OH)2,U(+6),24.982034201954335,4.699367185590625,Na(+1),0.003757221406178244,NO3(-1),0.003757221406178244,3.1,47.35472917347272
synthetic_study_3,42,126,ferrihydrite,Fe10O14(OH)2,U(+6),24.975156979142767,4.081068164063307,Na(+1),0.0033899854350758402,NO3(-1),0.0033899854350758402,3.1,20.21545055783938
synthetic_study_0,107,127,ferrihydrite,Fe10O14(OH)2,U(+6),25.27696032351123,2.6635508006575748,Na(+1),0.002858062375603646,NO3(-1),0.002858062375603646,3.1,2.67382881071826
synthetic_study_2,89,128,ferrihydrite,Fe10O14(OH)2,U(+6),25.07979049182283,5.7977724275792895,Na(+1),0.15371166455753332,NO3(-1),0.15371166455753332,3.1,71.59089993489263
synthetic_study_2,66,129,ferrihydrite,Fe10O14(OH)2,U(+6),24.980673393225572,9.103932839119075,Na(+1),0.033344580473527174,NO3(-1),0.033344580473527174,3.1,100.24004821410509
synthetic_study_3,47,130,ferrihydrite,Fe10O14(OH)2,U(+6),24.799204573926335,3.122618352939643,Na(+1),1.1366870894827992,NO3(-1),1.1366870894827992,3.1,3.895403421124463
synthetic_study_2,107,131,ferrihydrite,Fe10O14(OH)2,U(+6),25.18851131425795,4.903089433918799,Na(+1),0.0017814088033620966,NO3(-1),0.0017814088033620966,3.1,60.57901810520982
synthetic_study_0,25,132,ferrihydrite,Fe10O14(OH)2,U(+6),25.01372063898838,9.60361861175806,Na(+1),0.028797501091786547,NO3(-1),0.028797501091786547,3.1,106.5296008260592
synthetic_study_1,109,133,ferrihydrite,Fe10O14(OH)2,U(+6),25.212092758394558,9.684274783942667,Na(+1),0.0027338781043837273,NO3(-1),0.0027338781043837273,3.1,100.73832847646518
synthetic_study_3,146,134,ferrihydrite,Fe10O14(OH)2,U(+6),24.84302306856146,5.0259702735437415,Na(+1),0.5331692643646744,NO3(-1),0.5331692643646744,3.1,26.59592678319686
synthetic_study_0,146,135,ferrihydrite,Fe10O14(OH)2,U(+6),25.211441047289576,8.888138931594401,Na(+1),0.012385516969096661,NO3(-1),0.012385516969096661,3.1,103.46254622813672
synthetic_study_1,74,136,ferrihydrite,Fe10O14(OH)2,U(+6),25.425438220015387,8.507598140070709,Na(+1),0.0037061103335058318,NO3(-1),0.0037061103335058318,3.1,99.3954867814775
synthetic_study_3,134,137,ferrihydrite,Fe10O14(OH)2,U(+6),24.97133113304354,10.327629183054952,Na(+1),0.08533319213868631,NO3(-1),0.08533319213868631,3.1,106.74923043495907
synthetic_study_1,115,138,ferrihydrite,Fe10O14(OH)2,U(+6),24.636904336922242,5.98609991130554,Na(+1),0.0012093085755516817,NO3(-1),0.0012093085755516817,3.1,92.77199341021988
synthetic_study_1,108,139,ferrihydrite,Fe10O14(OH)2,U(+6),25.29682425979096,5.592291736038738,Na(+1),0.9549969642856388,NO3(-1),0.9549969642856388,3.1,42.579574992013164
synthetic_study_3,71,140,ferrihydrite,Fe10O14(OH)2,U(+6),25.00505427223001,3.9318353926988268,Na(+1),0.3388628684197869,NO3(-1),0.3388628684197869,3.1,12.082749436790586
synthetic_study_2,56,141,ferrihydrite,Fe10O14(OH)2,U(+6),24.845028736838294,9.062852509587472,Na(+1),0.052952834458423484,NO3(-1),0.052952834458423484,3.1,94.26491125585073
synthetic_study_1,27,142,ferrihydrite,Fe10O14(OH)2,U(+6),24.999931154355643,4.78943597237081,Na(+1),0.01697206464098488,NO3(-1),0.01697206464098488,3.1,39.67431553689924
synthetic_study_0,57,143,ferrihydrite,Fe10O14(OH)2,U(+6),24.80436215571511,8.906899558968412,Na(+1),0.004425277926068269,NO3(-1),0.004425277926068269,3.1,106.99359687350868
synthetic_study_0,82,144,ferrihydrite,Fe10O14(OH)2,U(+6),24.149344988757477,6.31494804397605,Na(+1),1.4694293754298997,NO3(-1),1.4694293754298997,3.1,78.94899754480569
synthetic_study_1,107,145,ferrihydrite,Fe10O14(OH)2,U(+6),25.57952186371227,7.322346039980003,Na(+1),0.09697781954946973,NO3(-1),0.09697781954946973,3.1,92.14737786953032
synthetic_study_1,84,146,ferrihydrite,Fe10O14(OH)2,U(+6),25.57887357028491,9.9524743661535,Na(+1),1.4410074438201868,NO3(-1),1.4410074438201868,3.1,98.55783116942656
synthetic_study_3,117,147,ferrihydrite,Fe10O14(OH)2,U(+6),25.437196832546388,6.875947098013098,Na(+1),0.0011937502469202296,NO3(-1),0.0011937502469202296,3.1,99.50270703886588
synthetic_study_0,2,148,ferrihydrite,Fe10O14(OH)2,U(+6),25.239605359571545,7.621477869361901,Na(+1),0.03542143368127632,NO3(-1),0.03542143368127632,3.1,97.31222458013639
synthetic_study_3,33,149,ferrihydrite,Fe10O14(OH)2,U(+6),25.020076699022013,7.064706935495351,Na(+1),0.003032112331465699,NO3(-1),0.003032112331465699,3.1,95.16086143579562
synthetic_study_2,127,150,ferrihydrite,Fe10O14(OH)2,U(+6),25.25913792848289,6.594810534775157,Na(+1),0.030766131436187585,NO3(-1),0.030766131436187585,3.1,98.70229490737908
synthetic_study_2,138,151,ferrihydrite,Fe10O14(OH)2,U(+6),24.996498257209286,6.945809584033391,Na(+1),0.005542889821570646,NO3(-1),0.005542889821570646,3.1,104.6285770099233
synthetic_study_0,9,152,ferrihydrite,Fe10O14(OH)2,U(+6),25.14855702523042,6.407870461770704,Na(+1),0.03296590015523271,NO3(-1),0.03296590015523271,3.1,90.94409618873793
synthetic_study_3,21,153,ferrihydrite,Fe10O14(OH)2,U(+6),24.96860040665818,6.301958079874252,Na(+1),1.2887510917368403,NO3(-1),1.2887510917368403,3.1,74.12221941344738
synthetic_study_2,98,154,ferrihydrite,Fe10O14(OH)2,U(+6),24.53252407260072,8.205505117363113,Na(+1),0.010632086075196636,NO3(-1),0.010632086075196636,3.1,103.87643042570804
synthetic_study_3,62,155,ferrihydrite,Fe10O14(OH)2,U(+6),24.959293793093607,3.2512054667147723,Na(+1),0.011031439279026571,NO3(-1),0.011031439279026571,3.1,8.141861179442042
synthetic_study_0,135,156,ferrihydrite,Fe10O14(OH)2,U(+6),24.038660481601863,3.0907101987637384,Na(+1),0.011181997925256822,NO3(-1),0.011181997925256822,3.1,1.1001736974043363
synthetic_study_0,97,157,ferrihydrite,Fe10O14(OH)2,U(+6),25.498951806863758,7.201630885015255,Na(+1),0.03553049731238132,NO3(-1),0.03553049731238132,3.1,95.61225787575823
synthetic_study_1,122,158,ferrihydrite,Fe10O14(OH)2,U(+6),25.300635162497194,7.783339055756653,Na(+1),0.37503635671327124,NO3(-1),0.37503635671327124,3.1,97.4484116434549
synthetic_study_2,44,159,ferrihydrite,Fe10O14(OH)2,U(+6),25.02203776762178,6.946201375002383,Na(+1),0.06795807591520496,NO3(-1),0.06795807591520496,3.1,103.56977465574549
synthetic_study_0,148,160,ferrihydrite,Fe10O14(OH)2,U(+6),24.57862523750968,6.784871257558809,Na(+1),0.017035670921573633,NO3(-1),0.017035670921573633,3.1,96.84993895284263
synthetic_study_3,74,161,ferrihydrite,Fe10O14(OH)2,U(+6),25.038444646502906,6.127986558906234,Na(+1),0.02010286390435702,NO3(-1),0.02010286390435702,3.1,86.78497731878323
synthetic_study_0,45,162,ferrihydrite,Fe10O14(OH)2,U(+6),24.80120059176054,5.045302816187538,Na(+1),0.0010815315731185857,NO3(-1),0.0010815315731185857,3.1,71.55868064968269
synthetic_study_0,63,163,ferrihydrite,Fe10O14(OH)2,U(+6),24.778253767980992,9.296774781750607,Na(+1),0.01878295669053497,NO3(-1),0.01878295669053497,3.1,102.49359377857184
synthetic_study_3,124,164,ferrihydrite,Fe10O14(OH)2,U(+6),24.313645612040037,10.340559263772008,Na(+1),0.24929415538603336,NO3(-1),0.24929415538603336,3.1,101.7283576136235
synthetic_study_1,76,165,ferrihydrite,Fe10O14(OH)2,U(+6),25.359421361186175,10.091026671206844,Na(+1),0.059215212312656834,NO3(-1),0.059215212312656834,3.1,96.54697309859598
synthetic_study_1,142,166,ferrihydrite,Fe10O14(OH)2,U(+6),24.960463212442484,5.933136739279875,Na(+1),0.03853570101747578,NO3(-1),0.03853570101747578,3.1,84.65004482325598
synthetic_study_1,71,167,ferrihydrite,Fe10O14(OH)2,U(+6),25.07110496005241,3.622275107380702,Na(+1),0.009370141292547905,NO3(-1),0.009370141292547905,3.1,4.705275878545992
synthetic_study_0,82,168,ferrihydrite,Fe10O14(OH)2,U(+6),24.964889807193227,5.536722010275591,Na(+1),0.6121594407154465,NO3(-1),0.6121594407154465,3.1,39.861509956521864
synthetic_study_3,118,169,ferrihydrite,Fe10O14(OH)2,U(+6),25.00393843951913,5.646597630278068,Na(+1),1.587070065693912,NO3(-1),1.587070065693912,3.1,37.26899311365692
synthetic_study_2,22,170,ferrihydrite,Fe10O14(OH)2,U(+6),25.25641417482948,10.390452262635119,Na(+1),0.05210454969193881,NO3(-1),0.05210454969193881,3.1,93.53219266309796
synthetic_study_1,91,171,ferrihydrite,Fe10O14(OH)2,U(+6),25.259324832459832,3.89111453162018,Na(+1),0.1944040872413021,NO3(-1),0.1944040872413021,3.1,1.32182578824448
synthetic_study_2,75,172,ferrihydrite,Fe10O14(OH)2,U(+6),24.48262464401715,7.6950484779501656,Na(+1),1.0422455670162951,NO3(-1),1.0422455670162951,3.1,92.3629487996983
synthetic_study_0,132,173,ferrihydrite,Fe10O14(OH)2,U(+6),25.180863527066872,9.18819627611161,Na(+1),0.0011654034980834833,NO3(-1),0.0011654034980834833,3.1,100.7631025162601
synthetic_study_3,62,174,ferrihydrite,Fe10O14(OH)2,U(+6),25.119631117022486,4.372160302822705,Na(+1),0.00248878651674936,NO3(-1),0.00248878651674936,3.1,42.406746134703624
synthetic_study_3,133,175,ferrihydrite,Fe10O14(OH)2,U(+6),24.71147981446823,8.947543121094064,Na(+1),0.24820775476764556,NO3(-1),0.24820775476764556,3.1,106.36585422222373
synthetic_study_0,114,176,ferrihydrite,Fe10O14(OH)2,U(+6),24.83008477099481,9.576578254515447,Na(+1),0.00943113258788338,NO3(-1),0.00943113258788338,3.1,104.47020465660366
synthetic_study_1,120,177,ferrihydrite,Fe10O14(OH)2,U(+6),24.984109371714425,7.92953604048201,Na(+1),0.010842385153346202,NO3(-1),0.010842385153346202,3.1,105.04332825900624
synthetic_study_3,46,178,ferrihydrite,Fe10O14(OH)2,U(+6),25.214939549390174,3.8656413379337007,Na(+1),0.14688432431346127,NO3(-1),0.14688432431346127,3.1,3.3906510139425006
synthetic_study_0,34,179,ferrihydrite,Fe10O14(OH)2,U(+6),25.043007901124916,7.275534744497832,Na(+1),0.5543404762140914,NO3(-1),0.5543404762140914,3.1,99.86522488643818
synthetic_study_2,15,180,ferrihydrite,Fe10O14(OH)2,U(+6),25.667873882314172,6.259976172677653,Na(+1),0.006236036586931359,NO3(-1),0.006236036586931359,3.1,100.1204400837039
synthetic_study_3,118,181,ferrihydrite,Fe10O14(OH)2,U(+6),24.74546400169688,4.149964453133613,Na(+1),0.1523895079059956,NO3(-1),0.1523895079059956,3.1,0.0
synthetic_study_0,136,182,ferrihydrite,Fe10O14(OH)2,U(+6),25.114141637333706,7.172860915012261,Na(+1),0.46615126920378813,NO3(-1),0.46615126920378813,3.1,93.239067619695
synthetic_study_2,81,183,ferrihydrite,Fe10O14(OH)2,U(+6),25.185903071031834,4.365029044837939,Na(+1),0.04488254003680997,NO3(-1),0.04488254003680997,3.1,16.2110557679208
synthetic_study_2,141,184,ferrihydrite,Fe10O14(OH)2,U(+6),25.207224213223526,2.5301455218347924,Na(+1),0.07778592232935974,NO3(-1),0.07778592232935974,3.1,11.56472568789914
synthetic_study_3,139,185,ferrihydrite,Fe10O14(OH)2,U(+6),25.39909210107291,8.0258886859972,Na(+1),0.07852435824635239,NO3(-1),0.07852435824635239,3.1,101.31856278057832
synthetic_study_3,16,186,ferrihydrite,Fe10O14(OH)2,U(+6),24.52854217456104,2.9052475292287143,Na(+1),0.02007408974708982,NO3(-1),0.02007408974708982,3.1,0.0
synthetic_study_1,39,187,ferrihydrite,Fe10O14(OH)2,U(+6),25.67779734650046,5.030493675853025,Na(+1),0.11990479632250348,NO3(-1),0.11990479632250348,3.1,29.911532420602395
synthetic_study_2,24,188,ferrihydrite,Fe10O14(OH)2,U(+6),24.560637766379255,7.97342047894789,Na(+1),0.0037089715448867903,NO3(-1),0.0037089715448867903,3.1,105.08134553140697
synthetic_study_1,104,189,ferrihydrite,Fe10O14(OH)2,U(+6),24.53206786502149,5.162476078933041,Na(+1),0.44942821515378206,NO3(-1),0.44942821515378206,3.1,30.628254151185406
synthetic_study_1,135,190,ferrihydrite,Fe10O14(OH)2,U(+6),25.045917014214428,5.210309458384949,Na(+1),0.14967074381841156,NO3(-1),0.14967074381841156,3.1,41.83596459259403
synthetic_study_1,42,191,ferrihydrite,Fe10O14(OH)2,U(+6),24.895942947267773,9.647196731821978,Na(+1),0.0012742479062345718,NO3(-1),0.0012742479062345718,3.1,102.68319028711575
synthetic_study_2,111,192,ferrihydrite,Fe10O14(OH)2,U(+6),25.537990935456786,3.78787490882526,Na(+1),0.07520961678232105,NO3(-1),0.07520961678232105,3.1,9.055323347641826
synthetic_study_2,114,193,ferrihydrite,Fe10O14(OH)2,U(+6),24.65342331855783,8.777968950688486,Na(+1),0.29615277156952896,NO3(-1),0.29615277156952896,3.1,95.02817149133273
synthetic_study_0,116,194,ferrihydrite,Fe10O14(OH)2,U(+6),25.28479621134664,3.431263203473634,Na(+1),0.013357136612792418,NO3(-1),0.013357136612792418,3.1,3.3177493043991078
synthetic_study_3,29,195,ferrihydrite,Fe10O14(OH)2,U(+6),25.11526544902293,4.710669258351787,Na(+1),0.13228854956717734,NO3(-1),0.13228854956717734,3.1,14.695314979208352
synthetic_study_1,62,196,ferrihydrite,Fe10O14(OH)2,U(+6),25.169624273003308,4.847899073659176,Na(+1),0.027795362464567364,NO3(-1),0.027795362464567364,3.1,37.22330698485278
synthetic_study_1,63,197,ferrihydrite,Fe10O14(OH)2,U(+6),24.59550335656067,3.839308787600614,Na(+1),0.0036941952728065425,NO3(-1),0.0036941952728065425,3.1,5.753590931591075
synthetic_study_0,40,198,ferrihydrite,Fe10O14(OH)2,U(+6),24.826225441882862,10.381438099334012,Na(+1),0.06977848028934519,NO3(-1),0.06977848028934519,3.1,103.16554949704991
synthetic_study_0,71,199,ferrihydrite,Fe10O14(OH)2,U(+6),24.562555753392285,6.350874311919527,Na(+1),0.0018531090667693304,NO3(-1),0.0018531090667693304,3.1,98.50915524334448
synthetic_study_0,147,200,ferrihydrite,Fe10O14(OH)2,U(+6),24.499025269567134,6.936876895750366,Na(+1),0.3337176358927449,NO3(-1),0.3337176358927449,3.1,98.62299279233311
synthetic_study_1,20,201,ferrihydrite,Fe10O14(OH)2,U(+6),25.079454362102574,3.8776316841670457,Na(+1),0.004183105618556503,NO3(-1),0.004183105618556503,3.1,27.050927887667644
synthetic_study_3,78,202,ferrihydrite,Fe10O14(OH)2,U(+6),25.223400473157522,5.466330861941728,Na(+1),0.1035613743398777,NO3(-1),0.1035613743398777,3.1,56.6488769691924
synthetic_study_3,149,203,ferrihydrite,Fe10O14(OH)2,U(+6),24.909075802461437,5.132744340094983,Na(+1),0.014975138227848532,NO3(-1),0.014975138227848532,3.1,54.03399485493454
synthetic_study_1,76,204,ferrihydrite,Fe10O14(OH)2,U(+6),24.53001722900776,2.992078635545255,Na(+1),0.08444208434006996,NO3(-1),0.08444208434006996,3.1,1.8998399157093533
synthetic_study_2,79,205,ferrihydrite,Fe10O14(OH)2,U(+6),24.7940349130739,8.546704512459652,Na(+1),0.01459855520266337,NO3(-1),0.01459855520266337,3.1,104.78746965693637
synthetic_study_3,116,206,ferrihydrite,Fe10O14(OH)2,U(+6),25.33839001479282,5.698745026970232,Na(+1),0.006762545265899648,NO3(-1),0.006762545265899648,3.1,88.05919897068316
synthetic_study_1,14,207,ferrihydrite,Fe10O14(OH)2,U(+6),25.04208706351245,6.035836586365792,Na(+1),0.0015500075289213197,NO3(-1),0.0015500075289213197,3.1,96.3485021128219
synthetic_study_0,90,208,ferrihydrite,Fe10O14(OH)2,U(+6),25.168133065101735,10.288568354431582,Na(+1),0.007401240944182131,NO3(-1),0.007401240944182131,3.1,91.3438808373563
synthetic_study_1,8,209,ferrihydrite,Fe10O14(OH)2,U(+6),24.960859717013143,3.706972581338489,Na(+1),0.0030740201729412982,NO3(-1),0.0030740201729412982,3.1,16.186006652900566
synthetic_study_3,135,210,ferrihydrite,Fe10O14(OH)2,U(+6),25.353414376787413,9.179463235340725,Na(+1),0.040378669293861434,NO3(-1),0.040378669293861434,3.1,96.82347800885263
synthetic_study_1,111,211,ferrihydrite,Fe10O14(OH)2,U(+6),25.082575681411026,4.738918282723813,Na(+1),0.0011093892122753044,NO3(-1),0.0011093892122753044,3.1,56.91609279274144
synthetic_study_1,28,212,ferrihydrite,Fe10O14(OH)2,U(+6),24.80852312265269,4.2812957183095115,Na(+1),0.036861102804396265,NO3(-1),0.036861102804396265,3.1,16.024173709141913
synthetic_study_1,51,213,ferrihydrite,Fe10O14(OH)2,U(+6),25.40598853343362,3.293501909968241,Na(+1),0.20042181811335016,NO3(-1),0.20042181811335016,3.1,5.531731790293607
synthetic_study_2,73,214,ferrihydrite,Fe10O14(OH)2,U(+6),25.213776783855014,9.257936252362,Na(+1),1.3363254223649617,NO3(-1),1.3363254223649617,3.1,97.11036467201306
synthetic_study_0,3,215,ferrihydrite,Fe10O14(OH)2,U(+6),25.372877550179357,2.868159613803936,Na(+1),0.0015758296676086556,NO3(-1),0.0015758296676086556,3.1,0.753437742200862
synthetic_study_0,109,216,ferrihydrite,Fe10O14(OH)2,U(+6),24.767149476731763,2.6676551726849134,Na(+1),0.0022465023967251974,NO3(-1),0.0022465023967251974,3.1,0.0
synthetic_study_2,98,217,ferrihydrite,Fe10O14(OH)2,U(+6),24.80221098613472,8.958929519630846,Na(+1),0.059409410541371103,NO3(-1),0.059409410541371103,3.1,102.46690410845427
synthetic_study_3,30,218,ferrihydrite,Fe10O14(OH)2,U(+6),24.985633526686062,9.90378972897221,Na(+1),0.001885351123168215,NO3(-1),0.001885351123168215,3.1,94.31827732311241
synthetic_study_1,101,219,ferrihydrite,Fe10O14(OH)2,U(+6),24.842612011355467,6.302503861422044,Na(+1),0.03544914591968395,NO3(-1),0.03544914591968395,3.1,86.21794195030313
synthetic_study_3,26,220,ferrihydrite,Fe10O14(OH)2,U(+6),24.79634023141772,5.337105143763112,Na(+1),1.700618051835346,NO3(-1),1.700618051835346,3.1,20.83668747974122
synthetic_study_2,82,221,ferrihydrite,Fe10O14(OH)2,U(+6),25.14650245970744,8.10430957042039,Na(+1),0.03641990907428996,NO3(-1),0.03641990907428996,3.1,101.11264190657238
synthetic_study_3,11,222,ferrihydrite,Fe10O14(OH)2,U(+6),25.04620052982732,3.822027280569662,Na(+1),0.02799452958519906,NO3(-1),0.02799452958519906,3.1,12.686216213995808
synthetic_study_1,60,223,ferrihydrite,Fe10O14(OH)2,U(+6),24.997691919759813,2.8758025241142837,Na(+1),0.007218044391567389,NO3(-1),0.007218044391567389,3.1,0.0
synthetic_study_3,100,224,ferrihydrite,Fe10O14(OH)2,U(+6),24.758457731642025,8.655509021644772,Na(+1),1.9402855213548524,NO3(-1),1.9402855213548524,3.1,95.75206097315946
synthetic_study_3,101,225,ferrihydrite,Fe10O14(OH)2,U(+6),25.1966957515562,9.990148907779535,Na(+1),0.002401736703937995,NO3(-1),0.002401736703937995,3.1,98.6068205264241
synthetic_study_1,6,226,ferrihydrite,Fe10O14(OH)2,U(+6),25.236175745085575,7.73952120711121,Na(+1),0.3380032040490905,NO3(-1),0.3380032040490905,3.1,99.87864483383159
synthetic_study_3,31,227,ferrihydrite,Fe10O14(OH)2,U(+6),24.5769282327813,9.722222481767751,Na(+1),1.6915212221066995,NO3(-1),1.6915212221066995,3.1,103.192339689775
synthetic_study_3,33,228,ferrihydrite,Fe10O14(OH)2,U(+6),24.841644336893513,10.09904792064999,Na(+1),0.007145895323384695,NO3(-1),0.007145895323384695,3.1,101.07849937605795
synthetic_study_1,119,229,ferrihydrite,Fe10O14(OH)2,U(+6),25.134457851358913,5.069675885618732,Na(+1),0.22640896152002538,NO3(-1),0.22640896152002538,3.1,23.64515411558442
synthetic_study_2,73,230,ferrihydrite,Fe10O14(OH)2,U(+6),25.315921391191225,7.180922744791823,Na(+1),0.17148037376448225,NO3(-1),0.17148037376448225,3.1,91.91797424121651
synthetic_study_1,13,231,ferrihydrite,Fe10O14(OH)2,U(+6),25.09411862614761,5.924396723279436,Na(+1),0.0016779654110804904,NO3(-1),0.0016779654110804904,3.1,90.50355188283775
synthetic_study_3,102,232,ferrihydrite,Fe10O14(OH)2,U(+6),25.874264584258928,8.33080598203614,Na(+1),0.0024162855888055484,NO3(-1),0.0024162855888055484,3.1,99.63088315796797
synthetic_study_0,43,233,ferrihydrite,Fe10O14(OH)2,U(+6),24.582939404836015,2.893229679595943,Na(+1),0.001231496306654133,NO3(-1),0.001231496306654133,3.1,5.83490230570941
synthetic_study_3,44,234,ferrihydrite,Fe10O14(OH)2,U(+6),24.902933363752723,9.171843609752187,Na(+1),0.0064191101329512095,NO3(-1),0.0064191101329512095,3.1,105.44557437189347
synthetic_study_1,72,235,ferrihydrite,Fe10O14(OH)2,U(+6),24.602372927894784,8.463894176377387,Na(+1),0.1680139558372561,NO3(-1),0.1680139558372561,3.1,98.58204135575889
synthetic_study_3,85,236,ferrihydrite,Fe10O14(OH)2,U(+6),24.810727715286493,7.804620014210719,Na(+1),1.3285480942093535,NO3(-1),1.3285480942093535,3.1,99.53229374314922
synthetic_study_0,18,237,ferrihydrite,Fe10O14(OH)2,U(+6),24.42558169075899,8.968461896166831,Na(+1),0.001273773736585051,NO3(-1),0.001273773736585051,3.1,104.19569571409004
synthetic_study_2,123,238,ferrihydrite,Fe10O14(OH)2,U(+6),24.777586448284406,7.586928692230017,Na(+1),0.023496789834791552,NO3(-1),0.023496789834791552,3.1,94.2849806201435
synthetic_study_2,105,239,ferrihydrite,Fe10O14(OH)2,U(+6),24.738161520864164,9.443951601220586,Na(+1),0.38442556550986723,NO3(-1),0.38442556550986723,3.1,97.61956634819754
synthetic_study_2,25,240,ferrihydrite,Fe10O14(OH)2,U(+6),25.334036979160278,2.880697415033617,Na(+1),0.01769630513600023,NO3(-1),0.01769630513600023,3.1,3.629929783074326
synthetic_study_0,124,241,ferrihydrite,Fe10O14(OH)2,U(+6),24.7262713665412,6.510696604265076,Na(+1),0.060059611323479485,NO3(-1),0.060059611323479485,3.1,92.59980434575998
synthetic_study_2,103,242,ferrihydrite,Fe10O14(OH)2,U(+6),25.197192563159014,3.3872029185697254,Na(+1),0.005711022322800874,NO3(-1),0.005711022322800874,3.1,0.0
synthetic_study_0,133,243,ferrihydrite,Fe10O14(OH)2,U(+6),24.985345834321073,7.453256880253733,Na(+1),0.5903516018824522,NO3(-1),0.5903516018824522,3.1,91.39950003496305
synthetic_study_3,120,244,ferrihydrite,Fe10O14(OH)2,U(+6),24.885650428255786,9.539642929112222,Na(+1),0.004011583406613807,NO3(-1),0.004011583406613807,3.1,98.96203736579375
synthetic_study_3,13,245,ferrihydrite,Fe10O14(OH)2,U(+6),24.427514818788755,3.314871931907926,Na(+1),0.03801363835923365,NO3(-1),0.03801363835923365,3.1,1.8620495199291913
synthetic_study_0,7,246,ferrihydrite,Fe10O14(OH)2,U(+6),24.68267902931396,2.553720159043249,Na(+1),0.00459089956802233,NO3(-1),0.00459089956802233,3.1,0.0
synthetic_study_2,97,247,ferrihydrite,Fe10O14(OH)2,U(+6),25.17800964479712,5.712511547019248,Na(+1),0.11293130836111377,NO3(-1),0.11293130836111377,3.1,70.30734604440681
synthetic_study_0,103,248,ferrihydrite,Fe10O14(OH)2,U(+6),25.52089718208275,3.1908378290003174,Na(+1),0.6437727453368277,NO3(-1),0.6437727453368277,3.1,0.0
synthetic_study_3,63,249,ferrihydrite,Fe10O14(OH)2,U(+6),25.24747010102481,7.6792528997296134,Na(+1),0.006854828111632061,NO3(-1),0.006854828111632061,3.1,105.32235876026498
synthetic_study_3,17,250,ferrihydrite,Fe10O14(OH)2,U(+6),25.621984053451065,6.188104004987212,Na(+1),0.005912105317011346,NO3(-1),0.005912105317011346,3.1,92.18905991378742
synthetic_study_0,32,251,ferrihydrite,Fe10O14(OH)2,U(+6),25.402518823723742,6.156305738782752,Na(+1),0.5159257142181575,NO3(-1),0.5159257142181575,3.1,66.7909946553608
synthetic_study_1,1,252,ferrihydrite,Fe10O14(OH)2,U(+6),24.86230220495669,8.045846198682362,Na(+1),0.019850739989424028,NO3(-1),0.019850739989424028,3.1,97.93133395263564
synthetic_study_0,137,253,ferrihydrite,Fe10O14(OH)2,U(+6),25.400314673466923,5.421871066604632,Na(+1),1.3602734410917428,NO3(-1),1.3602734410917428,3.1,30.88196627449149
synthetic_study_3,133,254,ferrihydrite,Fe10O14(OH)2,U(+6),25.603616262497372,9.293246794044272,Na(+1),0.0023718832918800336,NO3(-1),0.0023718832918800336,3.1,94.8151449633485
synthetic_study_3,117,255,ferrihydrite,Fe10O14(OH)2,U(+6),25.219380522335438,6.9341715585985915,Na(+1),0.04857726420812332,NO3(-1),0.04857726420812332,3.1,108.63567062760043
synthetic_study_3,61,256,ferrihydrite,Fe10O14(OH)2,U(+6),24.747644932652626,4.879395644073936,Na(+1),1.0271595321719127,NO3(-1),1.0271595321719127,3.1,6.037400322207775
synthetic_study_1,63,257,ferrihydrite,Fe10O14(OH)2,U(+6),25.151437317242646,4.566258439828398,Na(+1),0.4948290321322451,NO3(-1),0.4948290321322451,3.1,11.154127758943721
synthetic_study_0,148,258,ferrihydrite,Fe10O14(OH)2,U(+6),25.498063101024364,2.8308246685780514,Na(+1),1.4310885732262544,NO3(-1),1.4310885732262544,3.1,8.045811119637087
synthetic_study_3,88,259,ferrihydrite,Fe10O14(OH)2,U(+6),24.867833898494926,3.32729261182343,Na(+1),1.9463307517703796,NO3(-1),1.9463307517703796,3.1,2.2105997592963833
synthetic_study_2,141,260,ferrihydrite,Fe10O14(OH)2,U(+6),25.199213211232298,2.6153539872980236,Na(+1),0.6928390110394546,NO3(-1),0.6928390110394546,3.1,0.0
synthetic_study_1,84,261,ferrihydrite,Fe10O14(OH)2,U(+6),25.33685223473919,9.162394379104652,Na(+1),0.16736701479960756,NO3(-1),0.16736701479960756,3.1,91.40773973577471
synthetic_study_0,92,262,ferrihydrite,Fe10O14(OH)2,U(+6),25.286312791347896,10.393387488367061,Na(+1),0.007831269382151557,NO3(-1),0.007831269382151557,3.1,99.43872988895349
synthetic_study_2,102,263,ferrihydrite,Fe10O14(OH)2,U(+6),25.065113446933278,4.6319364622702714,Na(+1),0.00286282717171483,NO3(-1),0.00286282717171483,3.1,54.491455423977236
synthetic_study_1,100,264,ferrihydrite,Fe10O14(OH)2,U(+6),25.113877194616723,6.237733189123191,Na(+1),0.2566447415501264,NO3(-1),0.2566447415501264,3.1,75.23201465767431
synthetic_study_0,127,265,ferrihydrite,Fe10O14(OH)2,U(+6),25.259520426356676,2.777639284615309,Na(+1),0.8721975596994571,NO3(-1),0.8721975596994571,3.1,2.783287477751429
synthetic_study_1,108,266,ferrihydrite,Fe10O14(OH)2,U(+6),25.108666117051207,9.129730203248208,Na(+1),0.0015819668610570828,NO3(-1),0.0015819668610570828,3.1,105.87532429149071
synthetic_study_1,101,267,ferrihydrite,Fe10O14(OH)2,U(+6),24.756377578735215,9.363693771008471,Na(+1),1.1128811003070118,NO3(-1),1.1128811003070118,3.1,103.32392564204194
synthetic_study_0,89,268,ferrihydrite,Fe10O14(OH)2,U(+6),25.287745184163786,2.9826432219048105,Na(+1),0.892534577511864,NO3(-1),0.892534577511864,3.1,4.221768211387677
synthetic_study_1,114,269,ferrihydrite,Fe10O14(OH)2,U(+6),24.33646925696283,9.293074035005565,Na(+1),0.8131903172372957,NO3(-1),0.8131903172372957,3.1,99.87648246099921
synthetic_study_2,22,270,ferrihydrite,Fe10O14(OH)2,U(+6),24.76770284662008,4.53764237585355,Na(+1),0.08353338014417418,NO3(-1),0.08353338014417418,3.1,19.762806014178643
synthetic_study_3,24,271,ferrihydrite,Fe10O14(OH)2,U(+6),25.51079099274056,9.78217476432554,Na(+1),0.023532284232718595,NO3(-1),0.023532284232718595,3.1,96.09745330232327
synthetic_study_2,55,272,ferrihydrite,Fe10O14(OH)2,U(+6),24.71157767365963,8.286781345496326,Na(+1),0.007982179995791065,NO3(-1),0.007982179995791065,3.1,101.5195030647605
synthetic_study_2,65,273,ferrihydrite,Fe10O14(OH)2,U(+6),24.72909237872286,9.285242198620523,Na(+1),0.24204843318480562,NO3(-1),0.24204843318480562,3.1,99.26915363280432
synthetic_study_3,56,274,ferrihydrite,Fe10O14(OH)2,U(+6),24.93528298759244,10.396085760874787,Na(+1),1.4219074042228956,NO3(-1),1.4219074042228956,3.1,93.79240824423448
synthetic_study_1,138,275,ferrihydrite,Fe10O14(OH)2,U(+6),24.914609706317314,6.837276660252318,Na(+1),0.10081492344586523,NO3(-1),0.10081492344586523,3.1,95.74770432287016
synthetic_study_0,81,276,ferrihydrite,Fe10O14(OH)2,U(+6),25.50363124937978,7.481192855140449,Na(+1),0.00228607200423255,NO3(-1),0.00228607200423255,3.1,90.28782906124916
synthetic_study_2,109,277,ferrihydrite,Fe10O14(OH)2,U(+6),24.85922279589599,3.5166032216214917,Na(+1),0.020540768797003242,NO3(-1),0.020540768797003242,3.1,3.3586223583080184
synthetic_study_3,86,278,ferrihydrite,Fe10O14(OH)2,U(+6),24.954669826813085,3.723973335245411,Na(+1),0.005544600851486343,NO3(-1),0.005544600851486343,3.1,7.724415172073009
synthetic_study_2,69,279,ferrihydrite,Fe10O14(OH)2,U(+6),25.10057659204106,7.3466888620328685,Na(+1),0.00699772636944987,NO3(-1),0.00699772636944987,3.1,98.68935136725142
synthetic_study_2,44,280,ferrihydrite,Fe10O14(OH)2,U(+6),25.565283678824642,10.140679317766734,Na(+1),0.5961703781959721,NO3(-1),0.5961703781959721,3.1,96.3865449860063
synthetic_study_3,95,281,ferrihydrite,Fe10O14(OH)2,U(+6),25.35936932517937,7.971204460869104,Na(+1),0.002650809855501809,NO3(-1),0.002650809855501809,3.1,103.47309458545449
synthetic_study_3,65,282,ferrihydrite,Fe10O14(OH)2,U(+6),25.302302839225852,4.462728438490004,Na(+1),0.0032209281565949944,NO3(-1),0.0032209281565949944,3.1,39.452351507060634
synthetic_study_1,42,283,ferrihydrite,Fe10O14(OH)2,U(+6),24.814143879342954,4.627036824513125,Na(+1),0.02461939420169661,NO3(-1),0.02461939420169661,3.1,29.091188376775843
synthetic_study_3,119,284,ferrihydrite,Fe10O14(OH)2,U(+6),24.78039753949176,4.5854669883449555,Na(+1),0.116012539432474,NO3(-1),0.116012539432474,3.1,15.21128984240886
synthetic_study_2,2,285,ferrihydrite,Fe10O14(OH)2,U(+6),24.654886703173162,3.8430073113799468,Na(+1),0.010845781572378768,NO3(-1),0.010845781572378768,3.1,12.816750702750795
synthetic_study_2,52,286,ferrihydrite,Fe10O14(OH)2,U(+6),25.219974189823134,6.237600081518014,Na(+1),0.06986076349827444,NO3(-1),0.06986076349827444,3.1,91.2911483138998
synthetic_study_1,4,287,ferrihydrite,Fe10O14(OH)2,U(+6),24.808264774714967,3.1210593134565023,Na(+1),0.0016201785231931348,NO3(-1),0.0016201785231931348,3.1,5.422726200890884
synthetic_study_3,13,288,ferrihydrite,Fe10O14(OH)2,U(+6),24.938494065800686,2.936416762021328,Na(+1),0.0018277363579771984,NO3(-1),0.0018277363579771984,3.1,0.4436111690931859
synthetic_study_1,28,289,ferrihydrite,Fe10O14(OH)2,U(+6),25.088845569084235,6.654721063227986,Na(+1),0.03842397842350092,NO3(-1),0.03842397842350092,3.1,93.46799214973815
synthetic_study_1,74,290,ferrihydrite,Fe10O14(OH)2,U(+6),25.57062962386677,7.523968186621374,Na(+1),1.9932657814251369,NO3(-1),1.9932657814251369,3.1,97.40369572805405
synthetic_study_2,54,291,ferrihydrite,Fe10O14(OH)2,U(+6),25.514112960897766,2.98414154050982,Na(+1),1.182685478388069,NO3(-1),1.182685478388069,3.1,0.0
synthetic_study_3,20,292,ferrihydrite,Fe10O14(OH)2,U(+6),25.061706533499947,3.8053525090567266,Na(+1),0.011309656823648517,NO3(-1),0.011309656823648517,3.1,9.317568559852658
synthetic_study_1,139,293,ferrihydrite,Fe10O14(OH)2,U(+6),25.309226618400725,7.6776754685291815,Na(+1),0.010813702305398696,NO3(-1),0.010813702305398696,3.1,99.30876562962415
synthetic_study_1,35,294,ferrihydrite,Fe10O14(OH)2,U(+6),24.464798412822795,10.43257998699848,Na(+1),0.1443488006482445,NO3(-1),0.1443488006482445,3.1,99.0453098757144
synthetic_study_0,133,295,ferrihydrite,Fe10O14(OH)2,U(+6),25.150709427043527,5.824695104873808,Na(+1),0.7179906351495129,NO3(-1),0.7179906351495129,3.1,60.05502737837662
synthetic_study_0,39,296,ferrihydrite,Fe10O14(OH)2,U(+6),24.703094664433753,5.413948521550951,Na(+1),0.45893707218879076,NO3(-1),0.45893707218879076,3.1,37.81114639988533
synthetic_study_3,12,297,ferrihydrite,Fe10O14(OH)2,U(+6),24.788815807450835,9.239720653715356,Na(+1),0.0015919684735140318,NO3(-1),0.0015919684735140318,3.1,97.90447798240605
synthetic_study_3,60,298,ferrihydrite,Fe10O14(OH)2,U(+6),24.631421095019768,5.145174563845334,Na(+1),0.0034315807851500253,NO3(-1),0.0034315807851500253,3.1,70.05278539978376
synthetic_study_1,11,299,ferrihydrite,Fe10O14(OH)2,U(+6),25.21707988955913,9.16329580241088,Na(+1),0.1861644080352955,NO3(-1),0.1861644080352955,3.1,98.92253885107057
synthetic_study_3,116,300,ferrihydrite,Fe10O14(OH)2,U(+6),25.487429889592313,4.721925944522369,Na(+1),0.0500643013476678,NO3(-1),0.0500643013476678,3.1,20.531199110557104
synthetic_study_1,39,301,ferrihydrite,Fe10O14(OH)2,U(+6),25.35302198548793,7.478968727182132,Na(+1),0.03896921844003664,NO3(-1),0.03896921844003664,3.1,107.22821885064116
synthetic_study_1,95,302,ferrihydrite,Fe10O14(OH)2,U(+6),24.597700776314294,6.3980654906541155,Na(+1),0.009800461303529977,NO3(-1),0.009800461303529977,3.1,98.64560962315252
synthetic_study_0,100,303,ferrihydrite,Fe10O14(OH)2,U(+6),24.798080128713558,9.231782498129334,Na(+1),0.0605923468309842,NO3(-1),0.0605923468309842,3.1,99.77747386647586
synthetic_study_3,148,304,ferrihydrite,Fe10O14(OH)2,U(+6),25.069806083408537,8.568540374352672,Na(+1),0.03111020855215133,NO3(-1),0.03111020855215133,3.1,96.72522090525248
synthetic_study_1,34,305,ferrihydrite,Fe10O14(OH)2,U(+6),25.038359615393542,7.007969136794967,Na(+1),1.1787422354506505,NO3(-1),1.1787422354506505,3.1,86.68062750011576
synthetic_study_2,129,306,ferrihydrite,Fe10O14(OH)2,U(+6),25.030150180151683,6.384408683753014,Na(+1),1.0276371512134006,NO3(-1),1.0276371512134006,3.1,75.71768230125346
synthetic_study_2,119,307,ferrihydrite,Fe10O14(OH)2,U(+6),24.930461827264196,3.0478049278207884,Na(+1),0.2628118577068963,NO3(-1),0.2628118577068963,3.1,0.0
synthetic_study_3,29,308,ferrihydrite,Fe10O14(OH)2,U(+6),24.736128962411183,6.16831566809746,Na(+1),0.0010662561679217095,NO3(-1),0.0010662561679217095,3.1,94.83115511546148
synthetic_study_1,37,309,ferrihydrite,Fe10O14(OH)2,U(+6),25.34459217430211,3.435945533716022,Na(+1),0.02874096623238409,NO3(-1),0.02874096623238409,3.1,7.991164364108832
synthetic_study_2,73,310,ferrihydrite,Fe10O14(OH)2,U(+6),24.736069167443855,3.3688333841394096,Na(+1),1.991836158437147,NO3(-1),1.991836158437147,3.1,0.0
synthetic_study_2,33,311,ferrihydrite,Fe10O14(OH)2,U(+6),25.349026584610833,4.529753487030981,Na(+1),0.05341260628410204,NO3(-1),0.05341260628410204,3.1,19.6524777704122
synthetic_study_1,99,312,ferrihydrite,Fe10O14(OH)2,U(+6),25.101140437922353,7.4091825526545705,Na(+1),0.3543614464381492,NO3(-1),0.3543614464381492,3.1,101.65809449341467
synthetic_study_1,16,313,ferrihydrite,Fe10O14(OH)2,U(+6),25.030783183529376,2.544099015973102,Na(+1),0.0074935400294045195,NO3(-1),0.0074935400294045195,3.1,0.0
synthetic_study_1,47,314,ferrihydrite,Fe10O14(OH)2,U(+6),25.300469433368963,7.948066558008216,Na(+1),0.1300723325889577,NO3(-1),0.1300723325889577,3.1,99.65615783146087
synthetic_study_2,105,315,ferrihydrite,Fe10O14(OH)2,U(+6),25.472810464745205,6.719915039344364,Na(+1),0.0070631923903652595,NO3(-1),0.0070631923903652595,3.1,96.27004378033803
synthetic_study_3,56,316,ferrihydrite,Fe10O14(OH)2,U(+6),25.224992884228264,7.61773851524029,Na(+1),0.003563046582393566,NO3(-1),0.003563046582393566,3.1,106.66008247291217
synthetic_study_1,8,317,ferrihydrite,Fe10O14(OH)2,U(+6),24.779681855164107,4.855363041942465,Na(+1),0.022424579162725295,NO3(-1),0.022424579162725295,3.1,33.313362154176865
synthetic_study_0,76,318,ferrihydrite,Fe10O14(OH)2,U(+6),24.990078288676646,5.651832346945376,Na(+1),0.37533308329704373,NO3(-1),0.37533308329704373,3.1,51.88915873935548
synthetic_study_2,7,319,ferrihydrite,Fe10O14(OH)2,U(+6),24.966636643338127,7.063889243066262,Na(+1),0.39060540430175983,NO3(-1),0.39060540430175983,3.1,94.31165142336249
synthetic_study_1,21,320,ferrihydrite,Fe10O14(OH)2,U(+6),24.82896382261309,8.300520231774938,Na(+1),0.4445967963495859,NO3(-1),0.4445967963495859,3.1,92.91072003396648
synthetic_study_0,9,321,ferrihydrite,Fe10O14(OH)2,U(+6),25.014785694790703,7.142548699044064,Na(+1),0.06249278699110322,NO3(-1),0.06249278699110322,3.1,98.94965919025317
synthetic_study_2,81,322,ferrihydrite,Fe10O14(OH)2,U(+6),24.94096864835702,6.5557531971496354,Na(+1),0.06168240656949272,NO3(-1),0.06168240656949272,3.1,98.790782265675
synthetic_study_0,38,323,ferrihydrite,Fe10O14(OH)2,U(+6),25.260717855778168,4.299478578271247,Na(+1),0.3923794506410648,NO3(-1),0.3923794506410648,3.1,11.045871238606708
synthetic_study_2,53,324,ferrihydrite,Fe10O14(OH)2,U(+6),24.70582832527685,7.882027096571212,Na(+1),0.027313576118776075,NO3(-1),0.027313576118776075,3.1,103.60112420138793
synthetic_study_1,107,325,ferrihydrite,Fe10O14(OH)2,U(+6),24.590006940505802,2.861955906208183,Na(+1),0.032988075068595454,NO3(-1),0.032988075068595454,3.1,1.1689896218022762
synthetic_study_2,2,326,ferrihydrite,Fe10O14(OH)2,U(+6),25.07390501372289,6.808256663796956,Na(+1),0.26519443721492025,NO3(-1),0.26519443721492025,3.1,86.61641165568584
synthetic_study_2,116,327,ferrihydrite,Fe10O14(OH)2,U(+6),25.11462856869447,6.729860735179529,Na(+1),0.004094642172906545,NO3(-1),0.004094642172906545,3.1,99.9090303132322
synthetic_study_2,28,328,ferrihydrite,Fe10O14(OH)2,U(+6),25.36542435658763,6.594969969533592,Na(+1),1.2232400381978932,NO3(-1),1.2232400381978932,3.1,76.67044259229039
synthetic_study_1,20,329,ferrihydrite,Fe10O14(OH)2,U(+6),24.86810079083135,10.319992060217045,Na(+1),0.0011813827682450198,NO3(-1),0.0011813827682450198,3.1,99.59057448236013
synthetic_study_0,37,330,ferrihydrite,Fe10O14(OH)2,U(+6),25.372784924918776,9.066135596730023,Na(+1),0.07488982503732793,NO3(-1),0.07488982503732793,3.1,103.70021412954985
synthetic_study_2,126,331,ferrihydrite,Fe10O14(OH)2,U(+6),25.131575899910406,3.8067422391223014,Na(+1),1.5003895191560241,NO3(-1),1.5003895191560241,3.1,0.0
synthetic_study_0,81,332,ferrihydrite,Fe10O14(OH)2,U(+6),25.11169865419266,3.848600182534751,Na(+1),0.33765798668176555,NO3(-1),0.33765798668176555,3.1,0.2131621486753268
synthetic_study_1,124,333,ferrihydrite,Fe10O14(OH)2,U(+6),24.83901173375756,9.64052165945623,Na(+1),0.5614828087512594,NO3(-1),0.5614828087512594,3.1,94.5668636273929
synthetic_study_3,36,334,ferrihydrite,Fe10O14(OH)2,U(+6),24.72448084383878,10.437023045894897,Na(+1),0.07570680655821305,NO3(-1),0.07570680655821305,3.1,96.77237708761166
synthetic_study_3,57,335,ferrihydrite,Fe10O14(OH)2,U(+6),25.171965124825995,4.034180005818445,Na(+1),0.10116333971817364,NO3(-1),0.10116333971817364,3.1,1.8205118509372111
synthetic_study_0,139,336,ferrihydrite,Fe10O14(OH)2,U(+6),24.727606460811458,10.349533516755258,Na(+1),0.11918920483610519,NO3(-1),0.11918920483610519,3.1,101.92119355670377
synthetic_study_3,35,337,ferrihydrite,Fe10O14(OH)2,U(+6),25.420683025238297,10.034734556592348,Na(+1),0.007543858133699448,NO3(-1),0.007543858133699448,3.1,103.25313367205585
synthetic_study_0,149,338,ferrihydrite,Fe10O14(OH)2,U(+6),24.620500292054526,7.5989699186957855,Na(+1),0.11460803835506173,NO3(-1),0.11460803835506173,3.1,87.08739201141958
synthetic_study_0,72,339,ferrihydrite,Fe10O14(OH)2,U(+6),24.70616540154882,8.4393935828288,Na(+1),1.6384804598521059,NO3(-1),1.6384804598521059,3.1,100.70129286706195
synthetic_study_0,145,340,ferrihydrite,Fe10O14(OH)2,U(+6),25.03052185755148,2.755477846259712,Na(+1),0.43062490129429426,NO3(-1),0.43062490129429426,3.1,0.0
synthetic_study_3,37,341,ferrihydrite,Fe10O14(OH)2,U(+6),24.977843479427722,3.792502362082394,Na(+1),0.016922281815040064,NO3(-1),0.016922281815040064,3.1,12.919234435221682
synthetic_study_1,46,342,ferrihydrite,Fe10O14(OH)2,U(+6),25.163868799824677,6.6139593876864335,Na(+1),0.25654059763964915,NO3(-1),0.25654059763964915,3.1,90.21098277887967
synthetic_study_2,48,343,ferrihydrite,Fe10O14(OH)2,U(+6),25.302336801174786,2.930143113412041,Na(+1),0.00833155659152158,NO3(-1),0.00833155659152158,3.1,4.399856805744815
synthetic_study_1,60,344,ferrihydrite,Fe10O14(OH)2,U(+6),25.64538631432014,4.858601702518128,Na(+1),1.8163636072368514,NO3(-1),1.8163636072368514,3.1,12.552057963688958
synthetic_study_2,28,345,ferrihydrite,Fe10O14(OH)2,U(+6),25.489105367455203,2.5800096179091625,Na(+1),0.0055998205820564344,NO3(-1),0.0055998205820564344,3.1,2.283709924712814
synthetic_study_2,41,346,ferrihydrite,Fe10O14(OH)2,U(+6),24.784629828595936,9.381117789349549,Na(+1),0.7347174812668084,NO3(-1),0.7347174812668084,3.1,99.90680456344782
synthetic_study_1,119,347,ferrihydrite,Fe10O14(OH)2,U(+6),24.905632378601805,6.8294444823616525,Na(+1),0.8286287610004094,NO3(-1),0.8286287610004094,3.1,93.00441762028635
synthetic_study_1,27,348,ferrihydrite,Fe10O14(OH)2,U(+6),24.83715553373211,7.890104779341575,Na(+1),0.004132242461788782,NO3(-1),0.004132242461788782,3.1,102.20813001503755
synthetic_study_1,95,349,ferrihydrite,Fe10O14(OH)2,U(+6),25.0514892814803,7.15357294777658,Na(+1),0.11471302292366592,NO3(-1),0.11471302292366592,3.1,99.5411052471131
synthetic_study_2,48,350,ferrihydrite,Fe10O14(OH)2,U(+6),24.648880874859202,6.9707312845694105,Na(+1),0.005318372242077881,NO3(-1),0.005318372242077881,3.1,105.67951162682114
synthetic_study_2,21,351,ferrihydrite,Fe10O14(OH)2,U(+6),24.651949414658272,3.944081144972695,Na(+1),0.8040326977802786,NO3(-1),0.8040326977802786,3.1,0.0
synthetic_study_0,119,352,ferrihydrite,Fe10O14(OH)2,U(+6),25.014635583590486,2.502652400652055,Na(+1),0.021839190780927626,NO3(-1),0.021839190780927626,3.1,1.6535599799041008
synthetic_study_0,87,353,ferrihydrite,Fe10O14(OH)2,U(+6),24.94471778307493,6.442822353223987,Na(+1),0.0013482633400299533,NO3(-1),0.0013482633400299533,3.1,94.96957109407282
synthetic_study_1,69,354,ferrihydrite,Fe10O14(OH)2,U(+6),25.10822203578912,5.438165859217352,Na(+1),0.03558051070827678,NO3(-1),0.03558051070827678,3.1,60.58238465643871
synthetic_study_2,59,355,ferrihydrite,Fe10O14(OH)2,U(+6),25.166621966402566,6.681666515313536,Na(+1),0.008282265554364614,NO3(-1),0.008282265554364614,3.1,97.56371423073973
synthetic_study_0,45,356,ferrihydrite,Fe10O14(OH)2,U(+6),24.467936252935797,9.718815730624023,Na(+1),0.6972566334834034,NO3(-1),0.6972566334834034,3.1,104.41110549441593
synthetic_study_0,142,357,ferrihydrite,Fe10O14(OH)2,U(+6),25.03376522047608,9.278330535007953,Na(+1),0.3215014945392094,NO3(-1),0.3215014945392094,3.1,95.24116976804169
synthetic_study_1,27,358,ferrihydrite,Fe10O14(OH)2,U(+6),24.978689254618402,5.762607796468714,Na(+1),0.028915334586829402,NO3(-1),0.028915334586829402,3.1,77.52749389597966
synthetic_study_2,141,359,ferrihydrite,Fe10O14(OH)2,U(+6),25.24214671009678,9.290266118581457,Na(+1),0.8315059773800658,NO3(-1),0.8315059773800658,3.1,95.34677443960238
synthetic_study_0,133,360,ferrihydrite,Fe10O14(OH)2,U(+6),25.02923646955093,7.149060887334975,Na(+1),0.3129556679226957,NO3(-1),0.3129556679226957,3.1,89.56106723991289
synthetic_study_3,87,361,ferrihydrite,Fe10O14(OH)2,U(+6),24.785636167589026,6.011924930821575,Na(+1),0.0022830672322165365,NO3(-1),0.0022830672322165365,3.1,94.81226756414316
synthetic_study_2,92,362,ferrihydrite,Fe10O14(OH)2,U(+6),24.829200333926686,3.711927469739466,Na(+1),0.782373145367282,NO3(-1),0.782373145367282,3.1,3.4370275674364246
synthetic_study_0,124,363,ferrihydrite,Fe10O14(OH)2,U(+6),24.9381952757809,6.421530434506154,Na(+1),1.5569179654850762,NO3(-1),1.5569179654850762,3.1,82.05399890835074
synthetic_study_3,30,364,ferrihydrite,Fe10O14(OH)2,U(+6),24.988809507641108,2.5342737633853467,Na(+1),0.001930507480562491,NO3(-1),0.001930507480562491,3.1,0.0
synthetic_study_3,40,365,ferrihydrite,Fe10O14(OH)2,U(+6),24.901910477037074,6.284510356588871,Na(+1),0.1352587416515333,NO3(-1),0.1352587416515333,3.1,82.63691981425552
synthetic_study_0,42,366,ferrihydrite,Fe10O14(OH)2,U(+6),24.89993033404108,8.842279937666596,Na(+1),0.2911923919246846,NO3(-1),0.2911923919246846,3.1,96.50442675806333
synthetic_study_2,18,367,ferrihydrite,Fe10O14(OH)2,U(+6),25.01468432878066,5.23224635848185,Na(+1),0.13014812051787164,NO3(-1),0.13014812051787164,3.1,46.191379089282826
synthetic_study_0,126,368,ferrihydrite,Fe10O14(OH)2,U(+6),24.94914387835212,10.228634610133104,Na(+1),0.18687131585146008,NO3(-1),0.18687131585146008,3.1,95.60640442475054
synthetic_study_1,128,369,ferrihydrite,Fe10O14(OH)2,U(+6),24.890744018626947,2.6567131613350705,Na(+1),0.0015520825798756826,NO3(-1),0.0015520825798756826,3.1,0.0
synthetic_study_1,92,370,ferrihydrite,Fe10O14(OH)2,U(+6),25.671918362777046,9.82343700420726,Na(+1),0.910949552217218,NO3(-1),0.910949552217218,3.1,98.9439286540082
synthetic_study_3,60,371,ferrihydrite,Fe10O14(OH)2,U(+6),25.272625954373922,5.1743897278427635,Na(+1),0.039700572855417816,NO3(-1),0.039700572855417816,3.1,51.36488333790682
synthetic_study_0,70,372,ferrihydrite,Fe10O14(OH)2,U(+6),24.98032852177426,9.85360350259586,Na(+1),0.009167477860364804,NO3(-1),0.009167477860364804,3.1,101.88206177623266
synthetic_study_0,80,373,ferrihydrite,Fe10O14(OH)2,U(+6),25.032610539740094,6.776571316110259,Na(+1),0.0031309805647326116,NO3(-1),0.0031309805647326116,3.1,97.65895397114811
synthetic_study_1,113,374,ferrihydrite,Fe10O14(OH)2,U(+6),25.068757868068978,9.073826222894334,Na(+1),0.03381207975922682,NO3(-1),0.03381207975922682,3.1,97.7265702479858
synthetic_study_1,111,375,ferrihydrite,Fe10O14(OH)2,U(+6),24.748938556430655,9.556986487486451,Na(+1),0.019712668138688196,NO3(-1),0.019712668138688196,3.1,103.0855863149714
synthetic_study_0,80,376,ferrihydrite,Fe10O14(OH)2,U(+6),24.831090414880848,4.106855364946072,Na(+1),0.32129075427549864,NO3(-1),0.32129075427549864,3.1,6.5895207647844956
synthetic_study_3,143,377,ferrihydrite,Fe10O14(OH)2,U(+6),24.549171685900966,3.66141072016939,Na(+1),0.018476180413582562,NO3(-1),0.018476180413582562,3.1,3.0406833446703363
synthetic_study_0,116,378,ferrihydrite,Fe10O14(OH)2,U(+6),24.727927726246254,8.337445999898296,Na(+1),0.03606208019928562,NO3(-1),0.03606208019928562,3.1,106.5720395324376
synthetic_study_2,54,379,ferrihydrite,Fe10O14(OH)2,U(+6),25.13241711867146,5.722755661216642,Na(+1),0.07635050928116915,NO3(-1),0.07635050928116915,3.1,76.20945002384549
synthetic_study_1,45,380,ferrihydrite,Fe10O14(OH)2,U(+6),24.470407171864853,2.6669043646164834,Na(+1),0.01331996844358863,NO3(-1),0.01331996844358863,3.1,0.7058774373065637
synthetic_study_1,33,381,ferrihydrite,Fe10O14(OH)2,U(+6),25.04221560796103,3.8874100786031462,Na(+1),0.011349380574851825,NO3(-1),0.011349380574851825,3.1,7.460257589878976
synthetic_study_0,128,382,ferrihydrite,Fe10O14(OH)2,U(+6),24.942399016144357,6.861730744220756,Na(+1),0.011584768842351338,NO3(-1),0.011584768842351338,3.1,103.64095587225151
synthetic_study_0,2,383,ferrihydrite,Fe10O14(OH)2,U(+6),24.724467241713263,5.021132777821353,Na(+1),0.18931311266778034,NO3(-1),0.18931311266778034,3.1,34.4098678001196
synthetic_study_0,27,384,ferrihydrite,Fe10O14(OH)2,U(+6),25.299907960741926,7.922895638723341,Na(+1),0.03168446222349788,NO3(-1),0.03168446222349788,3.1,100.2002176188177
synthetic_study_1,79,385,ferrihydrite,Fe10O14(OH)2,U(+6),25.058825705412623,3.029434336008947,Na(+1),0.07746219723354157,NO3(-1),0.07746219723354157,3.1,0.0
synthetic_study_2,15,386,ferrihydrite,Fe10O14(OH)2,U(+6),24.881991896388207,4.028736961892343,Na(+1),1.7473489669730222,NO3(-1),1.7473489669730222,3.1,8.054204895916367
synthetic_study_2,10,387,ferrihydrite,Fe10O14(OH)2,U(+6),25.297250965672337,6.18396790746233,Na(+1),0.005822627908802669,NO3(-1),0.005822627908802669,3.1,90.52731642808118
synthetic_study_3,107,388,ferrihydrite,Fe10O14(OH)2,U(+6),25.18387691211743,6.714278672196838,Na(+1),0.0016716804552132302,NO3(-1),0.0016716804552132302,3.1,103.96688387477938
synthetic_study_1,75,389,ferrihydrite,Fe10O14(OH)2,U(+6),24.86757358505447,9.29705450883134,Na(+1),0.005941587544332543,NO3(-1),0.005941587544332543,3.1,98.25150589956641
synthetic_study_0,129,390,ferrihydrite,Fe10O14(OH)2,U(+6),24.49771723700506,6.02301005220684,Na(+1),0.2074843289311601,NO3(-1),0.2074843289311601,3.1,73.09046965578766
synthetic_study_2,93,391,ferrihydrite,Fe10O14(OH)2,U(+6),24.91043857167228,3.517029323989221,Na(+1),0.3096484884370571,NO3(-1),0.3096484884370571,3.1,2.4874929731736364
synthetic_study_3,135,392,ferrihydrite,Fe10O14(OH)2,U(+6),24.64984657820601,3.1287252295220336,Na(+1),0.004224120238429676,NO3(-1),0.004224120238429676,3.1,5.572541528374485
synthetic_study_1,37,393,ferrihydrite,Fe10O14(OH)2,U(+6),25.121380456107946,4.408016402055043,Na(+1),0.0184574990302287,NO3(-1),0.0184574990302287,3.1,12.314837922912398
synthetic_study_3,27,394,ferrihydrite,Fe10O14(OH)2,U(+6),25.339353389823824,7.761923832511715,Na(+1),0.025634893145703663,NO3(-1),0.025634893145703663,3.1,100.83988672213341
synthetic_study_0,46,395,ferrihydrite,Fe10O14(OH)2,U(+6),25.477172859705604,3.83192788652818,Na(+1),0.02310086167036901,NO3(-1),0.02310086167036901,3.1,6.667697918693205
synthetic_study_1,11,396,ferrihydrite,Fe10O14(OH)2,U(+6),24.875732161885743,10.071133027414195,Na(+1),0.21532920649816792,NO3(-1),0.21532920649816792,3.1,96.06457893068713
synthetic_study_0,121,397,ferrihydrite,Fe10O14(OH)2,U(+6),25.261933159663002,4.409687327220968,Na(+1),1.6121284684264503,NO3(-1),1.6121284684264503,3.1,3.2634457005550646
synthetic_study_0,140,398,ferrihydrite,Fe10O14(OH)2,U(+6),24.846287871288546,9.4857148286777,Na(+1),0.005177926990825076,NO3(-1),0.005177926990825076,3.1,92.54969030658829
synthetic_study_2,70,399,ferrihydrite,Fe10O14(OH)2,U(+6),25.01362208933715,9.827053685086426,Na(+1),0.037179580804412145,NO3(-1),0.037179580804412145,3.1,99.10374272932502
synthetic_study_2,52,400,ferrihydrite,Fe10O14(OH)2,U(+6),25.334780493122608,5.581191975427882,Na(+1),0.039806040646045024,NO3(-1),0.039806040646045024,3.1,65.80592120388746
synthetic_study_2,88,401,ferrihydrite,Fe10O14(OH)2,U(+6),25.033309984630893,10.363896663395241,Na(+1),0.0038862505707240023,NO3(-1),0.0038862505707240023,3.1,104.34864599985833
synthetic_study_1,138,402,ferrihydrite,Fe10O14(OH)2,U(+6),25.166017484005774,8.26023120394213,Na(+1),0.05057049499166293,NO3(-1),0.05057049499166293,3.1,98.47893639241367
synthetic_study_3,21,403,ferrihydrite,Fe10O14(OH)2,U(+6),25.336657966697903,9.119364087166703,Na(+1),0.005496614098481978,NO3(-1),0.005496614098481978,3.1,104.18311369187384
synthetic_study_2,60,404,ferrihydrite,Fe10O14(OH)2,U(+6),24.914132038328923,2.646156854946655,Na(+1),0.08152344155619545,NO3(-1),0.08152344155619545,3.1,0.0
synthetic_study_1,114,405,ferrihydrite,Fe10O14(OH)2,U(+6),25.217435864714837,7.59511882563703,Na(+1),0.010442154745684482,NO3(-1),0.010442154745684482,3.1,95.15991581394357
synthetic_study_3,3,406,ferrihydrite,Fe10O14(OH)2,U(+6),25.75997009587075,3.058121021531412,Na(+1),0.010911264568331969,NO3(-1),0.010911264568331969,3.1,11.818536160762337
synthetic_study_3,109,407,ferrihydrite,Fe10O14(OH)2,U(+6),25.04747808266089,6.151633419070793,Na(+1),0.03878622602452675,NO3(-1),0.03878622602452675,3.1,84.95651513227963
synthetic_study_3,54,408,ferrihydrite,Fe10O14(OH)2,U(+6),24.983068311383718,8.224041373725282,Na(+1),1.2987065899384749,NO3(-1),1.2987065899384749,3.1,92.29865987495555
synthetic_study_2,19,409,ferrihydrite,Fe10O14(OH)2,U(+6),25.24467933531839,2.581975359339401,Na(+1),0.8220473922585732,NO3(-1),0.8220473922585732,3.1,0.0
synthetic_study_0,98,410,ferrihydrite,Fe10O14(OH)2,U(+6),24.93432977099801,6.441692612176029,Na(+1),0.1630590139039277,NO3(-1),0.1630590139039277,3.1,86.81361093178856
synthetic_study_3,147,411,ferrihydrite,Fe10O14(OH)2,U(+6),25.2316236111648,6.755339613322597,Na(+1),1.868119054063905,NO3(-1),1.868119054063905,3.1,87.311053967279
synthetic_study_1,10,412,ferrihydrite,Fe10O14(OH)2,U(+6),25.18419912086139,2.554612282529587,Na(+1),0.013829371819224697,NO3(-1),0.013829371819224697,3.1,0.0
synthetic_study_2,9,413,ferrihydrite,Fe10O14(OH)2,U(+6),24.88596426083167,3.4834113252841803,Na(+1),0.0013431521038863158,NO3(-1),0.0013431521038863158,3.1,17.406544780031872
synthetic_study_2,33,414,ferrihydrite,Fe10O14(OH)2,U(+6),24.978500933455997,9.835344918731204,Na(+1),0.014976582223086739,NO3(-1),0.014976582223086739,3.1,106.45208376747316
synthetic_study_2,113,415,ferrihydrite,Fe10O14(OH)2,U(+6),25.27980472500708,9.06443569964365,Na(+1),0.03101514930162464,NO3(-1),0.03101514930162464,3.1,115.74463291743164
synthetic_study_2,10,416,ferrihydrite,Fe10O14(OH)2,U(+6),24.84098047063862,6.191218780311659,Na(+1),0.04025908418633888,NO3(-1),0.04025908418633888,3.1,95.29011703570643
synthetic_study_1,30,417,ferrihydrite,Fe10O14(OH)2,U(+6),24.493527380519,8.961540207160617,Na(+1),0.5509671637117429,NO3(-1),0.5509671637117429,3.1,103.23183732449628
synthetic_study_2,126,418,ferrihydrite,Fe10O14(OH)2,U(+6),24.426343742980706,5.703375300409407,Na(+1),0.010785643363351626,NO3(-1),0.010785643363351626,3.1,84.5489541364573
synthetic_study_1,144,419,ferrihydrite,Fe10O14(OH)2,U(+6),25.079424968727373,2.6123795528790206,Na(+1),0.05145246441532563,NO3(-1),0.05145246441532563,3.1,8.689676925879407
synthetic_study_0,37,420,ferrihydrite,Fe10O14(OH)2,U(+6),24.746772669126628,3.24601100030971,Na(+1),0.6734392737890204,NO3(-1),0.6734392737890204,3.1,0.0
synthetic_study_0,76,421,ferrihydrite,Fe10O14(OH)2,U(+6),24.604411140862076,4.143621286135501,Na(+1),0.004003175273772384,NO3(-1),0.004003175273772384,3.1,24.6236013051868
synthetic_study_1,64,422,ferrihydrite,Fe10O14(OH)2,U(+6),24.536067191032913,4.936033864627749,Na(+1),1.0004796898447668,NO3(-1),1.0004796898447668,3.1,18.54605916262868
synthetic_study_2,85,423,ferrihydrite,Fe10O14(OH)2,U(+6),24.939973476783635,5.922561513776252,Na(+1),0.0028326745406952744,NO3(-1),0.0028326745406952744,3.1,83.76706585616256
synthetic_study_3,14,424,ferrihydrite,Fe10O14(OH)2,U(+6),24.973832416811227,4.058524903765344,Na(+1),0.1923199371324748,NO3(-1),0.1923199371324748,3.1,2.2588712527672947
synthetic_study_3,106,425,ferrihydrite,Fe10O14(OH)2,U(+6),25.15915615095713,6.88833001500062,Na(+1),1.3722988048841984,NO3(-1),1.3722988048841984,3.1,88.37030915665588
synthetic_study_2,104,426,ferrihydrite,Fe10O14(OH)2,U(+6),25.075498048956344,7.469651530253301,Na(+1),0.10078096881849352,NO3(-1),0.10078096881849352,3.1,96.16843772442664
synthetic_study_3,147,427,ferrihydrite,Fe10O14(OH)2,U(+6),25.54449292846978,6.395377399010928,Na(+1),0.18213078225900126,NO3(-1),0.18213078225900126,3.1,89.2533891467579
synthetic_study_2,36,428,ferrihydrite,Fe10O14(OH)2,U(+6),25.305330943733914,8.509327986216462,Na(+1),0.3410353873586107,NO3(-1),0.3410353873586107,3.1,106.56035684030688
synthetic_study_0,20,429,ferrihydrite,Fe10O14(OH)2,U(+6),25.00150966179625,8.594479781753051,Na(+1),0.006255523421468706,NO3(-1),0.006255523421468706,3.1,102.88501739676316
synthetic_study_0,112,430,ferrihydrite,Fe10O14(OH)2,U(+6),25.329758242292463,6.880672853961144,Na(+1),0.002129480143632106,NO3(-1),0.002129480143632106,3.1,98.90905612433318
synthetic_study_1,127,431,ferrihydrite,Fe10O14(OH)2,U(+6),25.11449263019913,7.444436753848003,Na(+1),0.027625303993270255,NO3(-1),0.027625303993270255,3.1,101.45660342662389
synthetic_study_0,102,432,ferrihydrite,Fe10O14(OH)2,U(+6),24.612030894853383,6.991900806262633,Na(+1),0.08193666936909957,NO3(-1),0.08193666936909957,3.1,92.93424495389698
synthetic_study_3,139,433,ferrihydrite,Fe10O14(OH)2,U(+6),25.1911150593917,9.101453073570395,Na(+1),0.007772920475864537,NO3(-1),0.007772920475864537,3.1,101.43561143781696
synthetic_study_2,134,434,ferrihydrite,Fe10O14(OH)2,U(+6),25.367323577694897,6.752605223174494,Na(+1),0.0013948923439446271,NO3(-1),0.0013948923439446271,3.1,91.38355819593113
synthetic_study_0,10,435,ferrihydrite,Fe10O14(OH)2,U(+6),24.88141586929472,9.167348690358219,Na(+1),0.5813000490223313,NO3(-1),0.5813000490223313,3.1,103.96822473024082
synthetic_study_0,44,436,ferrihydrite,Fe10O14(OH)2,U(+6),25.11630718005345,7.86849980981032,Na(+1),0.3010403306372657,NO3(-1),0.3010403306372657,3.1,95.10493886453307
synthetic_study_1,78,437,ferrihydrite,Fe10O14(OH)2,U(+6),24.975017018084756,3.897024320123422,Na(+1),1.3260207113177747,NO3(-1),1.3260207113177747,3.1,4.175662284143997
synthetic_study_2,98,438,ferrihydrite,Fe10O14(OH)2,U(+6),25.24575390773817,4.003220491702483,Na(+1),0.0032160629862411556,NO3(-1),0.0032160629862411556,3.1,20.765551835444615
synthetic_study_3,89,439,ferrihydrite,Fe10O14(OH)2,U(+6),25.12126964720844,5.541239201466714,Na(+1),0.0012883757158191303,NO3(-1),0.0012883757158191303,3.1,94.38013209351662
synthetic_study_1,76,440,ferrihydrite,Fe10O14(OH)2,U(+6),25.47148228353057,3.3270985979123697,Na(+1),0.2743047006613023,NO3(-1),0.2743047006613023,3.1,0.0
synthetic_study_3,101,441,ferrihydrite,Fe10O14(OH)2,U(+6),24.60220580756839,5.594620169644558,Na(+1),0.7226358985717539,NO3(-1),0.7226358985717539,3.1,41.94074954171666
synthetic_study_3,95,442,ferrihydrite,Fe10O14(OH)2,U(+6),25.57855249087316,4.967779226540831,Na(+1),0.005407919882187111,NO3(-1),0.005407919882187111,3.1,62.611605599919216
synthetic_study_0,30,443,ferrihydrite,Fe10O14(OH)2,U(+6),25.02391835921911,8.675706039938316,Na(+1),0.017589276862076564,NO3(-1),0.017589276862076564,3.1,102.88961602050473
synthetic_study_3,42,444,ferrihydrite,Fe10O14(OH)2,U(+6),24.94601710509138,7.0070017614771425,Na(+1),0.6261699287962023,NO3(-1),0.6261699287962023,3.1,89.09556339390934
synthetic_study_1,44,445,ferrihydrite,Fe10O14(OH)2,U(+6),24.79993617155383,5.439578731538899,Na(+1),0.0010911611139759053,NO3(-1),0.0010911611139759053,3.1,90.12212740318303
synthetic_study_1,28,446,ferrihydrite,Fe10O14(OH)2,U(+6),25.115979233547,2.904213851371453,Na(+1),0.007609631791502344,NO3(-1),0.007609631791502344,3.1,7.325142728978946
synthetic_study_2,92,447,ferrihydrite,Fe10O14(OH)2,U(+6),25.245317386048388,2.8961921988803283,Na(+1),0.0026805498289855815,NO3(-1),0.0026805498289855815,3.1,0.23926752047737132
synthetic_study_2,8,448,ferrihydrite,Fe10O14(OH)2,U(+6),25.185395176879315,5.65986048875649,Na(+1),1.3424597450017566,NO3(-1),1.3424597450017566,3.1,44.27113937362519
synthetic_study_0,37,449,ferrihydrite,Fe10O14(OH)2,U(+6),24.966343795181984,3.8643240958959097,Na(+1),0.0014003698262832114,NO3(-1),0.0014003698262832114,3.1,15.973486118323553
synthetic_study_1,128,450,ferrihydrite,Fe10O14(OH)2,U(+6),24.46969801090533,10.180236975624279,Na(+1),0.05728565285313675,NO3(-1),0.05728565285313675,3.1,98.00559078976812
synthetic_study_3,145,451,ferrihydrite,Fe10O14(OH)2,U(+6),24.97587021444288,7.891307016346271,Na(+1),0.20717633781360678,NO3(-1),0.20717633781360678,3.1,107.86687131902136
synthetic_study_3,107,452,ferrihydrite,Fe10O14(OH)2,U(+6),24.856241396558502,7.0356250162618865,Na(+1),0.036986745633231684,NO3(-1),0.036986745633231684,3.1,97.79632807861556
synthetic_study_0,146,453,ferrihydrite,Fe10O14(OH)2,U(+6),24.986939672803693,10.18969106996861,Na(+1),0.00736460169879526,NO3(-1),0.00736460169879526,3.1,95.3833797527963
synthetic_study_2,111,454,ferrihydrite,Fe10O14(OH)2,U(+6),24.669236508899296,4.390322866812903,Na(+1),0.01235453976302741,NO3(-1),0.01235453976302741,3.1,28.429902275899217
synthetic_study_2,105,455,ferrihydrite,Fe10O14(OH)2,U(+6),25.00599362675444,5.9801571287341675,Na(+1),0.0054555917543506974,NO3(-1),0.0054555917543506974,3.1,93.60817698378736
synthetic_study_0,5,456,ferrihydrite,Fe10O14(OH)2,U(+6),24.641163179168704,6.966501289260737,Na(+1),0.66159288798453,NO3(-1),0.66159288798453,3.1,96.56518662260815
synthetic_study_1,50,457,ferrihydrite,Fe10O14(OH)2,U(+6),24.923348598096442,5.054175038330762,Na(+1),0.001021768845822233,NO3(-1),0.001021768845822233,3.1,75.20621747365644
synthetic_study_2,21,458,ferrihydrite,Fe10O14(OH)2,U(+6),25.015848859604034,4.696210028885195,Na(+1),0.002602007295509499,NO3(-1),0.002602007295509499,3.1,52.8852461908639
synthetic_study_2,138,459,ferrihydrite,Fe10O14(OH)2,U(+6),25.111185941041185,5.165492079759147,Na(+1),0.7243124980227836,NO3(-1),0.7243124980227836,3.1,20.30181474676767
synthetic_study_2,48,460,ferrihydrite,Fe10O14(OH)2,U(+6),25.203883329864674,6.526550343344528,Na(+1),1.728004370397294,NO3(-1),1.728004370397294,3.1,78.93449282405102
synthetic_study_1,105,461,ferrihydrite,Fe10O14(OH)2,U(+6),24.94516704279311,6.352085990346727,Na(+1),0.028911812562145325,NO3(-1),0.028911812562145325,3.1,92.13696356863844
synthetic_study_3,66,462,ferrihydrite,Fe10O14(OH)2,U(+6),24.112651277794626,6.2349168711045895,Na(+1),0.35686977154392097,NO3(-1),0.35686977154392097,3.1,80.46180397378416
synthetic_study_1,119,463,ferrihydrite,Fe10O14(OH)2,U(+6),24.92099390496241,3.5999590566126303,Na(+1),0.8335718144582105,NO3(-1),0.8335718144582105,3.1,0.0
synthetic_study_0,110,464,ferrihydrite,Fe10O14(OH)2,U(+6),24.75462326886369,7.9759582213318225,Na(+1),0.5144446750243059,NO3(-1),0.5144446750243059,3.1,102.53283115937631
synthetic_study_3,62,465,ferrihydrite,Fe10O14(OH)2,U(+6),24.819737355625506,7.7811870439178055,Na(+1),0.024416151872428158,NO3(-1),0.024416151872428158,3.1,100.74409341609092
synthetic_study_3,3,466,ferrihydrite,Fe10O14(OH)2,U(+6),25.140610231694293,8.448570263031147,Na(+1),0.7983934731046585,NO3(-1),0.7983934731046585,3.1,98.04014513217808
synthetic_study_0,112,467,ferrihydrite,Fe10O14(OH)2,U(+6),25.335960473057057,7.174913685504433,Na(+1),0.03264164105842859,NO3(-1),0.03264164105842859,3.1,100.95901877747075
synthetic_study_0,25,468,ferrihydrite,Fe10O14(OH)2,U(+6),25.521946123470862,10.065570068223076,Na(+1),0.19344254515786877,NO3(-1),0.19344254515786877,3.1,99.03089371014555
synthetic_study_1,1,469,ferrihydrite,Fe10O14(OH)2,U(+6),25.08229362201297,9.309916587641181,Na(+1),1.7821184904175278,NO3(-1),1.7821184904175278,3.1,103.0153901471236
synthetic_study_3,9,470,ferrihydrite,Fe10O14(OH)2,U(+6),25.07179056646177,5.059961075170167,Na(+1),0.014190103252272546,NO3(-1),0.014190103252272546,3.1,52.074048714410196
synthetic_study_3,30,471,ferrihydrite,Fe10O14(OH)2,U(+6),25.63047461045086,5.555026486996658,Na(+1),0.017633950062149916,NO3(-1),0.017633950062149916,3.1,73.44575655817594
synthetic_study_0,140,472,ferrihydrite,Fe10O14(OH)2,U(+6),24.80034572025446,5.604200793660443,Na(+1),0.27089780723846174,NO3(-1),0.27089780723846174,3.1,51.31914136548873
synthetic_study_1,48,473,ferrihydrite,Fe10O14(OH)2,U(+6),25.124666803374254,4.480880401117101,Na(+1),0.313350490559782,NO3(-1),0.313350490559782,3.1,7.1396086955526545
synthetic_study_3,119,474,ferrihydrite,Fe10O14(OH)2,U(+6),25.44856879233973,7.74331334448703,Na(+1),0.001915106157116304,NO3(-1),0.001915106157116304,3.1,101.50257860476397
synthetic_study_2,136,475,ferrihydrite,Fe10O14(OH)2,U(+6),24.89245906555992,7.7744727106747895,Na(+1),0.005059652232259035,NO3(-1),0.005059652232259035,3.1,102.63801877756477
synthetic_study_1,42,476,ferrihydrite,Fe10O14(OH)2,U(+6),24.97108790212369,6.535205841265126,Na(+1),0.021899985634841683,NO3(-1),0.021899985634841683,3.1,91.5915533570493
synthetic_study_1,42,477,ferrihydrite,Fe10O14(OH)2,U(+6),24.737869150360268,9.812896813389814,Na(+1),0.02306392277967186,NO3(-1),0.02306392277967186,3.1,109.79292966616877
synthetic_study_0,1,478,ferrihydrite,Fe10O14(OH)2,U(+6),24.7957331895166,4.6144187054242645,Na(+1),0.0026567129951874185,NO3(-1),0.0026567129951874185,3.1,48.31378737440247
synthetic_study_3,86,479,ferrihydrite,Fe10O14(OH)2,U(+6),25.4044190698888,5.050774044024139,Na(+1),0.0030968076558528066,NO3(-1),0.0030968076558528066,3.1,60.991068544088435
synthetic_study_0,66,480,ferrihydrite,Fe10O14(OH)2,U(+6),25.403084957096844,3.179031221933541,Na(+1),0.009183361564817152,NO3(-1),0.009183361564817152,3.1,0.0
synthetic_study_1,104,481,ferrihydrite,Fe10O14(OH)2,U(+6),24.70507921160683,8.249566431197394,Na(+1),0.32937508041287145,NO3(-1),0.32937508041287145,3.1,94.78017007048646
synthetic_study_3,17,482,ferrihydrite,Fe10O14(OH)2,U(+6),25.0776362686396,2.9100345126084424,Na(+1),0.045339756636761444,NO3(-1),0.045339756636761444,3.1,1.7453407431020214
synthetic_study_2,138,483,ferrihydrite,Fe10O14(OH)2,U(+6),24.808181635600608,4.198723396627737,Na(+1),0.006189716734516219,NO3(-1),0.006189716734516219,3.1,19.87656383037443
synthetic_study_2,132,484,ferrihydrite,Fe10O14(OH)2,U(+6),24.51849185724365,4.913181134997822,Na(+1),0.004489167826660499,NO3(-1),0.004489167826660499,3.1,56.61181777792122
synthetic_study_2,40,485,ferrihydrite,Fe10O14(OH)2,U(+6),25.059857934436753,5.6556275216658305,Na(+1),0.0016360891850124562,NO3(-1),0.0016360891850124562,3.1,92.64246344529681
synthetic_study_3,70,486,ferrihydrite,Fe10O14(OH)2,U(+6),24.766875513995597,8.030145163866205,Na(+1),0.03192080986904426,NO3(-1),0.03192080986904426,3.1,101.99970792241123
synthetic_study_1,3,487,ferrihydrite,Fe10O14(OH)2,U(+6),25.413154689609687,8.771721683991501,Na(+1),1.7956484089111389,NO3(-1),1.7956484089111389,3.1,96.83090000306761
synthetic_study_0,27,488,ferrihydrite,Fe10O14(OH)2,U(+6),25.114459316193116,7.398940212673535,Na(+1),0.007956329043505093,NO3(-1),0.007956329043505093,3.1,95.85782432148092
synthetic_study_1,31,489,ferrihydrite,Fe10O14(OH)2,U(+6),25.156605895187543,4.00182023497082,Na(+1),0.11978606490579458,NO3(-1),0.11978606490579458,3.1,10.50861243136761
synthetic_study_0,39,490,ferrihydrite,Fe10O14(OH)2,U(+6),25.434669285966034,9.335658202063776,Na(+1),0.033772694139211114,NO3(-1),0.033772694139211114,3.1,98.7090230726003
synthetic_study_3,60,491,ferrihydrite,Fe10O14(OH)2,U(+6),24.830827443750046,6.706998453259153,Na(+1),0.06464443260088745,NO3(-1),0.06464443260088745,3.1,87.23257525284309
synthetic_study_0,82,492,ferrihydrite,Fe10O14(OH)2,U(+6),25.387951885027512,8.749818833983337,Na(+1),0.005503938826053435,NO3(-1),0.005503938826053435,3.1,105.67818772787646
synthetic_study_3,24,493,ferrihydrite,Fe10O14(OH)2,U(+6),24.11558302346516,5.97579815768389,Na(+1),0.35471690467645967,NO3(-1),0.35471690467645967,3.1,67.39353281568455
synthetic_study_3,7,494,ferrihydrite,Fe10O14(OH)2,U(+6),25.063297112513993,4.615768592172468,Na(+1),0.2825886706540946,NO3(-1),0.2825886706540946,3.1,13.530663348586819
synthetic_study_2,92,495,ferrihydrite,Fe10O14(OH)2,U(+6),25.334262190349303,7.958105046836061,Na(+1),0.3258018060503661,NO3(-1),0.3258018060503661,3.1,95.6840983811478
synthetic_study_0,84,496,ferrihydrite,Fe10O14(OH)2,U(+6),25.231352151876884,4.873587571969449,Na(+1),0.07764264242847337,NO3(-1),0.07764264242847337,3.1,28.05286330019161
synthetic_study_3,61,497,ferrihydrite,Fe10O14(OH)2,U(+6),25.529505746837167,6.776681357128188,Na(+1),0.0019237711241540528,NO3(-1),0.0019237711241540528,3.1,99.47755729958608
synthetic_study_1,81,498,ferrihydrite,Fe10O14(OH)2,U(+6),24.623247700205454,8.57101422613487,Na(+1),0.5075120027998933,NO3(-1),0.5075120027998933,3.1,98.88339734330751
synthetic_study_0,6,499,ferrihydrite,Fe10O14(OH)2,U(+6),24.7636473087574,6.999748779889155,Na(+1),0.0011140595593935204,NO3(-1),0.0011140595593935204,3.1,104.33643096835677
synthetic_study_3,37,500,ferrihydrite,Fe10O14(OH)2,U(+6),25.23884654920344,3.79574166061123,Na(+1),0.006280948569473541,NO3(-1),0.006280948569473541,3.1,15.892815987422505
synthetic_study_3,144,501,ferrihydrite,Fe10O14(OH)2,U(+6),25.000252882802176,5.331543943761551,Na(+1),0.022292340989763675,NO3(-1),0.022292340989763675,3.1,56.3734859889826
synthetic_study_1,97,502,ferrihydrite,Fe10O14(OH)2,U(+6),24.050350237606953,4.606593118990643,Na(+1),0.010247740075125163,NO3(-1),0.010247740075125163,3.1,31.739884968470246
synthetic_study_0,136,503,ferrihydrite,Fe10O14(OH)2,U(+6),24.75419017149314,9.78720467224497,Na(+1),0.04438518191764881,NO3(-1),0.04438518191764881,3.1,99.348956091047
synthetic_study_3,107,504,ferrihydrite,Fe10O14(OH)2,U(+6),25.27473466601706,10.23302722118455,Na(+1),0.016663218779806904,NO3(-1),0.016663218779806904,3.1,98.48808037315382
synthetic_study_2,19,505,ferrihydrite,Fe10O14(OH)2,U(+6),24.511557860630603,5.538059629183353,Na(+1),0.012449129022717983,NO3(-1),0.012449129022717983,3.1,80.94155425562958
synthetic_study_2,79,506,ferrihydrite,Fe10O14(OH)2,U(+6),25.75891796061797,9.198729716252874,Na(+1),0.007396025125109544,NO3(-1),0.007396025125109544,3.1,107.24093305175393
synthetic_study_3,75,507,ferrihydrite,Fe10O14(OH)2,U(+6),24.69297547573972,10.470413920850138,Na(+1),0.001728458249723403,NO3(-1),0.001728458249723403,3.1,95.63874770254463
synthetic_study_1,65,508,ferrihydrite,Fe10O14(OH)2,U(+6),25.149245300286314,4.102571046463891,Na(+1),0.027112372622278308,NO3(-1),0.027112372622278308,3.1,11.712168558681192
synthetic_study_0,111,509,ferrihydrite,Fe10O14(OH)2,U(+6),25.123434913669072,3.1467611378125193,Na(+1),0.0012683802011622261,NO3(-1),0.0012683802011622261,3.1,0.9407167638261873
synthetic_study_2,14,510,ferrihydrite,Fe10O14(OH)2,U(+6),24.903299493435313,7.360575256228407,Na(+1),0.0019075994770379537,NO3(-1),0.0019075994770379537,3.1,98.67273611112385
synthetic_study_3,145,511,ferrihydrite,Fe10O14(OH)2,U(+6),24.81242038477539,9.037684477629195,Na(+1),0.0039006191357170814,NO3(-1),0.0039006191357170814,3.1,103.68008552630347
synthetic_study_3,11,512,ferrihydrite,Fe10O14(OH)2,U(+6),25.003595638827704,6.481477194984394,Na(+1),0.01139343816586314,NO3(-1),0.01139343816586314,3.1,102.94619950134908
synthetic_study_2,45,513,ferrihydrite,Fe10O14(OH)2,U(+6),24.496905022642228,9.610638897746076,Na(+1),1.6774837924870472,NO3(-1),1.6774837924870472,3.1,102.80765854887143
synthetic_study_3,52,514,ferrihydrite,Fe10O14(OH)2,U(+6),25.118835130092133,4.607663890334884,Na(+1),0.4209471049110805,NO3(-1),0.4209471049110805,3.1,11.910311635960998
synthetic_study_1,48,515,ferrihydrite,Fe10O14(OH)2,U(+6),24.86678150678388,7.358423118722702,Na(+1),0.0011728557400650277,NO3(-1),0.0011728557400650277,3.1,98.1174363416125
synthetic_study_2,52,516,ferrihydrite,Fe10O14(OH)2,U(+6),24.52473783668717,8.171696501333475,Na(+1),0.2637577424087862,NO3(-1),0.2637577424087862,3.1,99.50055086772215
synthetic_study_3,63,517,ferrihydrite,Fe10O14(OH)2,U(+6),25.361171965512654,5.499224380583942,Na(+1),0.003587422181993513,NO3(-1),0.003587422181993513,3.1,83.25626152659667
synthetic_study_1,27,518,ferrihydrite,Fe10O14(OH)2,U(+6),25.06045061005959,9.068654825726988,Na(+1),0.0034212037582715695,NO3(-1),0.0034212037582715695,3.1,102.37070119793516
synthetic_study_0,139,519,ferrihydrite,Fe10O14(OH)2,U(+6),25.31890058420307,7.363841781833314,Na(+1),0.34421581637031057,NO3(-1),0.34421581637031057,3.1,102.36130124433865
synthetic_study_0,66,520,ferrihydrite,Fe10O14(OH)2,U(+6),24.864265775325674,7.5099165079478905,Na(+1),0.004567908167242462,NO3(-1),0.004567908167242462,3.1,97.09444565965413
synthetic_study_0,71,521,ferrihydrite,Fe10O14(OH)2,U(+6),24.41349714674286,4.629066632659703,Na(+1),0.025618687364945103,NO3(-1),0.025618687364945103,3.1,21.087686457565482
synthetic_study_3,141,522,ferrihydrite,Fe10O14(OH)2,U(+6),25.327764546837408,7.695375281825829,Na(+1),0.08040021322165553,NO3(-1),0.08040021322165553,3.1,101.18548988059605
synthetic_study_2,107,523,ferrihydrite,Fe10O14(OH)2,U(+6),24.86938481597318,4.108315482621518,Na(+1),0.2747239321420102,NO3(-1),0.2747239321420102,3.1,8.749807651543932
synthetic_study_0,139,524,ferrihydrite,Fe10O14(OH)2,U(+6),24.884389454833848,5.016301346648148,Na(+1),0.22737664866580246,NO3(-1),0.22737664866580246,3.1,23.608516203370876
synthetic_study_1,106,525,ferrihydrite,Fe10O14(OH)2,U(+6),24.76349508828496,9.605108067089276,Na(+1),0.017955431016159845,NO3(-1),0.017955431016159845,3.1,98.94790993677056
synthetic_study_1,106,526,ferrihydrite,Fe10O14(OH)2,U(+6),25.54455945358125,4.323566882227733,Na(+1),0.04977260110672433,NO3(-1),0.04977260110672433,3.1,18.328198576339563
synthetic_study_0,123,527,ferrihydrite,Fe10O14(OH)2,U(+6),24.95830161247499,10.096439717021555,Na(+1),0.010019823459675717,NO3(-1),0.010019823459675717,3.1,98.20382548000745
synthetic_study_2,29,528,ferrihydrite,Fe10O14(OH)2,U(+6),25.017775361066377,8.890155187683618,Na(+1),0.16804674844451137,NO3(-1),0.16804674844451137,3.1,101.53792835182936
synthetic_study_0,80,529,ferrihydrite,Fe10O14(OH)2,U(+6),25.840167200245023,5.805636974280999,Na(+1),0.02467088827557231,NO3(-1),0.02467088827557231,3.1,85.38898167699944
synthetic_study_0,25,530,ferrihydrite,Fe10O14(OH)2,U(+6),25.01048050646486,4.284140149857458,Na(+1),0.4380020020847329,NO3(-1),0.4380020020847329,3.1,10.02794554244642
synthetic_study_3,0,531,ferrihydrite,Fe10O14(OH)2,U(+6),24.993639756329227,3.1340705156809774,Na(+1),1.9913404898997151,NO3(-1),1.9913404898997151,3.1,0.0
synthetic_study_1,29,532,ferrihydrite,Fe10O14(OH)2,U(+6),24.824205554406877,8.413197236902391,Na(+1),0.016453744947983143,NO3(-1),0.016453744947983143,3.1,108.03183297216016
synthetic_study_1,4,533,ferrihydrite,Fe10O14(OH)2,U(+6),24.358287729465516,9.967381013827005,Na(+1),0.020926520697655382,NO3(-1),0.020926520697655382,3.1,99.76626853085394
synthetic_study_2,26,534,ferrihydrite,Fe10O14(OH)2,U(+6),24.985410188988947,7.130000993407142,Na(+1),0.46513337599452115,NO3(-1),0.46513337599452115,3.1,97.07559962545876
synthetic_study_2,83,535,ferrihydrite,Fe10O14(OH)2,U(+6),25.530511041679613,4.58112168407997,Na(+1),0.010181749307148586,NO3(-1),0.010181749307148586,3.1,32.591319164220394
synthetic_study_3,120,536,ferrihydrite,Fe10O14(OH)2,U(+6),24.89196895873754,4.607547333255713,Na(+1),0.010935941686181212,NO3(-1),0.010935941686181212,3.1,40.750756132990084
synthetic_study_3,145,537,ferrihydrite,Fe10O14(OH)2,U(+6),25.552786035987403,7.4016673051245,Na(+1),0.06038240678066536,NO3(-1),0.06038240678066536,3.1,106.48462509953612
synthetic_study_3,43,538,ferrihydrite,Fe10O14(OH)2,U(+6),24.963380013512065,5.498313796442655,Na(+1),0.016683514352621578,NO3(-1),0.016683514352621578,3.1,74.43381644804748
synthetic_study_3,140,539,ferrihydrite,Fe10O14(OH)2,U(+6),25.028219464154418,9.403163312565098,Na(+1),0.0023269315546790956,NO3(-1),0.0023269315546790956,3.1,108.2768819623452
synthetic_study_0,51,540,ferrihydrite,Fe10O14(OH)2,U(+6),24.78776760346665,8.155011715437551,Na(+1),0.00940469336549787,NO3(-1),0.00940469336549787,3.1,98.6274902840529
synthetic_study_0,134,541,ferrihydrite,Fe10O14(OH)2,U(+6),25.217254217025406,4.8879706726729415,Na(+1),1.9622162799292182,NO3(-1),1.9622162799292182,3.1,10.241339441638129
synthetic_study_2,124,542,ferrihydrite,Fe10O14(OH)2,U(+6),25.400277884452898,2.976953705818973,Na(+1),0.028827969853218567,NO3(-1),0.028827969853218567,3.1,0.0
synthetic_study_0,85,543,ferrihydrite,Fe10O14(OH)2,U(+6),25.168259745161148,5.445983067483747,Na(+1),0.630402824991779,NO3(-1),0.630402824991779,3.1,43.24486209086854
synthetic_study_3,91,544,ferrihydrite,Fe10O14(OH)2,U(+6),25.163692029144002,7.980513604381313,Na(+1),0.0026422003156463428,NO3(-1),0.0026422003156463428,3.1,97.2021284577922
synthetic_study_2,21,545,ferrihydrite,Fe10O14(OH)2,U(+6),25.007989129616668,8.962945198336675,Na(+1),0.028781580054384893,NO3(-1),0.028781580054384893,3.1,108.30193872284605
synthetic_study_3,96,546,ferrihydrite,Fe10O14(OH)2,U(+6),25.133799480704976,7.25224730715829,Na(+1),0.0023593932423791385,NO3(-1),0.0023593932423791385,3.1,98.24302595714398
synthetic_study_3,32,547,ferrihydrite,Fe10O14(OH)2,U(+6),24.729345877107722,8.69782700188616,Na(+1),0.2469391819856649,NO3(-1),0.2469391819856649,3.1,105.98206542187447
synthetic_study_0,146,548,ferrihydrite,Fe10O14(OH)2,U(+6),25.235472800985068,9.283059083542092,Na(+1),0.012220906304876064,NO3(-1),0.012220906304876064,3.1,104.21664029286315
synthetic_study_2,99,549,ferrihydrite,Fe10O14(OH)2,U(+6),25.033162404104193,3.9076158063564055,Na(+1),0.9340867100059267,NO3(-1),0.9340867100059267,3.1,0.0
synthetic_study_0,74,550,ferrihydrite,Fe10O14(OH)2,U(+6),24.812725031082987,7.048031741995678,Na(+1),0.014921597400529474,NO3(-1),0.014921597400529474,3.1,96.94939565541948
synthetic_study_2,48,551,ferrihydrite,Fe10O14(OH)2,U(+6),24.5215818436311,10.00280518415267,Na(+1),1.9394015632704085,NO3(-1),1.9394015632704085,3.1,102.74153388250146
synthetic_study_0,21,552,ferrihydrite,Fe10O14(OH)2,U(+6),25.100794327837857,7.827401705566133,Na(+1),0.04799331340428058,NO3(-1),0.04799331340428058,3.1,103.64312063675554
synthetic_study_3,79,553,ferrihydrite,Fe10O14(OH)2,U(+6),25.164035389234,6.601371916811476,Na(+1),1.6721918978320092,NO3(-1),1.6721918978320092,3.1,84.38201010660876
synthetic_study_3,138,554,ferrihydrite,Fe10O14(OH)2,U(+6),25.022008616557187,5.123925900508705,Na(+1),0.025374358456415,NO3(-1),0.025374358456415,3.1,51.175608623394425
synthetic_study_3,15,555,ferrihydrite,Fe10O14(OH)2,U(+6),24.88206927278394,4.393687124490821,Na(+1),0.010571654569159528,NO3(-1),0.010571654569159528,3.1,21.70558027893886
synthetic_study_0,103,556,ferrihydrite,Fe10O14(OH)2,U(+6),24.91709924948612,8.11997577041203,Na(+1),0.402382243340412,NO3(-1),0.402382243340412,3.1,100.09344986703651
synthetic_study_0,16,557,ferrihydrite,Fe10O14(OH)2,U(+6),25.193119458441686,6.15980407769562,Na(+1),0.016838232064077443,NO3(-1),0.016838232064077443,3.1,87.61039538415288
synthetic_study_3,75,558,ferrihydrite,Fe10O14(OH)2,U(+6),24.65632990980436,9.375051087623081,Na(+1),0.01275123230892278,NO3(-1),0.01275123230892278,3.1,92.14641212655565
synthetic_study_2,89,559,ferrihydrite,Fe10O14(OH)2,U(+6),24.695305593363425,4.6694879748607026,Na(+1),0.8402630776880399,NO3(-1),0.8402630776880399,3.1,6.5680038979194535
synthetic_study_3,21,560,ferrihydrite,Fe10O14(OH)2,U(+6),25.238966243374303,3.4421905524185936,Na(+1),0.1186254518574083,NO3(-1),0.1186254518574083,3.1,3.7696946888932876
synthetic_study_0,4,561,ferrihydrite,Fe10O14(OH)2,U(+6),24.92018131212685,9.098126265630096,Na(+1),0.03451730172689674,NO3(-1),0.03451730172689674,3.1,98.66774951816498
synthetic_study_1,50,562,ferrihydrite,Fe10O14(OH)2,U(+6),24.983333540516384,2.6870369677691706,Na(+1),0.32462043365973814,NO3(-1),0.32462043365973814,3.1,0.0
synthetic_study_2,69,563,ferrihydrite,Fe10O14(OH)2,U(+6),25.4333758415091,8.460087723082243,Na(+1),0.010058076160571833,NO3(-1),0.010058076160571833,3.1,99.12668027306742
synthetic_study_0,129,564,ferrihydrite,Fe10O14(OH)2,U(+6),25.311829748899314,7.901338309074165,Na(+1),0.0036339824331545387,NO3(-1),0.0036339824331545387,3.1,99.72389950205239
synthetic_study_2,78,565,ferrihydrite,Fe10O14(OH)2,U(+6),24.833681627814446,5.74582318625192,Na(+1),0.5897553051602593,NO3(-1),0.5897553051602593,3.1,57.63990824784843
synthetic_study_2,3,566,ferrihydrite,Fe10O14(OH)2,U(+6),24.902708667607282,8.987600995127943,Na(+1),0.006551763378999348,NO3(-1),0.006551763378999348,3.1,97.87925088375287
synthetic_study_1,96,567,ferrihydrite,Fe10O14(OH)2,U(+6),25.291289051746443,8.210817128149433,Na(+1),0.004446866475420938,NO3(-1),0.004446866475420938,3.1,104.29849511659097
synthetic_study_2,24,568,ferrihydrite,Fe10O14(OH)2,U(+6),24.932722349998247,3.942346908789445,Na(+1),0.012365069358180159,NO3(-1),0.012365069358180159,3.1,14.641935782951908
synthetic_study_0,131,569,ferrihydrite,Fe10O14(OH)2,U(+6),24.83679536789516,4.008402064848572,Na(+1),0.0026666194491865892,NO3(-1),0.0026666194491865892,3.1,19.804567982856952
synthetic_study_2,124,570,ferrihydrite,Fe10O14(OH)2,U(+6),25.39149794640723,8.423485977249175,Na(+1),0.7680892596445337,NO3(-1),0.7680892596445337,3.1,95.84234243721994
synthetic_study_0,38,571,ferrihydrite,Fe10O14(OH)2,U(+6),24.72693310542059,8.453730973862513,Na(+1),0.03424123432282248,NO3(-1),0.03424123432282248,3.1,99.64587299027517
synthetic_study_2,32,572,ferrihydrite,Fe10O14(OH)2,U(+6),25.269654512690867,6.98591823686951,Na(+1),0.0032190017055310333,NO3(-1),0.0032190017055310333,3.1,98.53590179216943
synthetic_study_1,74,573,ferrihydrite,Fe10O14(OH)2,U(+6),24.35404443880738,7.693210633113714,Na(+1),0.042063795764040846,NO3(-1),0.042063795764040846,3.1,98.52013417149091
synthetic_study_0,34,574,ferrihydrite,Fe10O14(OH)2,U(+6),24.883865661510157,4.8799044584483795,Na(+1),0.02353035621367986,NO3(-1),0.02353035621367986,3.1,34.892484721901965
synthetic_study_3,20,575,ferrihydrite,Fe10O14(OH)2,U(+6),25.032072325573388,4.726697934631477,Na(+1),0.03195171743893464,NO3(-1),0.03195171743893464,3.1,27.830246922699818
synthetic_study_2,67,576,ferrihydrite,Fe10O14(OH)2,U(+6),25.15016888649414,9.170591506673624,Na(+1),0.001019261519808103,NO3(-1),0.001019261519808103,3.1,96.32513281057929
synthetic_study_3,18,577,ferrihydrite,Fe10O14(OH)2,U(+6),24.457819084296883,6.097973305892172,Na(+1),0.011743716777157333,NO3(-1),0.011743716777157333,3.1,91.0444999312679
synthetic_study_1,142,578,ferrihydrite,Fe10O14(OH)2,U(+6),24.683176042509555,5.691892116862598,Na(+1),0.5838938225107678,NO3(-1),0.5838938225107678,3.1,48.7532724522754
synthetic_study_0,18,579,ferrihydrite,Fe10O14(OH)2,U(+6),25.19327984008596,6.406190115623834,Na(+1),0.06727131428879848,NO3(-1),0.06727131428879848,3.1,89.03835127777923
synthetic_study_1,34,580,ferrihydrite,Fe10O14(OH)2,U(+6),24.966744861269014,9.955089447809577,Na(+1),0.3192292951286492,NO3(-1),0.3192292951286492,3.1,101.96893940009946
synthetic_study_0,116,581,ferrihydrite,Fe10O14(OH)2,U(+6),24.655402598464327,6.783628898440135,Na(+1),0.045393553732657216,NO3(-1),0.045393553732657216,3.1,96.89731098642505
synthetic_study_1,97,582,ferrihydrite,Fe10O14(OH)2,U(+6),24.97744102497759,9.177595255601569,Na(+1),0.0036870496920800083,NO3(-1),0.0036870496920800083,3.1,94.44263419220079
synthetic_study_1,72,583,ferrihydrite,Fe10O14(OH)2,U(+6),25.395810340690954,3.096305104776614,Na(+1),0.00207520927395596,NO3(-1),0.00207520927395596,3.1,5.139309063459714
synthetic_study_0,58,584,ferrihydrite,Fe10O14(OH)2,U(+6),25.11191408340859,4.938378812314863,Na(+1),0.005619318855863722,NO3(-1),0.005619318855863722,3.1,59.088989048234886
synthetic_study_0,121,585,ferrihydrite,Fe10O14(OH)2,U(+6),24.61242075006576,3.056979374542549,Na(+1),0.2896226610676971,NO3(-1),0.2896226610676971,3.1,4.988879911560063
synthetic_study_2,3,586,ferrihydrite,Fe10O14(OH)2,U(+6),25.421964259722973,7.28350666149099,Na(+1),0.03302407567781448,NO3(-1),0.03302407567781448,3.1,97.49879597532615
synthetic_study_2,99,587,ferrihydrite,Fe10O14(OH)2,U(+6),25.177806841649033,5.7668875548576,Na(+1),0.006881662709229022,NO3(-1),0.006881662709229022,3.1,87.37043540756216
synthetic_study_1,59,588,ferrihydrite,Fe10O14(OH)2,U(+6),25.156392429622986,4.959161596291246,Na(+1),0.0048939856400853745,NO3(-1),0.0048939856400853745,3.1,63.37660310664564
synthetic_study_1,138,589,ferrihydrite,Fe10O14(OH)2,U(+6),25.10976781995874,6.165780445604054,Na(+1),0.6413172634975821,NO3(-1),0.6413172634975821,3.1,67.4189860359598
synthetic_study_1,31,590,ferrihydrite,Fe10O14(OH)2,U(+6),25.025992728391383,4.061155000338143,Na(+1),0.17907658041310537,NO3(-1),0.17907658041310537,3.1,2.3041259958206317
synthetic_study_2,81,591,ferrihydrite,Fe10O14(OH)2,U(+6),25.071984365302942,9.5566628206848,Na(+1),0.0010376238261856111,NO3(-1),0.0010376238261856111,3.1,95.58808799133782
synthetic_study_1,18,592,ferrihydrite,Fe10O14(OH)2,U(+6),25.004316377211925,7.408077003638552,Na(+1),1.5903232574305974,NO3(-1),1.5903232574305974,3.1,97.170400739831
synthetic_study_2,6,593,ferrihydrite,Fe10O14(OH)2,U(+6),24.707449390223253,8.198781228105746,Na(+1),0.367865466108709,NO3(-1),0.367865466108709,3.1,103.12086219816916
synthetic_study_2,57,594,ferrihydrite,Fe10O14(OH)2,U(+6),25.046048541242946,8.811730914435268,Na(+1),0.46752802981585195,NO3(-1),0.46752802981585195,3.1,102.18740483691751
synthetic_study_1,17,595,ferrihydrite,Fe10O14(OH)2,U(+6),24.545236622881724,8.703731119341917,Na(+1),0.002031408009370895,NO3(-1),0.002031408009370895,3.1,100.08794276445771
synthetic_study_3,141,596,ferrihydrite,Fe10O14(OH)2,U(+6),25.39759446951046,6.9260505101359815,Na(+1),0.1409040010234112,NO3(-1),0.1409040010234112,3.1,89.2640017130849
synthetic_study_1,48,597,ferrihydrite,Fe10O14(OH)2,U(+6),25.616153258564182,9.466842272302873,Na(+1),0.017316718729171027,NO3(-1),0.017316718729171027,3.1,104.52852112096599
synthetic_study_0,131,598,ferrihydrite,Fe10O14(OH)2,U(+6),25.045498415959976,9.812949153397419,Na(+1),0.02640899237705088,NO3(-1),0.02640899237705088,3.1,104.66551396713687
synthetic_study_3,47,599,ferrihydrite,Fe10O14(OH)2,U(+6),25.308388333001513,6.086760704990645,Na(+1),0.022879237382374396,NO3(-1),0.022879237382374396,3.1,87.78693922031313
