system,verdict,reason,n_points,pH_span,n_distinct_I_levels,I_levels_list,joint_coverage_fraction,n_refs_total,n_refs_with_sufficient_I_variation,pct_points_in_I_varying_refs,site_density_status,n_references,temp_range_C,pH_min,pH_max,I_min,I_max,n_rows_total,missing_response,missing_pH,missing_I,invalid_response_values,n_sets,median_replicates_per_set,site_density_mean,site_density_cv,n_distinct_formulas,initial_bandwidth_pH_scaled,initial_bandwidth_I_scaled,n_points_in_I_varying_refs
alumina-Cl(+7)+Na(+1)-Cs(+1),PASS,meets all thresholds,131,5.2347,8,"0.25, 1.25, 2.5, 6.25, 12.5, 25, 62.5, 125",0.6666666666666666,1,1,100.0,"fixed, as expected",1,,4.7806,10.0153,0.25,125.0,131,0,0,0,0,10,13.5,2.31,0.0,1,0.0131,0.0131,131
goethite-Cl(-1)+Na(+1)+P(+5)-Se(+4),PASS,meets all thresholds,104,8.8988,6,"0.105, 0.11, 0.116, 0.132, 0.164, 0.261",0.6111111111111112,1,1,100.0,"fixed, as expected",1,0.0,3.1243,12.0231,0.105,0.261,104,0,0,0,0,6,16.0,2.3099999999999996,1.9317739199229515e-16,1,0.0335,0.0335,104
illite-Cl(+7)+Na(+1)-Zn(+2),PASS,meets all thresholds,372,8.5944,5,"0.028, 0.25, 2.5, 12.5, 25",0.3888888888888889,1,1,100.0,"fixed, as expected",1,,2.63,11.2244,0.028,25.0,372,0,0,0,0,23,16.0,2.3099999999999996,1.9250532903334454e-16,0,0.0,0.0,372
bentonite-Cl(+7)+Na(+1)-Co(+2),MARGINAL,84 points (< preferred 100); 4 distinct I levels (< preferred),84,6.8521600000000005,4,"0.25, 2.5, 5, 12.5",0.6666666666666666,1,1,100.0,"fixed, as expected",1,,2.98731,9.83947,0.25,12.5,84,0,0,0,0,8,10.5,2.31,0.0,0,0.0227,0.0227,84
ferrihydrite-N(+5)+Na(+1)+P(+5)-U(+6),MARGINAL,3 distinct I levels (< preferred); 1 invalid (negative) response values,105,7.3732,3,"0.261, 1.301, 6.501",0.5,1,1,100.0,"fixed, as expected",1,,2.617,9.9902,0.261,6.501,105,0,0,0,1,8,13.5,2.3099999999999996,1.931684616179755e-16,1,0.0019,0.0019,105
illite-Cl(-1)+Na(+1)-Eu(+3),MARGINAL,81 points (< preferred 100); 3 distinct I levels (< preferred),81,8.610299999999999,3,"0.09, 0.92, 3.9",0.5,1,1,100.0,"fixed, as expected",1,,3.0699,11.6802,0.09,3.9,81,0,0,0,0,3,27.0,2.3099999999999996,1.9344421973355377e-16,0,0.0175,0.0175,81
montmorillonite-Cl(-1)+Na(+1)-U(+6),MARGINAL,66 points (< preferred 100); 3 distinct I levels (< preferred),66,5.0195799999999995,3,"0.001, 0.01, 0.025",0.5,1,1,100.0,"fixed, as expected",1,,3.99128,9.01086,0.001,0.025,66,0,0,0,0,6,11.0,2.31,0.0,0,0.0019,0.0019,66
ferrihydrite-N(+5)+Na(+1)+U(+6)-P(+5),MARGINAL,56 points (< preferred 100); 4 distinct I levels (< preferred),56,6.922699999999999,4,"0.278, 1.302, 1.318, 6.518",0.5,1,1,100.0,"fixed, as expected",1,,3.0243,9.947,0.278,6.518,56,0,0,0,0,4,13.5,2.31,0.0,1,0.0289,0.0289,56
magnetite-Cl(+7)+Na(+1)-U(+6),MARGINAL,94 points (< preferred 100); 4 distinct I levels (< preferred); data pooled from 2 sources - check protocol consistency,94,6.889800000000001,4,"0.025, 0.25, 2.5, 5",0.4722222222222222,2,2,100.0,"fixed, as expected",2,,2.6053,9.4951,0.025,5.0,94,0,0,0,0,8,14.0,2.31,0.0,1,0.0153,0.0153,94
montmorillonite-Cl(-1)+Na(+1)-Eu(+3),MARGINAL,85 points (< preferred 100); 3 distinct I levels (< preferred),85,8.8883,3,"0.09, 0.92, 3.9",0.4722222222222222,1,1,100.0,"fixed, as expected",1,,3.0594,11.9477,0.09,3.9,85,0,0,0,0,3,28.0,2.31,0.0,0,0.0179,0.0179,85
bentonite-Cl(+7)+Na(+1)-Sr(+2),MARGINAL,64 points (< preferred 100); 4 distinct I levels (< preferred),64,6.41671,4,"0.05, 0.25, 1.25, 2.5",0.4722222222222222,1,1,100.0,"fixed, as expected",1,,3.5089,9.92561,0.05,2.5,64,0,0,0,0,7,9.0,2.31,0.0,0,0.0,0.0,64
hematite-Cl(+7)+Na(+1)-Citric acid,MARGINAL,66 points (< preferred 100); 3 distinct I levels (< preferred),66,8.971919999999999,3,"0.05, 2.5, 12.5",0.4166666666666667,1,1,100.0,"fixed, as expected",1,,1.44918,10.4211,0.05,12.5,66,0,0,0,0,8,10.0,2.31,0.0,1,0.002,0.002,66
illite-Cl(+7)+Na(+1)-Pu,MARGINAL,55 points (< preferred 100); 3 distinct I levels (< preferred),55,7.19351,3,"2.5, 25, 80",0.3611111111111111,1,1,100.0,"fixed, as expected",1,,3.04159,10.2351,2.5,80.0,55,0,0,0,0,3,19.0,2.3100000000000005,1.9401830497163308e-16,0,0.0045,0.0045,55
hematite-C(+4)+Cl(+7)+Na(+1)-Am(+3),MARGINAL,4 distinct I levels (< preferred); 2 invalid (negative) response values,299,8.376000000000001,4,"0.025, 0.25, 2.5, 25",0.3333333333333333,1,1,100.0,"fixed, as expected",1,,1.924,10.3,0.025,25.0,299,0,0,0,2,22,12.0,2.3099999999999996,1.9256870213124653e-16,1,0.001,0.001,299
hematite-C(+4)+Cl(+7)+Na(+1)-U(+6),MARGINAL,3 distinct I levels (< preferred); 1 invalid (negative) response values,223,9.3452,3,"0.25, 2.5, 25",0.3333333333333333,1,1,100.0,"fixed, as expected",1,,1.74,11.0852,0.25,25.0,223,0,0,0,1,14,16.5,2.3099999999999996,1.9267891209976958e-16,1,0.0007,0.0007,223
magnetite-Cl(-1)+Na(+1)-Se(-2),MARGINAL,3 distinct I levels (< preferred),180,5.4799999999999995,3,"0.01, 0.1, 1",0.3333333333333333,1,1,100.0,"fixed, as expected",1,,7.11,12.59,0.01,1.0,180,0,0,0,0,3,60.0,2.3099999999999996,1.927826644251662e-16,1,0.0036,0.0036,180
goethite-Cl(-1)+Na(+1)-Se(-2),MARGINAL,3 distinct I levels (< preferred),159,5.51,3,"0.01, 0.1, 1",0.3333333333333333,1,1,100.0,"fixed, as expected",1,,7.17,12.68,0.01,1.0,159,0,0,0,0,6,26.5,2.3099999999999996,1.9285382632549768e-16,1,0.0054,0.0054,159
hematite-C(+4)+Cl(+7)+Na(+1)-Co(+2),MARGINAL,3 distinct I levels (< preferred); 10 invalid (negative) response values,152,8.4842,3,"0.025, 0.25, 2.5",0.3333333333333333,1,1,100.0,"fixed, as expected",1,,2.8704,11.3546,0.025,2.5,152,0,0,0,10,10,14.5,2.31,0.0,1,0.002,0.002,152
biotite-Cl(-1)+Na(+1)-Se(-2),MARGINAL,3 distinct I levels (< preferred),100,5.170000000000001,3,"0.01, 0.1, 1",0.3333333333333333,1,1,100.0,"fixed, as expected",1,,7.46,12.63,0.01,1.0,100,0,0,0,0,3,30.0,2.3099999999999996,1.932149130943276e-16,0,0.0077,0.0077,100
montmorillonite-Na(+1)-Ra(+2),MARGINAL,86 points (< preferred 100); 3 distinct I levels (< preferred),86,9.681479999999999,3,"0, 0.005, 0.05",0.3333333333333333,1,1,100.0,"fixed, as expected",1,,2.15802,11.8395,0.0,0.05,86,0,0,0,0,4,20.0,2.31,0.0,0,0.0165,0.0165,86
ferrihydrite-Cl(-1)+Na(+1)-Se(+6),MARGINAL,79 points (< preferred 100); 3 distinct I levels (< preferred); 1 invalid (negative) response values,79,7.5988,3,"0.01, 0.1, 1",0.3333333333333333,1,1,100.0,"fixed, as expected",1,,3.3936,10.9924,0.01,1.0,79,0,0,0,1,6,13.0,2.31,0.0,1,0.0149,0.0149,79
ferrihydrite-N(+5)+Na(+1)-Ni(+2),MARGINAL,73 points (< preferred 100); pH span 4.58 (< preferred 5.0); 3 distinct I levels (< preferred); data pooled from 2 sources - check protocol consistency,73,4.5841,3,"0.39, 0.403, 19.5",0.3333333333333333,2,2,100.0,"fixed, as expected",2,,4.9638,9.5479,0.39,19.5,73,0,0,0,0,7,10.0,2.31,0.0,1,0.0009,0.0009,73
gibbsite-Cl(+7)+Na(+1)-Np(+5),MARGINAL,69 points (< preferred 100); pH span 4.49 (< preferred 5.0); 3 distinct I levels (< preferred),69,4.4872,3,"0.025, 0.25, 2.5",0.3333333333333333,1,1,100.0,"fixed, as expected",1,,4.4459,8.9331,0.025,2.5,69,0,0,0,0,5,14.0,2.31,0.0,1,0.0128,0.0128,69
goethite-Cl(+7)+Na(+1)-Se(+4),MARGINAL,65 points (< preferred 100); 3 distinct I levels (< preferred),65,8.394300000000001,3,"0.025, 0.25, 2.5",0.3333333333333333,1,1,100.0,"fixed, as expected",1,,2.5088,10.9031,0.025,2.5,65,0,0,0,0,7,9.0,2.31,0.0,1,0.0145,0.0145,65
ferrihydrite-Cl(-1)+Na(+1)-Se(+4),MARGINAL,60 points (< preferred 100); 3 distinct I levels (< preferred); 1 invalid (negative) response values,60,8.3431,3,"0.01, 0.1, 1",0.3333333333333333,1,1,100.0,"fixed, as expected",1,,3.3527,11.6958,0.01,1.0,60,0,0,0,1,6,10.0,2.3100000000000005,1.9386877253710943e-16,1,0.0245,0.0245,60
illite-Cl(+7)+Na(+1)-Cs(+1),MARGINAL,3 distinct I levels (< preferred); data pooled from 2 sources - check protocol consistency,267,8.2386,3,"0.25, 2.5, 25",0.3055555555555556,2,2,100.0,"fixed, as expected",2,,2.6114,10.85,0.25,25.0,267,0,0,0,0,15,15.0,2.31,0.0,0,0.0004,0.0004,267
ferrous oxide-Cl(-1)+Na(+1)-Se(-2),MARGINAL,75 points (< preferred 100); pH span 4.70 (< preferred 5.0); 3 distinct I levels (< preferred),75,4.7,3,"0.01, 0.1, 1",0.3055555555555556,1,1,100.0,"fixed, as expected",1,,7.79,12.49,0.01,1.0,75,0,0,0,0,3,25.0,2.31,0.0,1,0.0149,0.0149,75
goethite-Cl(+7)+Na(+1)-Pu,MARGINAL,67 points (< preferred 100); 3 distinct I levels (< preferred),67,9.25806,3,"0.025, 0.25, 2.5",0.3055555555555556,1,1,100.0,"fixed, as expected",1,,1.46774,10.7258,0.025,2.5,67,0,0,0,0,3,22.0,2.31,0.0,1,0.0139,0.0139,67
montmorillonite-Cl(-1)+Na(+1)-Ba(+2),MARGINAL,74 points (< preferred 100); 3 distinct I levels (< preferred),74,7.2700000000000005,3,"0.02, 0.03, 0.3",0.2777777777777778,1,1,100.0,"fixed, as expected",1,,3.3,10.57,0.02,0.3,74,0,0,0,0,3,22.0,2.31,0.0,0,0.0,0.0,74
biotite-Cl(-1)+Na(+1)-Se(+4),MARGINAL,55 points (< preferred 100); 3 distinct I levels (< preferred),55,5.240000000000001,3,"0.01, 0.1, 1",0.2777777777777778,1,1,100.0,"fixed, as expected",1,,7.06,12.3,0.01,1.0,55,0,0,0,0,3,15.0,2.3100000000000005,1.9401830497163308e-16,0,0.0134,0.0134,55
illite-Cl(-1)+Na(+1)-Pb(+2),MARGINAL,3 distinct I levels (< preferred),222,7.893,3,"0.02, 0.1, 0.3",0.2222222222222222,1,1,100.0,"fixed, as expected",1,,1.547,9.44,0.02,0.3,222,0,0,0,0,10,23.5,2.3099999999999996,1.9268086691111122e-16,0,0.0,0.0,222
ferrihydrite-Cl(-1)+Na(+1)-Ra(+2),MARGINAL,89 points (< preferred 100); 4 distinct I levels (< preferred); data pooled from 2 sources - check protocol consistency,89,6.916189999999999,4,"0.003, 0.01, 0.03, 0.3",0.2222222222222222,2,1,95.5,"fixed, as expected",2,,3.0256,9.94179,0.003,0.3,89,0,0,0,0,7,9.0,2.3099999999999996,1.9333563470129126e-16,0,0.0063,0.0063,85
montmorillonite-Cl(+7)+Na(+1)-Ni(+2),MARGINAL,3 distinct I levels (< preferred); data pooled from 3 sources - check protocol consistency,575,10.06341,3,"0.25, 0.75, 2.5",0.3888888888888889,3,2,95.3,"fixed, as expected",3,,1.97399,12.0374,0.25,2.5,575,0,0,0,0,18,23.0,2.31,0.0,0,0.0001,0.0001,548
magnetite-Cl(+7)+Na(+1)-Se(+4),MARGINAL,73 points (< preferred 100); data pooled from 2 sources - check protocol consistency,73,8.6211,5,"0.002, 0.025, 0.25, 0.5, 2.5",0.4166666666666667,2,1,89.0,"fixed, as expected",2,,2.3789,11.0,0.002,2.5,73,0,0,0,0,15,1.0,2.31,0.0,1,0.0099,0.0099,65
kaolinite-Cl(-1)+Na(+1)-U(+6),MARGINAL,65 points (< preferred 100); 3 distinct I levels (< preferred); data pooled from 2 sources - check protocol consistency,65,6.7175,3,"0.001, 0.01, 0.025",0.5,2,1,86.8,"fixed, as expected",2,,2.9881,9.7056,0.001,0.025,76,11,0,0,0,7,11.0,2.31,0.0,0,0.0027,0.0027,66
quartz-Cl(-1)+Na(+1)-Ra(+2),MARGINAL,74 points (< preferred 100); 3 distinct I levels (< preferred); data pooled from 2 sources - check protocol consistency,74,9.7237,3,"0.001, 0.01, 0.1",0.2777777777777778,2,1,86.5,"fixed, as expected",2,,1.5533,11.277,0.001,0.1,74,0,0,0,0,5,10.0,2.31,0.0,1,0.0116,0.0116,64
bentonite-Cl(+7)+Na(+1)-Eu(+3),MARGINAL,69 points (< preferred 100); 4 distinct I levels (< preferred); data pooled from 2 sources - check protocol consistency,69,10.2818,4,"0.025, 0.25, 1.25, 2.5",0.4166666666666667,2,1,85.5,"fixed, as expected",2,,1.2081,11.4899,0.025,2.5,69,0,0,0,0,7,10.0,2.31,0.0,0,0.0235,0.0235,59
illite-Cl(+7)+Na(+1)-Co(+2),MARGINAL,data pooled from 3 sources - check protocol consistency,345,8.329,5,"0.25, 0.75, 2.5, 7.5, 25",0.2777777777777778,3,1,78.8,"fixed, as expected",3,,2.561,10.89,0.25,25.0,345,0,0,0,0,20,19.0,2.3099999999999996,1.9252563633575524e-16,0,0.0,0.0,272
ferrihydrite-N(+5)+Na(+1)-U(+6),MARGINAL,10 invalid (negative) response values; data pooled from 8 sources - check protocol consistency,668,7.566799999999999,9,"0.052, 0.065, 0.13, 0.142, 0.26, 1.3, 6.5, 13, 32.5",0.4444444444444444,8,2,77.4,"fixed, as expected",8,,2.5745,10.1413,0.052,32.5,668,0,0,0,10,46,11.5,2.3099999999999996,1.9239046996769915e-16,1,0.0006,0.0006,517
goethite-N(+5)+Na(+1)-U(+6),MARGINAL,data pooled from 4 sources - check protocol consistency,275,6.229700000000001,5,"0.013, 0.13, 1.3, 6.5, 9.1",0.2777777777777778,4,1,74.5,"fixed, as expected",4,,2.9903,9.22,0.013,9.1,275,0,0,0,0,30,6.0,2.31,0.0,1,0.0016,0.0016,205
ferrihydrite-N(+5)+Na(+1)-Zn(+2),MARGINAL,4 distinct I levels (< preferred); data pooled from 2 sources - check protocol consistency,101,5.5967,4,"0.39, 0.403, 1.3, 19.5",0.3333333333333333,2,1,69.3,"fixed, as expected",2,,4.3787,9.9754,0.39,19.5,101,0,0,0,0,6,14.5,2.3099999999999996,1.9320525210714215e-16,1,0.0009,0.0009,70
gibbsite-Cl(+7)+Na(+1)-U(+6),MARGINAL,data pooled from 3 sources - check protocol consistency,210,6.4353,5,"0.025, 1.25, 2.375, 2.45, 2.5",0.4166666666666667,3,1,69.0,"fixed, as expected",3,,2.5214,8.9567,0.025,2.5,210,0,0,0,0,12,16.0,2.3099999999999996,1.927057820035941e-16,1,0.0044,0.0044,145
magnetite-Cl(-1)+Na(+1)-Se(+4),MARGINAL,data pooled from 3 sources - check protocol consistency,111,10.3,5,"0, 0.001, 0.01, 0.1, 1",0.2777777777777778,3,1,67.6,"fixed, as expected",3,,2.0,12.3,0.0,1.0,111,0,0,0,0,9,8.0,2.3099999999999996,1.931182814738328e-16,1,0.0049,0.0049,75
quartz-K(+1)+N(+5)-U(+6),MARGINAL,3 distinct I levels (< preferred); 4 invalid (negative) response values; data pooled from 2 sources - check protocol consistency,117,6.5955,3,"0.065, 0.13, 1.3",0.3055555555555556,2,1,67.5,"fixed, as expected",2,,2.8052,9.4007,0.065,1.3,117,0,0,0,4,10,11.5,2.31,0.0,1,0.0016,0.0016,79
goethite-Cl(-1)+Na(+1)-Se(+6),MARGINAL,3 invalid (negative) response values; data pooled from 4 sources - check protocol consistency,125,8.1349,5,"0.005, 0.01, 0.015, 0.1, 1",0.3333333333333333,4,1,65.6,"fixed, as expected",4,,2.3402,10.4751,0.005,1.0,125,0,0,0,3,12,12.0,2.31,0.0,1,0.0086,0.0086,82
goethite-N(+5)+Na(+1)-Se(+4),MARGINAL,86 points (< preferred 100); data pooled from 3 sources - check protocol consistency,86,8.733500000000001,5,"0.065, 0.088, 0.13, 1.3, 13",0.25,3,2,60.5,"fixed, as expected",3,,3.1809,11.9144,0.065,13.0,86,0,0,0,0,10,8.0,2.31,0.0,1,0.0023,0.0023,52
magnetite-Cl(-1)+Na(+1)-U(+6),MARGINAL,51 points (< preferred 100); data pooled from 3 sources - check protocol consistency,51,8.8178,5,"0, 0.001, 0.01, 0.1, 1",0.3333333333333333,3,1,58.8,"fixed, as expected",3,,1.955,10.7728,0.0,1.0,51,0,0,0,0,8,6.0,2.3100000000000005,1.9415935792008744e-16,1,0.0172,0.0172,30
hematite-Cl(+7)+Na(+1)-U(+6),MARGINAL,3 distinct I levels (< preferred); 1 invalid (negative) response values; data pooled from 3 sources - check protocol consistency,120,8.9544,3,"0.025, 0.25, 2.5",0.3055555555555556,3,1,55.8,"fixed, as expected",3,,1.3808,10.3352,0.025,2.5,120,0,0,0,1,8,15.5,2.31,0.0,1,0.0041,0.0041,67
illite-Cl(+7)+Na(+1)-Ni(+2),MARGINAL,3 distinct I levels (< preferred); data pooled from 5 sources - check protocol consistency,699,8.4623,3,"0.25, 2.5, 12.5",0.5,5,1,54.8,"fixed, as expected",5,,2.6777,11.14,0.25,12.5,699,0,0,0,0,31,24.0,2.3099999999999996,1.9238407423083701e-16,0,0.0,0.0,383
gibbsite-Cl(-1)+Na(+1)-S(+6),MARGINAL,65 points (< preferred 100); 3 distinct I levels (< preferred); data pooled from 3 sources - check protocol consistency,65,7.039200000000001,3,"0.001, 0.01, 0.1",0.3333333333333333,3,1,52.3,"fixed, as expected",3,,3.3568,10.396,0.001,0.1,65,0,0,0,0,6,9.0,2.31,0.0,1,0.0222,0.0222,34
goethite-K(+1)+N(+5)-Oxalic acid,MARGINAL,4 distinct I levels (< preferred); data pooled from 4 sources - check protocol consistency,315,98.4799081,4,"0.13, 0.65, 1.3, 6.5",0.2222222222222222,4,1,52.1,"fixed, as expected",4,5.0,0.0200919,98.5,0.13,6.5,315,0,0,0,0,24,12.5,2.31,0.0,1,0.0,0.0,164
illite-Cl(+7)+Na(+1)-Eu(+3),MARGINAL,data pooled from 6 sources - check protocol consistency,607,9.0371,6,"0.25, 0.5, 2.5, 5, 12.5, 25",0.5277777777777778,6,2,51.4,"fixed, as expected",6,,2.5443,11.5814,0.25,25.0,607,0,0,0,0,30,19.0,2.31,0.0,0,0.0007,0.0007,312
bentonite-Cl(-1)+Na(+1)-U(+6),MARGINAL,temperature range 58.0 degrees C within this system (unmodeled confound); data pooled from 4 sources - check protocol consistency; only 39% of points come from references with internal I variation,295,8.802900000000001,6,"0.001, 0.01, 0.02, 0.025, 0.06, 0.1",0.6111111111111112,4,2,38.6,"fixed, as expected",4,58.0,1.8812,10.6841,0.001,0.1,295,0,0,0,0,19,14.0,2.31,0.0,0,0.0012,0.0012,114
montmorillonite-N(+5)+Na(+1)-U(+6),MARGINAL,3 distinct I levels (< preferred); 18 invalid (negative) response values; data pooled from 4 sources - check protocol consistency; only 27% of points come from references with internal I variation,595,7.8871,3,"0.013, 0.13, 1.3",0.3333333333333333,4,1,26.6,"fixed, as expected",4,0.0,1.6549,9.542,0.013,1.3,595,0,0,0,18,29,19.0,2.3099999999999996,1.924081667186492e-16,0,0.0006,0.0006,158
ferrihydrite-N(+5)+Na(+1)-Se(+6),MARGINAL,3 distinct I levels (< preferred); 3 invalid (negative) response values; data pooled from 4 sources - check protocol consistency; only 24% of points come from references with internal I variation,147,5.6538,3,"0.169, 1.3, 13",0.3055555555555556,4,1,23.8,"fixed, as expected",4,,3.9962,9.65,0.169,13.0,147,0,0,0,3,17,8.0,2.31,0.0,1,0.0021,0.0021,35
hematite-Cl(+7)+Na(+1)-H(+1),FAIL,only 0 points (< 50),0,7.226940000000001,12,"0.075, 0.125, 0.15, 0.25, 0.75, 1, 1.25, 2.5, 3.75, 4.5, 6.75, 12.5",0.75,5,5,100.0,"fixed, as expected",5,,3.89336,11.1203,0.075,12.5,587,587,0,0,0,19,30.0,2.3099999999999996,1.924103740443504e-16,1,0.0044,0.0044,587
ferrihydrite-I(-1)+N(+5)+Na(+1)-H(+1),FAIL,only 0 points (< 50),0,5.45,3,"0.082, 0.122, 0.178",0.5,1,1,100.0,"fixed, as expected",1,,4.04286,9.49286,0.082,0.178,78,78,0,0,0,3,26.0,2.31,0.0,1,0.0347,0.0347,78
ferrihydrite-K(+1)+N(+5)-H(+1),FAIL,only 0 points (< 50),0,6.745470000000001,5,"0.013, 0.13, 1.3, 6.5, 13",0.5,2,2,100.0,"fixed, as expected",2,,3.51503,10.2605,0.013,13.0,168,168,0,0,0,7,14.0,2.3099999999999996,1.9282114015939323e-16,1,0.0145,0.0145,168
hydrous aluminum oxide-N(+5)+Na(+1)-H(+1),FAIL,only 0 points (< 50),0,4.797199999999999,3,"0.78, 7.8, 15.6",0.5,1,1,100.0,"fixed, as expected",1,,4.6505,9.4477,0.78,15.6,119,119,0,0,0,3,43.0,2.31,0.0,0,0.0233,0.0233,119
gibbsite-K(+1)+N(+5)-U(+6),FAIL,only 47 points (< 50),47,8.403,3,"0.13, 0.65, 1.3",0.4722222222222222,1,1,100.0,"fixed, as expected",1,,2.08,10.483,0.13,1.3,47,0,0,0,0,3,15.0,2.3100000000000005,1.9432481117373287e-16,1,0.0369,0.0369,47
alumina-Na(+1)-Sr(+2),FAIL,only 32 points (< 50); pH span only 2.50,32,2.5,23,"0.012, 0.013, 0.025, 0.049, 0.051, 0.052, 0.122, 0.124, 0.129, 0.245, 0.246, 0.247, 0.253, 0.481, 0.488, 0.504, 0.505, 0.959, 0.984, 1.893, ... (+3 more)",0.4444444444444444,1,1,100.0,"fixed, as expected",1,,7.0,9.5,0.012,2.005,32,0,0,0,0,4,8.0,2.31,0.0,1,0.0505,0.0505,32
bentonite-Ca(+2)+Cl(-1)+Na(+1)-Np(+4),FAIL,only 22 points (< 50),22,5.46847,3,"0.124, 4.85, 7.285",0.4444444444444444,1,1,100.0,"fixed, as expected",1,,0.75152,6.21999,0.124,7.285,22,0,0,0,0,3,8.0,2.3100000000000005,1.967704751303887e-16,0,0.1311,0.1311,22
birnessite-Cl(-1)+K(+1)-H(+1),FAIL,only 0 points (< 50); pH span only 2.48,0,2.4772000000000003,5,"0.01, 0.02, 0.1, 1, 2",0.4444444444444444,1,1,100.0,"fixed, as expected",1,,0.4957,2.9729,0.01,2.0,25,25,0,0,0,5,5.0,2.31,0.0,1,0.0523,0.0523,25
clay-Cl(+7)+Na(+1)-Am(+3),FAIL,only 36 points (< 50),36,8.442,4,"0.25, 2.5, 25, 75",0.4166666666666667,1,1,100.0,"fixed, as expected",1,,1.778,10.22,0.25,75.0,36,0,0,0,0,6,6.0,2.3100000000000005,1.9497344684873008e-16,0,0.0339,0.0339,36
illite-Ca(+2)+Cl(-1)+Na(+1)-Np(+4),FAIL,only 21 points (< 50),21,7.011410000000001,3,"0.124, 4.85, 7.285",0.4166666666666667,1,1,100.0,"fixed, as expected",1,,3.00899,10.0204,0.124,7.285,21,0,0,0,0,3,7.0,2.3100000000000005,1.9699395104015114e-16,0,0.1264,0.1264,21
goethite-Cl(-1)+Na(+1)-H(+1),FAIL,only 0 points (< 50),0,7.939000000000001,7,"0.001, 0.01, 0.04, 0.05, 0.1, 0.2, 0.7",0.4166666666666667,5,5,100.0,"fixed, as expected",5,,3.066,11.005,0.001,0.7,397,397,0,0,0,16,21.0,2.31,0.0,1,0.0045,0.0045,397
magnetite-Cl(+7)+Na(+1)-Pu,FAIL,only 42 points (< 50),42,8.705739999999999,3,"0.25, 2.5, 5",0.3888888888888889,1,1,100.0,"fixed, as expected",1,,2.03236,10.7381,0.25,5.0,42,0,0,0,0,3,13.0,2.31,0.0,0,0.0354,0.0354,42
montmorillonite-Cl(-1)+Na(+1)-Ra(+2),FAIL,only 38 points (< 50),38,4.6899999999999995,3,"0.02, 0.14, 0.3",0.3888888888888889,1,1,100.0,"fixed, as expected",1,,5.51,10.2,0.02,0.3,38,0,0,0,0,3,12.0,2.3100000000000005,1.9482701539972312e-16,0,0.0064,0.0064,38
alumina-Cl(+7)+Na(+1)-Cd(+2),FAIL,only 27 points (< 50),27,5.0649999999999995,4,"0.25, 6.25, 25, 100",0.3888888888888889,1,1,100.0,"fixed, as expected",1,,5.4391,10.5041,0.25,100.0,27,0,0,0,0,5,5.0,2.31,0.0,1,0.0602,0.0602,27
goethite-Cl(-1)+K(+1)+Mg(+2)+Na(+1)+S(+6)-Ca(+2),FAIL,only 27 points (< 50),27,4.5047,3,"0.002, 0.016, 0.073",0.3611111111111111,1,1,100.0,"fixed, as expected",1,,5.1959,9.7006,0.002,0.073,27,0,0,0,0,3,8.0,2.31,0.0,1,0.0681,0.0681,27
illite-Cl(-1)+K(+1)-Eu(+3),FAIL,only 49 points (< 50),49,7.299999999999999,3,"0.01, 0.1, 1",0.3333333333333333,1,1,100.0,"fixed, as expected",1,,2.56,9.86,0.01,1.0,49,0,0,0,3,3,16.0,2.31,0.0,0,0.0274,0.0274,49
goethite-Ca(+2)+Cl(-1)+K(+1)+Na(+1)+S(+6)-Mg(+2),FAIL,only 32 points (< 50),32,5.824299999999999,3,"0.001, 0.014, 0.067",0.3333333333333333,1,1,100.0,"fixed, as expected",1,,3.9441,9.7684,0.001,0.067,32,0,0,0,0,3,10.0,2.31,0.0,1,0.0513,0.0513,32
magnetite-Cl(-1)+Na(+1)-Eu(+3),FAIL,only 30 points (< 50),30,8.8397,3,"0.01, 0.1, 1",0.3333333333333333,1,1,100.0,"fixed, as expected",1,,2.0848,10.9245,0.01,1.0,30,0,0,0,0,3,10.0,2.3100000000000005,1.955329126955394e-16,1,0.0911,0.0911,30
goethite-Cl(-1)+Na(+1)-Mg(+2),FAIL,only 29 points (< 50); pH span only 3.25,29,3.2476000000000003,3,"0.001, 0.01, 0.53",0.3333333333333333,1,1,100.0,"fixed, as expected",1,,6.7743,10.0219,0.001,0.53,29,0,0,0,0,4,7.0,2.3100000000000005,1.9564926671517633e-16,1,0.0328,0.0328,29
goethite-K(+1)+N(+5)+Pyromellitate(-4)-Ni(+2),FAIL,only 23 points (< 50),23,6.391799999999999,3,"0.134, 0.136, 0.138",0.3333333333333333,1,1,100.0,"fixed, as expected",1,,2.1352,8.527,0.134,0.138,23,0,0,0,0,3,8.0,2.310000000000001,3.9313418947998006e-16,1,0.049,0.049,23
ferrihydrite-Cl(-1)+N(+5)+Na(+1)-H(+1),FAIL,only 0 points (< 50),0,5.749420000000001,3,"0.22, 1.13, 6.13",0.3333333333333333,1,1,100.0,"fixed, as expected",1,,4.21308,9.9625,0.22,6.13,60,60,0,0,0,3,21.0,2.3100000000000005,1.9386877253710943e-16,1,0.0194,0.0194,60
gibbsite-Cl(+7)+Na(+1)-H(+1),FAIL,only 0 points (< 50),0,4.98319,3,"0.025, 0.25, 2.5",0.3333333333333333,3,3,100.0,"fixed, as expected",3,,4.4926,9.47579,0.025,2.5,195,195,0,0,0,9,21.0,2.3099999999999996,1.9274125476634347e-16,1,0.0079,0.0079,195
gibbsite-K(+1)+N(+5)-H(+1),FAIL,only 0 points (< 50),0,5.502999999999999,3,"0.013, 0.13, 1.3",0.3333333333333333,2,2,100.0,"fixed, as expected",2,,4.2,9.703,0.013,1.3,118,118,0,0,0,6,21.5,2.31,0.0,1,0.0025,0.0025,118
hematite-Cl(-1)+K(+1)-H(+1),FAIL,only 0 points (< 50),0,6.033389999999999,4,"0.001, 0.01, 0.1, 1",0.3333333333333333,1,1,100.0,"fixed, as expected",1,,3.98441,10.0178,0.001,1.0,168,168,0,0,0,4,43.0,2.3099999999999996,1.9282114015939323e-16,1,0.014,0.014,168
hematite-Cl(-1)+Li(+1)-H(+1),FAIL,only 0 points (< 50),0,6.354990000000001,4,"0.001, 0.01, 0.1, 1",0.3333333333333333,1,1,100.0,"fixed, as expected",1,,3.90541,10.2604,0.001,1.0,143,143,0,0,0,4,37.0,2.3100000000000005,1.9292214758397794e-16,1,0.0151,0.0151,143
hematite-K(+1)+N(+5)-H(+1),FAIL,only 0 points (< 50),0,6.8572999999999995,4,"0.013, 0.026, 0.13, 1.3",0.3333333333333333,2,2,100.0,"fixed, as expected",2,,3.527,10.3843,0.013,1.3,137,137,0,0,0,6,20.5,2.31,0.0,1,0.0113,0.0113,137
magnetite-K(+1)+N(+5)-H(+1),FAIL,only 0 points (< 50),0,5.3805,3,"0.013, 0.13, 1.3",0.3333333333333333,2,2,100.0,"fixed, as expected",2,50.0,4.1836,9.5641,0.013,1.3,144,144,0,0,0,12,11.5,2.31,0.0,1,0.0074,0.0074,144
quartz-Ca(+2)+Cl(-1)-H(+1),FAIL,only 0 points (< 50),0,5.6457999999999995,3,"0.002, 0.015, 0.15",0.3333333333333333,1,1,100.0,"fixed, as expected",1,,3.4708,9.1166,0.002,0.15,58,58,0,0,0,3,20.0,2.3100000000000005,1.9392545102758716e-16,1,0.0351,0.0351,58
quartz-N(+5)+Na(+1)-H(+1),FAIL,only 0 points (< 50),0,5.5630999999999995,3,"0.013, 0.13, 1.3",0.3333333333333333,2,2,100.0,"fixed, as expected",2,,3.4455,9.0086,0.013,1.3,113,113,0,0,0,6,19.0,2.3099999999999996,1.9310274688172518e-16,1,0.0113,0.0113,113
quartz-Na(+1)+S(+6)-H(+1),FAIL,only 0 points (< 50),0,5.9719,3,"0.01, 0.095, 0.95",0.3333333333333333,1,1,100.0,"fixed, as expected",1,,3.0623,9.0342,0.01,0.95,34,34,0,0,0,3,12.0,2.31,0.0,1,0.0651,0.0651,34
zirconia-Cl(-1)+Na(+1)-H(+1),FAIL,only 0 points (< 50),0,8.850999999999999,3,"0.03, 0.1, 1",0.3333333333333333,1,1,100.0,"fixed, as expected",1,,2.409,11.26,0.03,1.0,40,40,0,0,0,3,14.0,2.31,0.0,1,0.0541,0.0541,40
magnetite-C(+4)+Cl(+7)+Na(+1)-Se(+4),FAIL,only 23 points (< 50); pH span only 3.80,23,3.8000000000000007,3,"0.501, 0.509, 0.59",0.3055555555555556,1,1,100.0,"fixed, as expected",1,,7.1,10.9,0.501,0.59,23,0,0,0,0,23,1.0,2.310000000000001,3.9313418947998006e-16,1,0.0011,0.0011,23
alumina-Na(+1)-Cs(+1),FAIL,only 21 points (< 50); pH span only 2.00,21,2.0,17,"0.005, 0.025, 0.05, 0.051, 0.123, 0.124, 0.125, 0.198, 0.249, 0.488, 0.498, 0.5, 1.201, 1.24, 2.408, 2.462, 2.464",0.3055555555555556,1,1,100.0,"fixed, as expected",1,,7.0,9.0,0.005,2.464,21,0,0,0,0,3,7.0,2.3100000000000005,1.9699395104015114e-16,1,0.0307,0.0307,21
hydrous manganese oxide-N(+5)+Na(+1)-H(+1),FAIL,only 0 points (< 50),0,9.0739,3,"0.195, 1.95, 19.5",0.3055555555555556,1,1,100.0,"fixed, as expected",1,,1.8542,10.9281,0.195,19.5,76,76,0,0,0,3,20.0,2.31,0.0,0,0.0105,0.0105,76
ferrous oxide-Cl(-1)+Na(+1)-Se(+4),FAIL,only 30 points (< 50),30,4.1899999999999995,3,"0.01, 0.1, 1",0.2777777777777778,1,1,100.0,"fixed, as expected",1,,8.42,12.61,0.01,1.0,30,0,0,0,0,3,10.0,2.3100000000000005,1.955329126955394e-16,1,0.0406,0.0406,30
hematite-K(+1)+N(+5)-U(+6),FAIL,only 27 points (< 50); pH span only 3.64,27,3.6434,3,"0.013, 0.13, 1.3",0.2777777777777778,1,1,100.0,"fixed, as expected",1,,3.5612,7.2046,0.013,1.3,27,0,0,0,0,3,10.0,2.31,0.0,1,0.0647,0.0647,27
corundum-K(+1)+N(+5)-Cr(+6),FAIL,only 35 points (< 50),35,6.5405999999999995,3,"0.013, 0.13, 1.3",0.25,1,1,100.0,"fixed, as expected",1,,2.9807,9.5213,0.013,1.3,35,0,0,0,0,3,8.0,2.31,0.0,1,0.0222,0.0222,35
quartz-Cl(+7)+Na(+1)-Cs(+1),FAIL,only 21 points (< 50),21,5.0,3,"0.025, 0.25, 2.5",0.25,1,1,100.0,"fixed, as expected",1,,5.9,10.9,0.025,2.5,21,0,0,0,0,3,7.0,2.3100000000000005,1.9699395104015114e-16,1,0.02,0.02,21
goethite-C(+4)+Na(+1)-Pu(+4),FAIL,only 33 points (< 50); pH span only 0.00,33,0.0,32,"0.084, 0.14, 0.249, 0.253, 0.322, 0.819, 0.851, 0.933, 0.946, 1.172, 1.294, 1.655, 1.763, 2.507, 2.521, 2.542, 2.572, 2.608, 3.32, 3.355, ... (+12 more)",0.16666666666666666,2,2,100.0,"fixed, as expected",2,,8.6,8.6,0.084,8.293,33,0,0,0,0,20,1.0,2.31,0.0,1,0.0043,0.0043,33
goethite-C(+4)+Na(+1)-Pu(+5),FAIL,only 35 points (< 50); pH span only 0.00,35,0.0,34,"0.085, 0.086, 0.139, 0.249, 0.25, 0.314, 0.319, 0.816, 0.858, 0.914, 0.952, 1.208, 1.319, 1.708, 1.84, 2.43, 2.505, 2.522, 2.527, 2.534, ... (+14 more)",0.1388888888888889,2,2,100.0,"fixed, as expected",2,,8.6,8.6,0.085,8.563,35,0,0,0,0,21,1.0,2.31,0.0,1,0.003,0.003,35
goethite-Cl(-1)+K(+1)+P(+5)-Se(+4),FAIL,only 28 points (< 50); pH span only 0.01,28,0.009999999999999787,8,"0.1, 0.101, 0.102, 0.103, 0.105, 0.106, 0.115, 0.131",0.1388888888888889,1,1,100.0,"fixed, as expected",1,,6.99,7.0,0.1,0.131,28,0,0,0,0,4,5.5,2.31,0.0,1,0.0025,0.0025,28
bentonite-Cl(+7)+Na(+1)-Pu(+4),FAIL,only 22 points (< 50),22,58.40946,3,"0.025, 0.25, 2.5",0.08333333333333333,1,1,100.0,"fixed, as expected",1,,1.79054,60.2,0.025,2.5,22,0,0,0,0,3,8.0,2.3100000000000005,1.967704751303887e-16,0,0.0166,0.0166,22
aragonite-Cl(-1)+Na(+1)-Np(+5),FAIL,only 29 points (< 50); pH span only 0.00,29,0.0,3,"0, 0.001, 0.7",0.05555555555555555,1,1,100.0,"fixed, as expected",1,,8.0,8.0,0.0,0.7,29,0,0,0,0,14,1.0,10.800000000000004,3.3477763415707946e-16,1,0.0,0.0,29
clinoptilolite-Cl(-1)+Na(+1)-Ca(+2),FAIL,pH span only 0.00,65,0.0,43,"0.003, 0.004, 0.005, 0.006, 0.007, 0.026, 0.028, 0.029, 0.031, 0.033, 0.035, 0.037, 0.038, 0.04, 0.043, 0.047, 0.05, 0.051, 0.053, 0.054, ... (+23 more)",0.0,1,1,100.0,"fixed, as expected",1,,,,0.003,0.819,65,0,65,0,0,65,1.0,2.31,0.0,0,,,65
clinoptilolite-Cl(-1)+Na(+1)-K(+1),FAIL,pH span only 0.00,63,0.0,44,"0.003, 0.004, 0.005, 0.006, 0.007, 0.026, 0.03, 0.031, 0.032, 0.034, 0.037, 0.04, 0.042, 0.043, 0.045, 0.046, 0.047, 0.048, 0.049, 0.05, ... (+24 more)",0.0,1,1,100.0,"fixed, as expected",1,,,,0.003,0.581,63,0,63,0,0,63,1.0,2.3100000000000005,1.9379058387793535e-16,0,,,63
illite-Ca(+2)+Cl(-1)-Cs(+1),FAIL,only 41 points (< 50); pH span only 0.00,41,0.0,6,"0.001, 0.002, 0.059, 0.06, 1.199, 1.2",0.0,1,1,100.0,"fixed, as expected",1,,,,0.001,1.2,41,0,41,0,0,41,1.0,2.31,0.0,0,,,41
illite-Ca(+2)+Cl(-1)-Rb(+1),FAIL,only 34 points (< 50); pH span only 0.00,34,0.0,6,"0.001, 0.002, 0.059, 0.06, 1.199, 1.2",0.0,1,1,100.0,"fixed, as expected",1,,,,0.001,1.2,34,0,34,0,0,34,1.0,2.31,0.0,0,,,34
hematite-Cl(+7)+Na(+1)-Np(+5),FAIL,2 distinct mineral formulas under one mineral label - ambiguous phase,543,7.4569,5,"0.125, 0.25, 1.25, 2.5, 25",0.3333333333333333,3,2,98.0,"fixed, as expected",3,50.0,2.8,10.2569,0.125,25.0,543,0,0,0,14,37,15.0,2.31,0.0,2,0.0008,0.0008,532
ferrihydrite-N(+5)+Na(+1)-H(+1),FAIL,only 0 points (< 50),0,6.019399999999999,10,"0.013, 0.039, 0.13, 0.39, 0.403, 0.65, 1.3, 3.9, 4.03, 19.5",0.4722222222222222,8,7,96.9,"fixed, as expected",8,,3.9808,10.0002,0.013,19.5,701,701,0,0,0,23,27.0,2.3099999999999996,1.9238368104818664e-16,1,0.0047,0.0047,679
goethite-N(+5)+Na(+1)-H(+1),FAIL,only 0 points (< 50),0,7.5520000000000005,12,"0.013, 0.039, 0.065, 0.13, 0.195, 0.364, 0.65, 1.131, 1.3, 2.6, 9.1, 13",0.5555555555555556,9,8,95.6,"fixed, as expected",9,,3.447,10.999,0.013,13.0,594,594,0,0,0,26,21.0,2.3099999999999996,1.9240843937871747e-16,1,0.0042,0.0042,568
birnessite-N(+5)+Na(+1)-H(+1),FAIL,only 0 points (< 50),0,8.6809,4,"0.013, 0.13, 1.3, 6.5",0.5,5,4,93.3,"fixed, as expected",5,,2.2025,10.8834,0.013,6.5,448,448,0,0,0,18,31.5,2.3099999999999996,1.924613317843817e-16,1,0.0037,0.0037,418
hematite-Cl(-1)+Na(+1)-H(+1),FAIL,only 0 points (< 50),0,7.6603,6,"0.003, 0.005, 0.01, 0.03, 0.1, 1",0.3333333333333333,4,3,91.5,"fixed, as expected",4,,2.7237,10.384,0.003,1.0,270,270,0,0,0,10,27.0,2.31,0.0,1,0.0073,0.0073,247
alumina-Cl(+7)+Na(+1)-Sr(+2),FAIL,2 distinct mineral formulas under one mineral label - ambiguous phase,169,7.8798,9,"0.25, 0.625, 1.25, 2.5, 6.25, 12.5, 25, 50, 100",0.5833333333333334,2,1,86.4,"fixed, as expected",2,,3.1285,11.0083,0.25,100.0,169,0,0,0,0,13,13.0,2.31,0.0,2,0.011,0.011,146
goethite-K(+1)+N(+5)-H(+1),FAIL,only 0 points (< 50),0,6.933000000000001,5,"0.013, 0.13, 0.65, 1.3, 2.6",0.4166666666666667,3,2,86.3,"fixed, as expected",3,,3.543,10.476,0.013,2.6,205,205,0,0,0,10,18.0,2.3099999999999996,1.9271702734436775e-16,1,0.0083,0.0083,177
alumina-Cl(+7)+Na(+1)-Eu(+3),FAIL,2 distinct mineral formulas under one mineral label - ambiguous phase,174,6.586599999999999,8,"0.25, 1.25, 2.5, 6.25, 12.5, 25, 62.5, 125",0.5,2,1,83.3,"fixed, as expected",2,,3.1278,9.7144,0.25,125.0,174,0,0,0,0,12,14.0,2.3099999999999996,1.9280123604164635e-16,2,0.0077,0.0077,145
birnessite-Cl(-1)+Na(+1)-H(+1),FAIL,only 0 points (< 50),0,7.218400000000001,7,"0, 0.001, 0.01, 0.015, 0.1, 0.7, 1",0.4722222222222222,3,2,83.3,"fixed, as expected",3,,1.7258,8.9442,0.0,1.0,114,114,0,0,0,9,11.0,2.3099999999999996,1.9309518534488893e-16,1,0.0146,0.0146,95
goethite-N(+5)+Na(+1)-Se(+6),FAIL,2 distinct mineral formulas under one mineral label - ambiguous phase,570,6.277699999999999,5,"0.013, 0.13, 0.65, 1.3, 13",0.3055555555555556,4,3,83.3,"fixed, as expected",4,55.0,3.0,9.2777,0.013,13.0,570,0,0,0,2,47,13.0,2.3099999999999996,1.9241527060925923e-16,2,0.0016,0.0016,475
goethite-Cl(+7)+Na(+1)-H(+1),FAIL,only 0 points (< 50),0,7.4453,8,"0.025, 0.075, 0.125, 0.25, 0.75, 1.25, 2.5, 25",0.3333333333333333,8,5,78.7,"fixed, as expected",8,,3.52,10.9653,0.025,25.0,894,894,0,0,0,25,36.0,2.309999999999999,3.847080436810293e-16,1,0.0011,0.0011,704
gibbsite-Cl(-1)+Na(+1)-H(+1),FAIL,only 0 points (< 50),0,7.83854,7,"0.001, 0.005, 0.01, 0.02, 0.05, 0.1, 0.5",0.4722222222222222,6,4,77.7,"fixed, as expected",6,,3.11276,10.9513,0.001,0.5,426,426,0,0,0,17,22.0,2.3099999999999996,1.9247245055275444e-16,1,0.0018,0.0018,331
ferrihydrite-Cl(-1)+Na(+1)-H(+1),FAIL,only 0 points (< 50),0,8.9984,4,"0.001, 0.01, 0.05, 0.1",0.4444444444444444,2,1,77.7,"fixed, as expected",2,,2.7223,11.7207,0.001,0.1,112,112,0,0,0,4,27.5,2.3099999999999996,1.9311044435833442e-16,1,0.019,0.019,87
quartz-Cl(-1)+Na(+1)-H(+1),FAIL,only 0 points (< 50),0,6.7804,7,"0, 0.001, 0.01, 0.012, 0.094, 0.1, 1",0.3333333333333333,4,2,75.7,"fixed, as expected",4,,3.1296,9.91,0.0,1.0,169,169,0,0,0,13,13.0,2.31,0.0,1,0.0085,0.0085,128
goethite-Cl(-1)+K(+1)-H(+1),FAIL,only 0 points (< 50),0,6.984999999999999,3,"0.01, 0.05, 0.1",0.2777777777777778,2,1,74.6,"fixed, as expected",2,,3.009,9.994,0.01,0.1,59,59,0,0,0,4,15.0,2.3100000000000005,1.938966252450381e-16,1,0.0166,0.0166,44
illite-Cl(+7)+Na(+1)-H(+1),FAIL,only 0 points (< 50),0,8.830300000000001,4,"0.25, 2.5, 5, 12.5",0.6666666666666666,3,2,67.3,"fixed, as expected",3,,2.6117,11.442,0.25,12.5,147,147,0,0,0,9,12.0,2.31,0.0,0,0.0064,0.0064,99
hematite-N(+5)+Na(+1)-H(+1),FAIL,only 0 points (< 50),0,7.646800000000001,7,"0.013, 0.039, 0.065, 0.13, 1.3, 6.5, 13",0.5,8,4,61.3,"fixed, as expected",8,,3.1844,10.8312,0.013,13.0,493,493,0,0,0,23,19.0,2.31,0.0,1,0.0029,0.0029,302
calcite-Cl(-1)+Na(+1)-Np(+5),FAIL,only 45 points (< 50); pH span only 2.52,45,2.5195999999999996,4,"0, 0.001, 0.1, 0.7",0.19444444444444445,3,1,57.8,"fixed, as expected",3,,7.1025,9.6221,0.0,0.7,45,0,0,0,0,16,1.0,10.8,0.0,1,0.0,0.0,26
goethite-Cl(-1)+Na(+1)-Se(+4),FAIL,2 distinct mineral formulas under one mineral label - ambiguous phase,241,10.5315,4,"0.01, 0.02, 0.1, 1",0.3333333333333333,8,2,47.7,"fixed, as expected",8,2.0,2.0585,12.59,0.01,1.0,241,0,0,0,0,17,13.0,2.31,0.0,2,0.0036,0.0036,115
goethite-C(+4)+Cl(-1)+Na(+1)-U(+6),FAIL,only 29 points (< 50),29,6.892899999999999,6,"0.013, 0.101, 0.152, 0.25, 0.251, 0.85",0.3333333333333333,2,1,41.4,"fixed, as expected",2,,3.2985,10.1914,0.013,0.85,29,0,0,0,0,13,1.0,2.3100000000000005,1.9564926671517633e-16,1,0.0293,0.0293,12
quartz-Cl(+7)+Na(+1)-Am(+3),FAIL,only 39 points (< 50),39,10.06522,3,"0.025, 0.25, 2.5",0.25,3,1,35.0,"fixed, as expected",3,,2.93478,13.0,0.025,2.5,60,21,0,0,4,7,9.0,2.3100000000000005,1.9386877253710943e-16,1,0.008,0.008,21
zirconia-K(+1)+N(+5)-H(+1),FAIL,only 0 points (< 50),0,7.7034,4,"0.013, 0.13, 1.3, 6.5",0.4444444444444444,2,1,26.9,"fixed, as expected",2,0.0,3.3224,11.0258,0.013,6.5,130,130,0,0,0,4,13.0,2.31,0.0,1,0.0102,0.0102,35
montmorillonite-Cl(+7)+Na(+1)-U(+6),FAIL,"only 14% of points come from references that vary ionic strength internally - most 'I coverage' is pooled across studies with fixed I, not real within-study variation",336,8.763900000000001,4,"0.025, 0.25, 2.5, 12.5",0.4722222222222222,4,1,14.3,"fixed, as expected",4,,1.9461,10.71,0.025,12.5,336,0,0,0,0,18,18.0,2.3099999999999996,1.9253313232102772e-16,0,0.0008,0.0008,48
montmorillonite-Cl(+7)+Na(+1)-Eu(+3),FAIL,"only 0% of points come from references that vary ionic strength internally - most 'I coverage' is pooled across studies with fixed I, not real within-study variation",243,9.536999999999999,3,"0.25, 1.25, 2.5",0.4722222222222222,6,0,0.0,"fixed, as expected",6,,1.073,10.61,0.25,2.5,243,0,0,0,0,12,22.0,2.3099999999999996,1.9264320503100618e-16,0,0.0,0.0,0
ferrihydrite-N(+5)+Na(+1)-Ca(+2),FAIL,"only 42 points (< 50); only 0% of points come from references that vary ionic strength internally - most 'I coverage' is pooled across studies with fixed I, not real within-study variation",42,5.505699999999999,3,"0.39, 13, 19.5",0.4722222222222222,2,0,0.0,"fixed, as expected",2,,4.4794,9.9851,0.39,19.5,42,0,0,0,0,4,10.0,2.31,0.0,1,0.0861,0.0861,0
quartz-Cl(+7)+Na(+1)-Eu(+3),FAIL,"only 46 points (< 50); only 0% of points come from references that vary ionic strength internally - most 'I coverage' is pooled across studies with fixed I, not real within-study variation",46,8.3266,3,"0.25, 1.25, 2.5",0.4444444444444444,3,0,0.0,"fixed, as expected",3,,2.022,10.3486,0.25,2.5,46,0,0,0,0,4,12.0,2.3100000000000005,1.9437074541646724e-16,1,0.0312,0.0312,0
alumina-Cl(+7)+Na(+1)-Oxalic acid,FAIL,"only 0% of points come from references that vary ionic strength internally - most 'I coverage' is pooled across studies with fixed I, not real within-study variation",55,10.28679,3,"0, 2.5, 12.5",0.3888888888888889,3,0,0.0,"fixed, as expected",3,35.0,1.00851,11.2953,0.0,12.5,64,9,0,0,0,4,13.5,2.31,0.0,0,0.0134,0.0134,0
goethite-N(+5)+Na(+1)-Oxalic acid,FAIL,"only 49 points (< 50); only 0% of points come from references that vary ionic strength internally - most 'I coverage' is pooled across studies with fixed I, not real within-study variation",49,6.571759999999999,3,"0.13, 1.3, 6.89",0.3888888888888889,3,0,0.0,"fixed, as expected",3,0.0,2.91038,9.48214,0.13,6.89,49,0,0,0,0,6,6.5,2.31,0.0,1,0.0142,0.0142,0
quartz-N(+5)+Na(+1)-U(+6),FAIL,"only 0% of points come from references that vary ionic strength internally - most 'I coverage' is pooled across studies with fixed I, not real within-study variation",295,6.8751999999999995,5,"0.013, 0.065, 0.13, 0.416, 1.3",0.3611111111111111,7,0,0.0,"fixed, as expected",7,,2.4342,9.3094,0.013,1.3,295,0,0,0,4,23,14.0,2.31,0.0,1,0.0014,0.0014,0
montmorillonite-Ca(+2)+N(+5)-Ni(+2),FAIL,"only 2 distinct ionic-strength levels; only 0% of points come from references that vary ionic strength internally - most 'I coverage' is pooled across studies with fixed I, not real within-study variation",216,9.1772,2,"0.089, 0.891",0.3333333333333333,2,0,0.0,"fixed, as expected",2,,2.8487,12.0259,0.089,0.891,216,0,0,0,0,9,25.0,2.3099999999999996,1.9269297720727422e-16,0,0.0001,0.0001,0
goethite-Cl(+7)+Na(+1)-U(+6),FAIL,"only 2 distinct ionic-strength levels; only 0% of points come from references that vary ionic strength internally - most 'I coverage' is pooled across studies with fixed I, not real within-study variation",213,7.503,2,"0.025, 2.5",0.3333333333333333,2,0,0.0,"fixed, as expected",2,,3.0,10.503,0.025,2.5,213,0,0,0,0,17,13.0,2.3099999999999996,1.9269928911179812e-16,1,0.0013,0.0013,0
hematite-N(+5)+Na(+1)-Se(+4),FAIL,"only 2 distinct ionic-strength levels; 2 distinct mineral formulas under one mineral label - ambiguous phase; only 0% of points come from references that vary ionic strength internally - most 'I coverage' is pooled across studies with fixed I, not real within-study variation",191,9.8346,2,"0.13, 1.3",0.3333333333333333,3,0,0.0,"fixed, as expected",3,,2.1456,11.9802,0.13,1.3,191,0,0,0,0,24,6.5,2.3099999999999996,1.9275165887176068e-16,2,0.0012,0.0012,0
montmorillonite-Ca(+2)+N(+5)-Eu(+3),FAIL,"only 2 distinct ionic-strength levels; only 0% of points come from references that vary ionic strength internally - most 'I coverage' is pooled across studies with fixed I, not real within-study variation",176,6.868689999999999,2,"0.957, 1.782",0.3333333333333333,2,0,0.0,"fixed, as expected",2,,2.9847,9.85339,0.957,1.782,176,0,0,0,0,6,25.5,2.3099999999999996,1.927949042057839e-16,0,0.0,0.0,0
montmorillonite-Cl(+7)+Na(+1)-Np(+5),FAIL,"only 0% of points come from references that vary ionic strength internally - most 'I coverage' is pooled across studies with fixed I, not real within-study variation",170,19.19398,3,"0.25, 0.625, 2.5",0.3333333333333333,3,0,0.0,"fixed, as expected",3,,2.60392,21.7979,0.25,2.5,170,0,0,0,0,9,18.0,2.3099999999999996,1.9281434864995489e-16,0,0.0017,0.0017,0
hematite-N(+5)+Na(+1)-U(+6),FAIL,"only 2 distinct ionic-strength levels; only 0% of points come from references that vary ionic strength internally - most 'I coverage' is pooled across studies with fixed I, not real within-study variation",156,8.0894,2,"0.13, 1.3",0.3333333333333333,4,0,0.0,"fixed, as expected",4,,2.6098,10.6992,0.13,1.3,156,0,0,0,2,16,9.0,2.31,0.0,1,0.003,0.003,0
montmorillonite-Ca(+2)+N(+5)-Zn(+2),FAIL,"only 2 distinct ionic-strength levels; only 0% of points come from references that vary ionic strength internally - most 'I coverage' is pooled across studies with fixed I, not real within-study variation",154,7.5705100000000005,2,"0.089, 0.891",0.3333333333333333,2,0,0.0,"fixed, as expected",2,,2.94479,10.5153,0.089,0.891,154,0,0,0,0,6,20.5,2.31,0.0,0,0.0,0.0,0
ferrihydrite-N(+5)+Na(+1)-Se(+4),FAIL,"only 0% of points come from references that vary ionic strength internally - most 'I coverage' is pooled across studies with fixed I, not real within-study variation",151,6.622999999999999,3,"0.13, 1.3, 13",0.3333333333333333,3,0,0.0,"fixed, as expected",3,,4.1363,10.7593,0.13,13.0,151,0,0,0,2,8,15.5,2.31,0.0,1,0.0046,0.0046,0
illite-Cl(+7)+Na(+1)-U(+6),FAIL,"only 2 distinct ionic-strength levels; only 0% of points come from references that vary ionic strength internally - most 'I coverage' is pooled across studies with fixed I, not real within-study variation",137,8.7783,2,"0.25, 2.5",0.3333333333333333,3,0,0.0,"fixed, as expected",3,,1.9617,10.74,0.25,2.5,137,0,0,0,0,7,19.0,2.31,0.0,0,0.0,0.0,0
hematite-N(+5)+P(+5)-Am(+3),FAIL,"only 2 distinct ionic-strength levels; only 0% of points come from references that vary ionic strength internally - most 'I coverage' is pooled across studies with fixed I, not real within-study variation",133,8.372060000000001,2,"0, 0.001",0.3333333333333333,1,0,0.0,"fixed, as expected",1,,1.91824,10.2903,0.0,0.001,133,0,0,0,0,11,12.0,2.31,0.0,1,0.0039,0.0039,0
illite-Cl(+7)+Na(+1)-Sr(+2),FAIL,"only 2 distinct ionic-strength levels; only 0% of points come from references that vary ionic strength internally - most 'I coverage' is pooled across studies with fixed I, not real within-study variation",132,8.353200000000001,2,"0.25, 2.5",0.3333333333333333,3,0,0.0,"fixed, as expected",3,,2.6375,10.9907,0.25,2.5,132,0,11,0,0,10,14.5,2.31,0.0,0,0.0026,0.0026,0
montmorillonite-Cl(+7)+Na(+1)-Am(+3),FAIL,"only 2 distinct ionic-strength levels; only 0% of points come from references that vary ionic strength internally - most 'I coverage' is pooled across studies with fixed I, not real within-study variation",112,8.44487,2,"2.5, 25",0.3333333333333333,4,0,0.0,"fixed, as expected",4,,2.54783,10.9927,2.5,25.0,196,84,0,0,0,7,28.0,2.3099999999999996,1.9273872034790843e-16,0,0.0007,0.0007,0
goethite-Cl(+7)+Na(+1)-C(+4),FAIL,"only 2 distinct ionic-strength levels; only 0% of points come from references that vary ionic strength internally - most 'I coverage' is pooled across studies with fixed I, not real within-study variation",106,8.772,2,"0.25, 2.5",0.3333333333333333,3,0,0.0,"fixed, as expected",3,,2.4033,11.1753,0.25,2.5,106,0,0,0,2,9,11.0,2.3099999999999996,1.931597009448665e-16,1,0.0047,0.0047,0
hematite-C(+4)+Cl(+7)+Na(+1)-Th(+4),FAIL,"only 2 distinct ionic-strength levels; only 0% of points come from references that vary ionic strength internally - most 'I coverage' is pooled across studies with fixed I, not real within-study variation",103,8.827399999999999,2,"0.25, 2.5",0.3333333333333333,1,0,0.0,"fixed, as expected",1,,1.5325,10.3599,0.25,2.5,103,0,0,0,0,8,12.5,2.3099999999999996,1.9318649704695073e-16,1,0.0008,0.0008,0
clinoptilolite-N(+5)+Na(+1)-Np(+5),FAIL,"only 2 distinct ionic-strength levels; only 0% of points come from references that vary ionic strength internally - most 'I coverage' is pooled across studies with fixed I, not real within-study variation",85,7.100999999999999,2,"0.13, 1.3",0.3333333333333333,1,0,0.0,"fixed, as expected",1,,3.579,10.68,0.13,1.3,85,0,0,0,0,4,21.5,2.31,0.0,0,0.0054,0.0054,0
goethite-C(+4)+N(+5)+Na(+1)-U(+6),FAIL,"only 2 distinct ionic-strength levels; only 0% of points come from references that vary ionic strength internally - most 'I coverage' is pooled across studies with fixed I, not real within-study variation",84,5.305200000000001,2,"1.308, 1.38",0.3333333333333333,1,0,0.0,"fixed, as expected",1,,3.3829,8.6881,1.308,1.38,84,0,0,0,1,4,20.0,2.31,0.0,1,0.004,0.004,0
goethite-N(+5)+Na(+1)-Ca(+2),FAIL,"only 2 distinct ionic-strength levels; only 0% of points come from references that vary ionic strength internally - most 'I coverage' is pooled across studies with fixed I, not real within-study variation",77,6.127700000000001,2,"0.013, 0.13",0.3333333333333333,1,0,0.0,"fixed, as expected",1,,3.9827,10.1104,0.013,0.13,77,0,0,0,0,5,17.0,2.31,0.0,1,0.0,0.0,0
hydrous manganese oxide-N(+5)+Na(+1)-Sr(+2),FAIL,"only 2 distinct ionic-strength levels; only 0% of points come from references that vary ionic strength internally - most 'I coverage' is pooled across studies with fixed I, not real within-study variation",74,5.1418,2,"0.195, 19.5",0.3333333333333333,1,0,0.0,"fixed, as expected",1,21.0,1.8749,7.0167,0.195,19.5,74,0,0,0,0,7,11.0,2.31,0.0,0,0.0,0.0,0
illite-Cl(+7)+Na(+1)-Np(+5),FAIL,"only 2 distinct ionic-strength levels; only 0% of points come from references that vary ionic strength internally - most 'I coverage' is pooled across studies with fixed I, not real within-study variation",68,8.4102,2,"0.625, 2.5",0.3333333333333333,2,0,0.0,"fixed, as expected",2,,2.4417,10.8519,0.625,2.5,68,0,0,0,0,4,17.0,2.31,0.0,0,0.0033,0.0033,0
goethite-N(+5)+Na(+1)-Citric acid,FAIL,"only 2 distinct ionic-strength levels; only 0% of points come from references that vary ionic strength internally - most 'I coverage' is pooled across studies with fixed I, not real within-study variation",65,8.05067,2,"0.13, 1.3",0.3333333333333333,4,0,0.0,"fixed, as expected",4,5.0,2.19493,10.2456,0.13,1.3,65,0,0,0,0,7,9.0,2.31,0.0,1,0.0079,0.0079,0
alumina-Cl(+7)+Fulvic acid+Na(+1)-Eu(+3),FAIL,"only 2 distinct ionic-strength levels; only 0% of points come from references that vary ionic strength internally - most 'I coverage' is pooled across studies with fixed I, not real within-study variation",53,6.569700000000001,2,"0.25, 2.5",0.3333333333333333,1,0,0.0,"fixed, as expected",1,,3.0345,9.6042,0.25,2.5,53,0,0,0,0,5,11.0,2.3100000000000005,1.940861316840604e-16,1,0.0061,0.0061,0
bentonite-Cl(-1)+Na(+1)+P(+5)-Eu(+3),FAIL,"only 2 distinct ionic-strength levels; only 0% of points come from references that vary ionic strength internally - most 'I coverage' is pooled across studies with fixed I, not real within-study variation",50,7.1983,2,"0.1, 0.103",0.3333333333333333,1,0,0.0,"fixed, as expected",1,0.0,2.4357,9.634,0.1,0.103,50,0,20,0,0,4,13.0,2.3100000000000005,1.9419820144511748e-16,0,0.0605,0.0605,0
hematite-K(+1)+N(+5)-Se(+4),FAIL,"only 47 points (< 50); only 2 distinct ionic-strength levels; only 0% of points come from references that vary ionic strength internally - most 'I coverage' is pooled across studies with fixed I, not real within-study variation",47,10.8825,2,"0.13, 5.59",0.3333333333333333,1,0,0.0,"fixed, as expected",1,,2.0567,12.9392,0.13,5.59,47,0,0,0,0,4,11.5,2.3100000000000005,1.9432481117373287e-16,1,0.0,0.0,0
hematite-K(+1)+N(+5)-Se(+6),FAIL,"only 45 points (< 50); only 2 distinct ionic-strength levels; only 0% of points come from references that vary ionic strength internally - most 'I coverage' is pooled across studies with fixed I, not real within-study variation",45,10.1175,2,"0.13, 5.59",0.3333333333333333,1,0,0.0,"fixed, as expected",1,,1.9268,12.0443,0.13,5.59,45,0,0,0,0,4,11.5,2.3100000000000005,1.9441875597553376e-16,1,0.0,0.0,0
vernadite-C(+4)+N(+5)+Na(+1)-U(+6),FAIL,"only 45 points (< 50); only 2 distinct ionic-strength levels; only 0% of points come from references that vary ionic strength internally - most 'I coverage' is pooled across studies with fixed I, not real within-study variation",45,8.0544,2,"0.138, 0.17",0.3333333333333333,1,0,0.0,"fixed, as expected",1,,2.0495,10.1039,0.138,0.17,45,0,0,0,0,4,11.5,2.3100000000000005,1.9441875597553376e-16,1,0.0094,0.0094,0
goethite-Cl(+7)+Na(+1)-Oxalic acid,FAIL,"only 41 points (< 50); only 2 distinct ionic-strength levels; only 0% of points come from references that vary ionic strength internally - most 'I coverage' is pooled across studies with fixed I, not real within-study variation",41,7.090059999999999,2,"2.5, 13.25",0.3333333333333333,2,0,0.0,"fixed, as expected",2,,2.69565,9.78571,2.5,13.25,41,0,0,0,0,4,9.5,2.31,0.0,1,0.0247,0.0247,0
bentonite-Cl(-1)+Eu(+3)+Na(+1)-P(+5),FAIL,"only 39 points (< 50); only 1 distinct ionic-strength levels; only 0% of points come from references that vary ionic strength internally - most 'I coverage' is pooled across studies with fixed I, not real within-study variation",39,6.7872,1,0.1,0.3333333333333333,1,0,0.0,"fixed, as expected",1,0.0,2.4742,9.2614,0.1,0.1,39,0,12,0,0,3,12.0,2.3100000000000005,1.9475954283825384e-16,0,0.063,0.063,0
hydrous manganese oxide-N(+5)+Na(+1)-Ni(+2),FAIL,"only 34 points (< 50); only 2 distinct ionic-strength levels; only 0% of points come from references that vary ionic strength internally - most 'I coverage' is pooled across studies with fixed I, not real within-study variation",34,6.014600000000001,2,"0.195, 19.5",0.3333333333333333,1,0,0.0,"fixed, as expected",1,,1.9889,8.0035,0.195,19.5,34,0,0,0,0,3,11.0,2.31,0.0,0,0.0787,0.0787,0
chlorite-N(+5)+Na(+1)-U(+6),FAIL,"only 33 points (< 50); only 2 distinct ionic-strength levels; only 0% of points come from references that vary ionic strength internally - most 'I coverage' is pooled across studies with fixed I, not real within-study variation",33,5.9166,2,"0.13, 1.3",0.3333333333333333,1,0,0.0,"fixed, as expected",1,,3.803,9.7196,0.13,1.3,33,0,0,0,0,3,12.0,2.31,0.0,0,0.0278,0.0278,0
ferrihydrite-C(+4)+Cl(-1)+Na(+1)-U(+6),FAIL,"only 33 points (< 50); only 2 distinct ionic-strength levels; only 0% of points come from references that vary ionic strength internally - most 'I coverage' is pooled across studies with fixed I, not real within-study variation",33,6.77421,2,"0.01, 0.09",0.3333333333333333,1,0,0.0,"fixed, as expected",1,,3.02566,9.79987,0.01,0.09,33,0,0,0,0,2,16.5,2.31,0.0,1,0.0496,0.0496,0
heulandite-Cl(-1)+Na(+1)-Sm(+3),FAIL,"only 32 points (< 50); only 2 distinct ionic-strength levels; only 0% of points come from references that vary ionic strength internally - most 'I coverage' is pooled across studies with fixed I, not real within-study variation",32,6.401399999999999,2,"0.001, 0.1",0.3333333333333333,1,0,0.0,"fixed, as expected",1,,3.2719,9.6733,0.001,0.1,32,0,0,0,0,3,14.0,2.31,0.0,0,0.0353,0.0353,0
heulandite-Cl(-1)+Na(+1)-Eu(+3),FAIL,"only 31 points (< 50); only 2 distinct ionic-strength levels; only 0% of points come from references that vary ionic strength internally - most 'I coverage' is pooled across studies with fixed I, not real within-study variation",31,6.3567,2,"0.001, 0.1",0.3333333333333333,1,0,0.0,"fixed, as expected",1,,3.3552,9.7119,0.001,0.1,31,0,0,0,0,3,13.0,2.3100000000000005,1.954242531079898e-16,0,0.0429,0.0429,0
hydrous manganese oxide-N(+5)+Na(+1)-Ca(+2),FAIL,"only 31 points (< 50); only 2 distinct ionic-strength levels; only 0% of points come from references that vary ionic strength internally - most 'I coverage' is pooled across studies with fixed I, not real within-study variation",31,5.9891,2,"0.195, 19.5",0.3333333333333333,1,0,0.0,"fixed, as expected",1,,1.9965,7.9856,0.195,19.5,31,0,0,0,0,3,10.0,2.3100000000000005,1.954242531079898e-16,0,0.0808,0.0808,0
hydrous aluminum oxide-N(+5)+Na(+1)-Ca(+2),FAIL,"only 28 points (< 50); only 2 distinct ionic-strength levels; only 0% of points come from references that vary ionic strength internally - most 'I coverage' is pooled across studies with fixed I, not real within-study variation",28,5.106199999999999,2,"0.78, 19.5",0.3333333333333333,1,0,0.0,"fixed, as expected",1,,4.8667,9.9729,0.78,19.5,28,0,0,0,0,3,9.0,2.31,0.0,0,0.0903,0.0903,0
alumina-Cl(+7)+Fulvic acid+Na(+1)-Sr(+2),FAIL,"only 24 points (< 50); only 2 distinct ionic-strength levels; only 0% of points come from references that vary ionic strength internally - most 'I coverage' is pooled across studies with fixed I, not real within-study variation",24,6.589799999999999,2,"0.25, 2.5",0.3333333333333333,1,0,0.0,"fixed, as expected",1,,3.082,9.6718,0.25,2.5,24,0,0,0,0,2,12.0,2.31,0.0,1,0.0713,0.0713,0
shale-Ca(+2)+Cl(-1)+Na(+1)-Np(+4),FAIL,"only 24 points (< 50); only 2 distinct ionic-strength levels; only 0% of points come from references that vary ionic strength internally - most 'I coverage' is pooled across studies with fixed I, not real within-study variation",24,7.056109999999999,2,"4.85, 7.285",0.3333333333333333,1,0,0.0,"fixed, as expected",1,,3.00899,10.0651,4.85,7.285,24,0,0,0,0,2,12.0,2.31,0.0,0,0.0567,0.0567,0
alumina-Cl(+7)+Na(+1)-Fulvic acid,FAIL,"only 23 points (< 50); only 2 distinct ionic-strength levels; only 0% of points come from references that vary ionic strength internally - most 'I coverage' is pooled across studies with fixed I, not real within-study variation",23,5.6157,2,"0.25, 2.5",0.3333333333333333,1,0,0.0,"fixed, as expected",1,,2.9413,8.557,0.25,2.5,23,0,0,0,0,2,11.5,2.310000000000001,3.9313418947998006e-16,1,0.0723,0.0723,0
kaolinite-Cl(+7)+Na(+1)-Eu(+3),FAIL,"only 21 points (< 50); only 2 distinct ionic-strength levels; only 0% of points come from references that vary ionic strength internally - most 'I coverage' is pooled across studies with fixed I, not real within-study variation",21,8.863000000000001,2,"0.25, 1.25",0.3333333333333333,2,0,0.0,"fixed, as expected",2,,1.043,9.906,0.25,1.25,21,0,0,0,0,2,10.5,2.3100000000000005,1.9699395104015114e-16,0,0.0425,0.0425,0
gibbsite-N(+5)+Na(+1)-H(+1),FAIL,"only 0 points (< 50); only 2 distinct ionic-strength levels; only 0% of points come from references that vary ionic strength internally - most 'I coverage' is pooled across studies with fixed I, not real within-study variation",0,5.228000000000001,2,"0.13, 1.3",0.3333333333333333,2,0,0.0,"fixed, as expected",2,,4.951,10.179,0.13,1.3,67,67,0,0,0,4,16.5,2.31,0.0,1,0.0184,0.0184,0
kaolinite-N(+5)+Na(+1)-U(+6),FAIL,"only 0% of points come from references that vary ionic strength internally - most 'I coverage' is pooled across studies with fixed I, not real within-study variation",400,15.780100000000001,3,"0.13, 1.3, 6.5",0.3055555555555556,3,0,0.0,"fixed, as expected",3,,2.4715,18.2516,0.13,6.5,400,0,0,0,14,26,18.0,2.3099999999999996,1.9248717072277888e-16,0,0.0003,0.0003,0
goethite-N(+5)+Na(+1)-Ni(+2),FAIL,"only 2 distinct ionic-strength levels; only 0% of points come from references that vary ionic strength internally - most 'I coverage' is pooled across studies with fixed I, not real within-study variation",295,7.1058,2,"0.013, 0.13",0.3055555555555556,3,0,0.0,"fixed, as expected",3,,2.9815,10.0873,0.013,0.13,295,0,0,0,1,16,20.5,2.31,0.0,1,0.0,0.0,0
illite-Cl(+7)+Na(+1)-Am(+3),FAIL,"only 2 distinct ionic-strength levels; only 0% of points come from references that vary ionic strength internally - most 'I coverage' is pooled across studies with fixed I, not real within-study variation",132,8.11,2,"2.5, 25",0.3055555555555556,2,0,0.0,"fixed, as expected",2,,2.56,10.67,2.5,25.0,132,0,0,0,0,4,23.5,2.31,0.0,1,0.0,0.0,0
hydrous aluminum oxide-N(+5)+Na(+1)-Sr(+2),FAIL,"only 2 distinct ionic-strength levels; only 0% of points come from references that vary ionic strength internally - most 'I coverage' is pooled across studies with fixed I, not real within-study variation",92,4.0989,2,"0.78, 7.8",0.3055555555555556,1,0,0.0,"fixed, as expected",1,21.0,4.9931,9.092,0.78,7.8,92,0,0,0,0,8,11.0,2.3099999999999996,1.9329982406880402e-16,0,0.0,0.0,0
goethite-Cl(-1)+Na(+1)-C(+4),FAIL,"only 2 distinct ionic-strength levels; only 0% of points come from references that vary ionic strength internally - most 'I coverage' is pooled across studies with fixed I, not real within-study variation",91,4.90073,2,"0.01, 0.1",0.3055555555555556,1,0,0.0,"fixed, as expected",1,,3.01722,7.91795,0.01,0.1,91,0,0,0,0,6,8.5,2.3099999999999996,1.9331149641107902e-16,1,0.006,0.006,0
alumina-Cl(+7)+Na(+1)-Am(+3),FAIL,"only 2 distinct ionic-strength levels; 3 distinct mineral formulas under one mineral label - ambiguous phase; only 0% of points come from references that vary ionic strength internally - most 'I coverage' is pooled across studies with fixed I, not real within-study variation",89,11.27,2,"0.25, 2.5",0.3055555555555556,5,0,0.0,"fixed, as expected",5,,2.13,13.4,0.25,2.5,89,0,0,0,0,10,7.5,2.3099999999999996,1.9333563470129126e-16,3,0.0046,0.0046,0
hematite-C(+4)+Cl(+7)+Na(+1)-Np(+5),FAIL,"only 2 distinct ionic-strength levels; only 0% of points come from references that vary ionic strength internally - most 'I coverage' is pooled across studies with fixed I, not real within-study variation",83,9.1584,2,"0.25, 2.5",0.3055555555555556,1,0,0.0,"fixed, as expected",1,,1.9514,11.1098,0.25,2.5,83,0,0,0,5,8,10.5,2.31,0.0,1,0.0012,0.0012,0
magnetite-N(+5)+Na(+1)-Yb(+3),FAIL,"pH span only 3.87; only 2 distinct ionic-strength levels; only 0% of points come from references that vary ionic strength internally - most 'I coverage' is pooled across studies with fixed I, not real within-study variation",59,3.8727,2,"0.65, 1.3",0.3055555555555556,1,0,0.0,"fixed, as expected",1,,4.1403,8.013,0.65,1.3,59,0,0,0,0,4,11.5,2.3100000000000005,1.938966252450381e-16,1,0.0077,0.0077,0
vernadite-N(+5)+Na(+1)-U(+6),FAIL,"only 2 distinct ionic-strength levels; only 0% of points come from references that vary ionic strength internally - most 'I coverage' is pooled across studies with fixed I, not real within-study variation",51,8.0278,2,"0.13, 1.3",0.3055555555555556,1,0,0.0,"fixed, as expected",1,,1.9969,10.0247,0.13,1.3,51,0,0,0,0,4,12.5,2.3100000000000005,1.9415935792008744e-16,1,0.0036,0.0036,0
TiO2-Cl(+7)+Na(+1)-Pu,FAIL,"only 2 distinct ionic-strength levels; only 0% of points come from references that vary ionic strength internally - most 'I coverage' is pooled across studies with fixed I, not real within-study variation",50,8.6998,2,"0.4, 2.5",0.3055555555555556,1,0,0.0,"fixed, as expected",1,,2.0956,10.7954,0.4,2.5,50,0,0,0,0,2,25.0,2.3100000000000005,1.9419820144511748e-16,0,0.0132,0.0132,0
rutile-N(+5)+Na(+1)-U(+6),FAIL,"only 42 points (< 50); only 2 distinct ionic-strength levels; only 0% of points come from references that vary ionic strength internally - most 'I coverage' is pooled across studies with fixed I, not real within-study variation",42,7.0023,2,"0.013, 1.3",0.3055555555555556,2,0,0.0,"fixed, as expected",2,,2.0253,9.0276,0.013,1.3,42,0,0,0,0,4,10.5,2.31,0.0,1,0.0042,0.0042,0
hematite-Cl(+7)+Na(+1)-Humic acid,FAIL,"only 40 points (< 50); only 2 distinct ionic-strength levels; only 0% of points come from references that vary ionic strength internally - most 'I coverage' is pooled across studies with fixed I, not real within-study variation",40,6.668999999999999,2,"0.25, 2.5",0.3055555555555556,2,0,0.0,"fixed, as expected",2,,3.0097,9.6787,0.25,2.5,40,0,0,0,0,5,8.0,2.31,0.0,1,0.0047,0.0047,0
quartz-Cl(+7)+Fulvic acid+Na(+1)-Eu(+3),FAIL,"only 31 points (< 50); only 2 distinct ionic-strength levels; only 0% of points come from references that vary ionic strength internally - most 'I coverage' is pooled across studies with fixed I, not real within-study variation",31,6.348,2,"0.25, 2.5",0.3055555555555556,2,0,0.0,"fixed, as expected",2,,3.0346,9.3826,0.25,2.5,31,0,0,0,1,3,10.0,2.3100000000000005,1.954242531079898e-16,1,0.0441,0.0441,0
goethite-Cl(-1)+Na(+1)-Ra(+2),FAIL,"only 30 points (< 50); only 2 distinct ionic-strength levels; only 0% of points come from references that vary ionic strength internally - most 'I coverage' is pooled across studies with fixed I, not real within-study variation",30,9.120000000000001,2,"0.01, 0.1",0.3055555555555556,2,0,0.0,"fixed, as expected",2,,2.18,11.3,0.01,0.1,30,0,0,0,5,3,11.0,2.3100000000000005,1.955329126955394e-16,1,0.023,0.023,0
quartz-Cl(+7)+Na(+1)-Fulvic acid,FAIL,"only 30 points (< 50); only 2 distinct ionic-strength levels; only 0% of points come from references that vary ionic strength internally - most 'I coverage' is pooled across studies with fixed I, not real within-study variation",30,6.0878,2,"0.25, 2.5",0.3055555555555556,2,0,0.0,"fixed, as expected",2,,2.9055,8.9933,0.25,2.5,30,0,0,0,1,3,12.0,2.3100000000000005,1.955329126955394e-16,1,0.0423,0.0423,0
goethite-Cl(+7)+Na(+1)-Eu(+3),FAIL,"only 29 points (< 50); only 2 distinct ionic-strength levels; only 0% of points come from references that vary ionic strength internally - most 'I coverage' is pooled across studies with fixed I, not real within-study variation",29,7.4452,2,"0.25, 1.25",0.3055555555555556,2,0,0.0,"fixed, as expected",2,,2.0787,9.5239,0.25,1.25,29,0,0,0,2,2,14.5,2.3100000000000005,1.9564926671517633e-16,1,0.0325,0.0325,0
maghemite-Cl(-1)+Na(+1)-Se(+4),FAIL,"only 27 points (< 50); only 2 distinct ionic-strength levels; only 0% of points come from references that vary ionic strength internally - most 'I coverage' is pooled across studies with fixed I, not real within-study variation",27,7.497,2,"0.01, 0.1",0.3055555555555556,1,0,0.0,"fixed, as expected",1,,3.4982,10.9952,0.01,0.1,27,0,0,0,1,2,13.5,2.31,0.0,1,0.0644,0.0644,0
montmorillonite-Cl(+7)+Na(+1)-Th(+4),FAIL,"only 22 points (< 50); only 2 distinct ionic-strength levels; only 0% of points come from references that vary ionic strength internally - most 'I coverage' is pooled across studies with fixed I, not real within-study variation",22,7.9711300000000005,2,"2.5, 25",0.3055555555555556,1,0,0.0,"fixed, as expected",1,,3.04417,11.0153,2.5,25.0,22,0,0,0,0,2,11.0,2.3100000000000005,1.967704751303887e-16,0,0.0624,0.0624,0
bentonite-Cl(-1)+Na(+1)-H(+1),FAIL,"only 0 points (< 50); only 2 distinct ionic-strength levels; only 0% of points come from references that vary ionic strength internally - most 'I coverage' is pooled across studies with fixed I, not real within-study variation",0,5.8732,2,"0.001, 0.01",0.3055555555555556,1,0,0.0,"fixed, as expected",1,,4.418,10.2912,0.001,0.01,91,91,0,0,0,4,24.5,2.3099999999999996,1.9331149641107902e-16,0,0.0066,0.0066,0
ferrihydrite-N(+5)+Na(+1)-Sr(+2),FAIL,"only 0% of points come from references that vary ionic strength internally - most 'I coverage' is pooled across studies with fixed I, not real within-study variation",223,9.3003,3,"0.39, 0.403, 13",0.2777777777777778,4,0,0.0,"fixed, as expected",4,,3.4897,12.79,0.39,13.0,223,0,0,0,1,18,10.5,2.3099999999999996,1.9267891209976958e-16,1,0.0014,0.0014,0
goethite-N(+5)+Na(+1)-Zn(+2),FAIL,"only 0% of points come from references that vary ionic strength internally - most 'I coverage' is pooled across studies with fixed I, not real within-study variation",179,5.679400000000001,3,"0.013, 0.13, 1.3",0.2777777777777778,3,0,0.0,"fixed, as expected",3,,4.052,9.7314,0.013,1.3,179,0,0,0,0,17,11.0,2.3099999999999996,1.9278567287023817e-16,1,0.0008,0.0008,0
hematite-Cl(+7)+Na(+1)-Eu(+3),FAIL,"only 2 distinct ionic-strength levels; 2 distinct mineral formulas under one mineral label - ambiguous phase; only 0% of points come from references that vary ionic strength internally - most 'I coverage' is pooled across studies with fixed I, not real within-study variation",172,5.949999999999999,2,"0.25, 2.5",0.2777777777777778,2,0,0.0,"fixed, as expected",2,,2.246,8.196,0.25,2.5,172,0,0,0,1,7,27.0,2.3099999999999996,1.9280771577533693e-16,2,0.0,0.0,0
montmorillonite-Cl(+7)+Na(+1)-Citric acid,FAIL,"only 2 distinct ionic-strength levels; only 0% of points come from references that vary ionic strength internally - most 'I coverage' is pooled across studies with fixed I, not real within-study variation",64,7.348999999999999,2,"0.25, 5.5",0.2777777777777778,2,0,0.0,"fixed, as expected",2,1.0,3.37,10.719,0.25,5.5,64,0,0,0,0,4,13.5,2.31,0.0,1,0.0059,0.0059,0
alumina-Cl(+7)+Na(+1)-Np(+5),FAIL,"only 2 distinct ionic-strength levels; 2 distinct mineral formulas under one mineral label - ambiguous phase; only 0% of points come from references that vary ionic strength internally - most 'I coverage' is pooled across studies with fixed I, not real within-study variation",50,10.2,2,"0.25, 2.5",0.2777777777777778,3,0,0.0,"fixed, as expected",3,,2.0,12.2,0.25,2.5,50,0,0,0,0,4,11.5,2.3100000000000005,1.9419820144511748e-16,2,0.0089,0.0089,0
alumina-N(+5)+Na(+1)-Np(+5),FAIL,"only 45 points (< 50); only 2 distinct ionic-strength levels; only 0% of points come from references that vary ionic strength internally - most 'I coverage' is pooled across studies with fixed I, not real within-study variation",45,7.2822000000000005,2,"0.13, 1.3",0.2777777777777778,2,0,0.0,"fixed, as expected",2,,3.607,10.8892,0.13,1.3,45,0,0,0,0,3,16.0,2.3100000000000005,1.9441875597553376e-16,1,0.0065,0.0065,0
hematite-Cl(-1)+Na(+1)-Se(+6),FAIL,"only 44 points (< 50); 2 distinct mineral formulas under one mineral label - ambiguous phase; only 0% of points come from references that vary ionic strength internally - most 'I coverage' is pooled across studies with fixed I, not real within-study variation",44,9.1134,3,"0.001, 0.01, 0.1",0.2777777777777778,3,0,0.0,"fixed, as expected",3,,2.5373,11.6507,0.001,0.1,44,0,0,0,2,6,7.5,2.3100000000000005,1.944689868912345e-16,2,0.0114,0.0114,0
hematite-Cl(-1)+Na(+1)-Se(+4),FAIL,"only 39 points (< 50); 2 distinct mineral formulas under one mineral label - ambiguous phase; only 0% of points come from references that vary ionic strength internally - most 'I coverage' is pooled across studies with fixed I, not real within-study variation",39,9.4885,3,"0.001, 0.01, 0.1",0.2777777777777778,2,0,0.0,"fixed, as expected",2,,2.0532,11.5417,0.001,0.1,39,0,0,0,0,5,8.0,2.3100000000000005,1.9475954283825384e-16,2,0.0522,0.0522,0
silica-Cl(+7)+Na(+1)-Am(+3),FAIL,"only 35 points (< 50); only 2 distinct ionic-strength levels; only 0% of points come from references that vary ionic strength internally - most 'I coverage' is pooled across studies with fixed I, not real within-study variation",35,7.332000000000001,2,"0.25, 2.5",0.2777777777777778,2,0,0.0,"fixed, as expected",2,,2.648,9.98,0.25,2.5,35,0,0,0,0,4,8.0,2.31,0.0,1,0.011,0.011,0
bentonite-Cl(+7)+Na(+1)-Ca(+2),FAIL,"only 32 points (< 50); only 2 distinct ionic-strength levels; only 0% of points come from references that vary ionic strength internally - most 'I coverage' is pooled across studies with fixed I, not real within-study variation",32,7.04562,2,"0.25, 2.5",0.2777777777777778,1,0,0.0,"fixed, as expected",1,,2.92303,9.96865,0.25,2.5,32,0,0,0,0,4,7.5,2.31,0.0,0,0.0168,0.0168,0
illite-Cl(-1)+K(+1)-Cs(+1),FAIL,"only 31 points (< 50); only 0% of points come from references that vary ionic strength internally - most 'I coverage' is pooled across studies with fixed I, not real within-study variation",31,8.379999999999999,4,"0.002, 0.01, 0.02, 0.1",0.2777777777777778,3,0,0.0,"fixed, as expected",3,,2.89,11.27,0.002,0.1,31,0,12,0,0,14,1.0,2.3100000000000005,1.954242531079898e-16,0,0.0086,0.0086,0
goethite-Ca(+2)+Na(+1)+Na(+1)-Ra(+2),FAIL,"only 24 points (< 50); only 2 distinct ionic-strength levels; only 0% of points come from references that vary ionic strength internally - most 'I coverage' is pooled across studies with fixed I, not real within-study variation",24,7.0200000000000005,2,"0.03, 0.21",0.2777777777777778,1,0,0.0,"fixed, as expected",1,,4.78,11.8,0.03,0.21,24,0,0,0,1,2,12.0,2.31,0.0,1,0.0356,0.0356,0
goethite-K(+1)+N(+5)-Cu(+2),FAIL,"only 23 points (< 50); only 2 distinct ionic-strength levels; only 0% of points come from references that vary ionic strength internally - most 'I coverage' is pooled across studies with fixed I, not real within-study variation",23,5.286300000000001,2,"0.13, 1.3",0.2777777777777778,2,0,0.0,"fixed, as expected",2,,2.5413,7.8276,0.13,1.3,23,0,0,0,0,2,11.5,2.310000000000001,3.9313418947998006e-16,1,0.0349,0.0349,0
quartz-F(-1)+K(+1)+N(+5)-U(+6),FAIL,"only 22 points (< 50); pH span only 2.61; only 1 distinct ionic-strength levels; only 0% of points come from references that vary ionic strength internally - most 'I coverage' is pooled across studies with fixed I, not real within-study variation",22,2.6140999999999996,1,1.3,0.2777777777777778,1,0,0.0,"fixed, as expected",1,,3.7073,6.3214,1.3,1.3,22,0,0,0,3,2,11.0,2.3100000000000005,1.967704751303887e-16,1,0.0704,0.0704,0
quartz-Cl(+7)+Na(+1)-Sr(+2),FAIL,"only 21 points (< 50); only 2 distinct ionic-strength levels; only 0% of points come from references that vary ionic strength internally - most 'I coverage' is pooled across studies with fixed I, not real within-study variation",21,6.4178,2,"0.25, 2.5",0.2777777777777778,1,0,0.0,"fixed, as expected",1,,3.0282,9.446,0.25,2.5,21,0,0,0,0,2,10.5,2.3100000000000005,1.9699395104015114e-16,1,0.054,0.054,0
magnetite-Cl(+7)+Na(+1)-H(+1),FAIL,"only 0 points (< 50); only 2 distinct ionic-strength levels; only 0% of points come from references that vary ionic strength internally - most 'I coverage' is pooled across studies with fixed I, not real within-study variation",0,6.5261000000000005,2,"0.025, 2.5",0.2777777777777778,1,0,0.0,"fixed, as expected",1,,3.6939,10.22,0.025,2.5,40,40,0,0,0,2,20.0,2.31,0.0,1,0.0137,0.0137,0
ferrihydrite-C(+4)+N(+5)+Na(+1)-U(+6),FAIL,"only 0% of points come from references that vary ionic strength internally - most 'I coverage' is pooled across studies with fixed I, not real within-study variation",150,7.605089999999999,4,"0.146, 1.3, 1.308, 1.38",0.25,3,0,0.0,"fixed, as expected",3,,2.81671,10.4218,0.146,1.38,150,0,0,0,2,5,16.0,2.31,0.0,1,0.0064,0.0064,0
hematite-Cl(-1)+Na(+1)-Np(+5),FAIL,"only 2 distinct ionic-strength levels; only 0% of points come from references that vary ionic strength internally - most 'I coverage' is pooled across studies with fixed I, not real within-study variation",97,7.970000000000001,2,"0.01, 0.1",0.25,2,0,0.0,"fixed, as expected",2,35.0,2.93,10.9,0.01,0.1,104,7,0,0,15,5,24.0,2.3099999999999996,1.9317739199229515e-16,1,0.0025,0.0025,0
ferrihydrite-C(+4)+N(+5)+Na(+1)-Np(+5),FAIL,"only 44 points (< 50); only 2 distinct ionic-strength levels; only 0% of points come from references that vary ionic strength internally - most 'I coverage' is pooled across studies with fixed I, not real within-study variation",44,4.975,2,"1.3, 1.301",0.25,1,0,0.0,"fixed, as expected",1,,4.035,9.01,1.3,1.301,44,0,0,0,0,44,1.0,2.3100000000000005,1.944689868912345e-16,1,0.0062,0.0062,0
magnetite-N(+5)+Na(+1)-Se(+4),FAIL,"only 27 points (< 50); only 0% of points come from references that vary ionic strength internally - most 'I coverage' is pooled across studies with fixed I, not real within-study variation",27,6.953,3,"0, 0.26, 1.3",0.25,3,0,0.0,"fixed, as expected",3,,3.947,10.9,0.0,1.3,27,0,0,0,0,8,1.0,2.31,0.0,1,0.0579,0.0579,0
hydrous aluminum oxide-N(+5)+Na(+1)-Ni(+2),FAIL,"only 26 points (< 50); only 2 distinct ionic-strength levels; only 0% of points come from references that vary ionic strength internally - most 'I coverage' is pooled across studies with fixed I, not real within-study variation",26,4.497999999999999,2,"0.78, 19.5",0.25,1,0,0.0,"fixed, as expected",1,,4.9961,9.4941,0.78,19.5,26,0,0,0,0,3,9.0,2.31,0.0,0,0.0546,0.0546,0
quartz-Cl(+7)+Na(+1)-U(+6),FAIL,"only 0% of points come from references that vary ionic strength internally - most 'I coverage' is pooled across studies with fixed I, not real within-study variation",77,10.979999999999999,4,"0.25, 2.275, 2.425, 2.5",0.2222222222222222,5,0,0.0,"fixed, as expected",5,,2.22,13.2,0.25,2.5,77,0,0,0,8,6,12.5,2.31,0.0,1,0.0015,0.0015,0
magnetite-Cl(-1)+Na(+1)-Se(+6),FAIL,"only 36 points (< 50); only 0% of points come from references that vary ionic strength internally - most 'I coverage' is pooled across studies with fixed I, not real within-study variation",36,10.1248,3,"0, 0.001, 0.1",0.2222222222222222,2,0,0.0,"fixed, as expected",2,,2.0,12.1248,0.0,0.1,36,0,0,0,0,6,5.0,2.3100000000000005,1.9497344684873008e-16,1,0.0,0.0,0
ferrihydrite-Cl(-1)+N(-3)-Co(+2),FAIL,"only 30 points (< 50); pH span only 2.80; only 2 distinct ionic-strength levels; only 0% of points come from references that vary ionic strength internally - most 'I coverage' is pooled across studies with fixed I, not real within-study variation",30,2.8000000000000007,2,"0.043, 0.044",0.2222222222222222,1,0,0.0,"fixed, as expected",1,,5.5,8.3,0.043,0.044,30,0,0,0,0,14,1.0,2.3100000000000005,1.955329126955394e-16,1,0.0071,0.0071,0
montmorillonite-Cl(+7)+Na(+1)-Cd(+2),FAIL,"only 27 points (< 50); pH span only 2.71; only 2 distinct ionic-strength levels; only 0% of points come from references that vary ionic strength internally - most 'I coverage' is pooled across studies with fixed I, not real within-study variation",27,2.7109999999999994,2,"0.35, 2.5",0.2222222222222222,1,0,0.0,"fixed, as expected",1,,4.58961,7.30061,0.35,2.5,27,0,0,0,0,2,13.5,2.31,0.0,0,0.0327,0.0327,0
alumina-Cl(+7)+Na(+1)-Th(+4),FAIL,"only 26 points (< 50); only 2 distinct ionic-strength levels; 2 distinct mineral formulas under one mineral label - ambiguous phase; only 0% of points come from references that vary ionic strength internally - most 'I coverage' is pooled across studies with fixed I, not real within-study variation",26,11.979,2,"0.25, 2.5",0.2222222222222222,2,0,0.0,"fixed, as expected",2,,1.021,13.0,0.25,2.5,26,0,0,0,0,3,8.0,2.31,0.0,2,0.0184,0.0184,0
montmorillonite-Cl(+7)+Na(+1)-Zn(+2),FAIL,"only 1 distinct ionic-strength levels; only 0% of points come from references that vary ionic strength internally - most 'I coverage' is pooled across studies with fixed I, not real within-study variation",408,7.6914,1,2.5,0.16666666666666666,4,0,0.0,"fixed, as expected",4,,2.0686,9.76,2.5,2.5,408,0,0,0,0,15,24.0,2.3099999999999996,1.924824412501625e-16,0,0.0,0.0,0
montmorillonite-Cl(+7)+Na(+1)-Fe(+2),FAIL,"only 1 distinct ionic-strength levels; only 0% of points come from references that vary ionic strength internally - most 'I coverage' is pooled across studies with fixed I, not real within-study variation",312,7.401999999999999,1,2.5,0.16666666666666666,2,0,0.0,"fixed, as expected",2,,2.0158,9.4178,2.5,2.5,312,0,0,0,0,15,20.0,2.31,0.0,0,0.0,0.0,0
goethite-Cl(-1)+K(+1)-Se(+4),FAIL,"only 1 distinct ionic-strength levels; only 0% of points come from references that vary ionic strength internally - most 'I coverage' is pooled across studies with fixed I, not real within-study variation",291,6.9992,1,0.1,0.16666666666666666,2,0,0.0,"fixed, as expected",2,10.0,3.6401,10.6393,0.1,0.1,291,0,0,0,2,23,11.0,2.31,0.0,1,0.0008,0.0008,0
montmorillonite-N(+5)+Na(+1)-Np(+5),FAIL,"only 1 distinct ionic-strength levels; only 0% of points come from references that vary ionic strength internally - most 'I coverage' is pooled across studies with fixed I, not real within-study variation",243,7.8018,1,1.3,0.16666666666666666,3,0,0.0,"fixed, as expected",3,,2.7437,10.5455,1.3,1.3,243,0,0,0,0,14,17.5,2.3099999999999996,1.9264320503100618e-16,0,0.0006,0.0006,0
montmorillonite-Cl(-1)+Na(+1)-Pb(+2),FAIL,"only 1 distinct ionic-strength levels; only 0% of points come from references that vary ionic strength internally - most 'I coverage' is pooled across studies with fixed I, not real within-study variation",161,7.2963000000000005,1,0.1,0.16666666666666666,1,0,0.0,"fixed, as expected",1,,2.321,9.6173,0.1,0.1,161,0,0,0,0,7,23.0,2.3099999999999996,1.928462454443326e-16,0,0.0,0.0,0
goethite-K(+1)+N(+5)-Mellitic acid,FAIL,"only 1 distinct ionic-strength levels; only 0% of points come from references that vary ionic strength internally - most 'I coverage' is pooled across studies with fixed I, not real within-study variation",160,7.970599999999999,1,0.065,0.16666666666666666,2,0,0.0,"fixed, as expected",2,60.0,3.0,10.9706,0.065,0.065,160,0,0,0,0,6,22.0,2.3099999999999996,1.92850012082915e-16,1,0.0014,0.0014,0
corundum-K(+1)+N(+5)-Oxalic acid,FAIL,"only 1 distinct ionic-strength levels; only 0% of points come from references that vary ionic strength internally - most 'I coverage' is pooled across studies with fixed I, not real within-study variation",154,8.81913,1,0.13,0.16666666666666666,1,0,0.0,"fixed, as expected",1,,1.95477,10.7739,0.13,0.13,154,0,0,0,0,8,19.0,2.31,0.0,0,0.0028,0.0028,0
kaolinite-K(+1)+N(+5)-Mellitic acid,FAIL,"only 1 distinct ionic-strength levels; only 0% of points come from references that vary ionic strength internally - most 'I coverage' is pooled across studies with fixed I, not real within-study variation",126,7.101330000000001,1,0.065,0.16666666666666666,2,0,0.0,"fixed, as expected",2,60.0,2.98527,10.0866,0.065,0.065,126,0,0,0,0,6,21.0,2.31,0.0,0,0.0021,0.0021,0
ferrihydrite-Cl(-1)+K(+1)-Se(+4),FAIL,"only 1 distinct ionic-strength levels; only 0% of points come from references that vary ionic strength internally - most 'I coverage' is pooled across studies with fixed I, not real within-study variation",120,6.2794,1,0.1,0.16666666666666666,2,0,0.0,"fixed, as expected",2,,4.6185,10.8979,0.1,0.1,120,0,0,0,0,10,12.0,2.31,0.0,1,0.0017,0.0017,0
illite-N(+5)+Na(+1)-Ni(+2),FAIL,"only 1 distinct ionic-strength levels; only 0% of points come from references that vary ionic strength internally - most 'I coverage' is pooled across studies with fixed I, not real within-study variation",110,6.0,1,0.13,0.16666666666666666,1,0,0.0,"fixed, as expected",1,,3.0,9.0,0.13,0.13,110,0,0,0,3,14,9.0,2.3099999999999996,1.931262620627766e-16,0,0.0002,0.0002,0
smectite-Cl(+7)+K(+1)-Oxalic acid,FAIL,"only 1 distinct ionic-strength levels; only 0% of points come from references that vary ionic strength internally - most 'I coverage' is pooled across studies with fixed I, not real within-study variation",106,5.47351,1,0.25,0.16666666666666666,1,0,0.0,"fixed, as expected",1,,2.28808,7.76159,0.25,0.25,106,0,0,0,0,4,25.0,2.3099999999999996,1.931597009448665e-16,0,0.0018,0.0018,0
vernadite-Cl(-1)+K(+1)-Se(+4),FAIL,"only 1 distinct ionic-strength levels; only 0% of points come from references that vary ionic strength internally - most 'I coverage' is pooled across studies with fixed I, not real within-study variation",88,5.5108999999999995,1,0.1,0.16666666666666666,1,0,0.0,"fixed, as expected",1,,4.5487,10.0596,0.1,0.1,88,0,0,0,0,8,9.5,2.3099999999999996,1.9334811884134245e-16,1,0.0026,0.0026,0
quartz-N(+5)+Na(+1)-Np(+5),FAIL,"only 1 distinct ionic-strength levels; only 0% of points come from references that vary ionic strength internally - most 'I coverage' is pooled across studies with fixed I, not real within-study variation",87,5.824,1,1.3,0.16666666666666666,1,0,0.0,"fixed, as expected",1,,4.946,10.77,1.3,1.3,87,0,0,0,0,5,17.0,2.31,0.0,1,0.0043,0.0043,0
kaolinite-Cl(+7)+Na(+1)-Humic acid,FAIL,"only 1 distinct ionic-strength levels; only 0% of points come from references that vary ionic strength internally - most 'I coverage' is pooled across studies with fixed I, not real within-study variation",79,7.9813,1,1.25,0.16666666666666666,1,0,0.0,"fixed, as expected",1,,2.043,10.0243,1.25,1.25,79,0,0,0,0,4,20.0,2.31,0.0,0,0.0043,0.0043,0
illite-Cl(-1)+Na(+1)-Mn(+2),FAIL,"only 1 distinct ionic-strength levels; only 0% of points come from references that vary ionic strength internally - most 'I coverage' is pooled across studies with fixed I, not real within-study variation",78,5.630000000000001,1,0.1,0.16666666666666666,1,0,0.0,"fixed, as expected",1,,4.0,9.63,0.1,0.1,78,0,0,0,0,3,27.0,2.31,0.0,0,0.0,0.0,0
hematite-Cl(-1)+Na(+1)-Eu(+3),FAIL,"only 1 distinct ionic-strength levels; only 0% of points come from references that vary ionic strength internally - most 'I coverage' is pooled across studies with fixed I, not real within-study variation",77,5.08761,1,0.01,0.16666666666666666,1,0,0.0,"fixed, as expected",1,,2.84788,7.93549,0.01,0.01,77,0,0,0,7,4,19.5,2.31,0.0,1,0.0043,0.0043,0
illite-Cl(+7)+K(+1)-Citric acid,FAIL,"only 1 distinct ionic-strength levels; only 0% of points come from references that vary ionic strength internally - most 'I coverage' is pooled across studies with fixed I, not real within-study variation",76,5.74765,1,0.25,0.16666666666666666,2,0,0.0,"fixed, as expected",2,0.0,3.50094,9.24859,0.25,0.25,76,0,0,0,0,4,19.5,2.31,0.0,0,0.0032,0.0032,0
bentonite-Cl(-1)+Na(+1)-P(+5),FAIL,"only 1 distinct ionic-strength levels; only 0% of points come from references that vary ionic strength internally - most 'I coverage' is pooled across studies with fixed I, not real within-study variation",74,6.909800000000001,1,0.1,0.16666666666666666,1,0,0.0,"fixed, as expected",1,0.0,2.5952,9.505,0.1,0.1,74,0,39,0,0,5,15.0,2.31,0.0,0,0.0084,0.0084,0
ferrihydrite-Cl(-1)+K(+1)-Se(+6),FAIL,"only 1 distinct ionic-strength levels; only 0% of points come from references that vary ionic strength internally - most 'I coverage' is pooled across studies with fixed I, not real within-study variation",74,5.388,1,0.1,0.16666666666666666,2,0,0.0,"fixed, as expected",2,,4.2263,9.6143,0.1,0.1,74,0,0,0,5,7,10.0,2.31,0.0,1,0.0033,0.0033,0
montmorillonite-Cl(+7)+Na(+1)-Humic acid,FAIL,"only 1 distinct ionic-strength levels; only 0% of points come from references that vary ionic strength internally - most 'I coverage' is pooled across studies with fixed I, not real within-study variation",71,7.1888000000000005,1,1.25,0.16666666666666666,1,0,0.0,"fixed, as expected",1,,2.0398,9.2286,1.25,1.25,71,0,0,0,0,4,18.0,2.31,0.0,0,0.0055,0.0055,0
ferrihydrite-Cl(+7)+Na(+1)-Ra(+2),FAIL,"only 1 distinct ionic-strength levels; only 0% of points come from references that vary ionic strength internally - most 'I coverage' is pooled across studies with fixed I, not real within-study variation",69,6.037030000000001,1,2.5,0.16666666666666666,3,0,0.0,"fixed, as expected",3,,3.97337,10.0104,2.5,2.5,69,0,0,0,0,9,8.0,2.31,0.0,0,0.0,0.0,0
goethite-K(+1)+N(+5)-Phthalic acid,FAIL,"only 1 distinct ionic-strength levels; only 0% of points come from references that vary ionic strength internally - most 'I coverage' is pooled across studies with fixed I, not real within-study variation",69,6.9916599999999995,1,0.065,0.16666666666666666,1,0,0.0,"fixed, as expected",1,0.0,2.9817,9.97336,0.065,0.065,69,0,0,0,0,3,17.0,2.31,0.0,1,0.0057,0.0057,0
illite-Cl(-1)+Na(+1)-Co(+2),FAIL,"only 1 distinct ionic-strength levels; only 0% of points come from references that vary ionic strength internally - most 'I coverage' is pooled across studies with fixed I, not real within-study variation",69,8.506599999999999,1,0.1,0.16666666666666666,1,0,0.0,"fixed, as expected",1,,2.7534,11.26,0.1,0.1,69,0,0,0,0,3,22.0,2.31,0.0,0,0.0006,0.0006,0
quartz-Cl(+7)+Humic acid+Na(+1)-Humic acid,FAIL,"only 1 distinct ionic-strength levels; only 0% of points come from references that vary ionic strength internally - most 'I coverage' is pooled across studies with fixed I, not real within-study variation",68,7.272,1,1.25,0.16666666666666666,1,0,0.0,"fixed, as expected",1,,2.0082,9.2802,1.25,1.25,68,0,0,0,13,5,14.0,2.31,0.0,1,0.0074,0.0074,0
goethite-N(+5)+Na(+1)-Pu(+5),FAIL,"only 1 distinct ionic-strength levels; only 0% of points come from references that vary ionic strength internally - most 'I coverage' is pooled across studies with fixed I, not real within-study variation",66,6.8438,1,1.3,0.16666666666666666,1,0,0.0,"fixed, as expected",1,,2.8671,9.7109,1.3,1.3,66,0,0,0,0,9,7.0,2.31,0.0,1,0.0013,0.0013,0
kaolinite-Cl(+7)+K(+1)-Citric acid,FAIL,"only 1 distinct ionic-strength levels; only 0% of points come from references that vary ionic strength internally - most 'I coverage' is pooled across studies with fixed I, not real within-study variation",66,6.013159999999999,1,0.25,0.16666666666666666,2,0,0.0,"fixed, as expected",2,0.0,3.5,9.51316,0.25,0.25,66,0,0,0,0,4,16.5,2.31,0.0,1,0.0037,0.0037,0
montmorillonite-Ca(+2)+Cl(+7)-Cm(+3),FAIL,"only 1 distinct ionic-strength levels; only 0% of points come from references that vary ionic strength internally - most 'I coverage' is pooled across studies with fixed I, not real within-study variation",65,8.814,1,3.366,0.16666666666666666,1,0,0.0,"fixed, as expected",1,,3.0,11.814,3.366,3.366,65,0,0,0,0,1,65.0,2.31,0.0,0,0.0105,0.0105,0
kaolinite-Cl(+7)+Na(+1)-Ra(+2),FAIL,"only 1 distinct ionic-strength levels; only 0% of points come from references that vary ionic strength internally - most 'I coverage' is pooled across studies with fixed I, not real within-study variation",64,9.999460000000001,1,2.5,0.16666666666666666,1,0,0.0,"fixed, as expected",1,,1.52844,11.5279,2.5,2.5,64,0,0,0,0,3,10.0,2.31,0.0,1,0.0066,0.0066,0
goethite-Cl(+7)+Na(+1)-Ra(+2),FAIL,"only 1 distinct ionic-strength levels; only 0% of points come from references that vary ionic strength internally - most 'I coverage' is pooled across studies with fixed I, not real within-study variation",58,5.01,1,2.5,0.16666666666666666,2,0,0.0,"fixed, as expected",2,,4.99,10.0,2.5,2.5,58,0,0,0,0,8,7.0,2.3100000000000005,1.9392545102758716e-16,1,0.0005,0.0005,0
goethite-N(+5)+Na(+1)-Pu(+4),FAIL,"only 1 distinct ionic-strength levels; only 0% of points come from references that vary ionic strength internally - most 'I coverage' is pooled across studies with fixed I, not real within-study variation",58,7.3717,1,1.3,0.16666666666666666,1,0,0.0,"fixed, as expected",1,,2.2397,9.6114,1.3,1.3,58,0,0,0,0,5,9.0,2.3100000000000005,1.9392545102758716e-16,1,0.0036,0.0036,0
kaolinite-K(+1)+N(+5)-Phthalic acid,FAIL,"only 1 distinct ionic-strength levels; only 0% of points come from references that vary ionic strength internally - most 'I coverage' is pooled across studies with fixed I, not real within-study variation",58,6.554119999999999,1,0.065,0.16666666666666666,1,0,0.0,"fixed, as expected",1,0.0,3.00666,9.56078,0.065,0.065,58,0,0,0,0,3,12.0,2.3100000000000005,1.9392545102758716e-16,0,0.0049,0.0049,0
manganese dioxide-Cl(+7)+Na(+1)-Pu(+4),FAIL,"only 1 distinct ionic-strength levels; only 0% of points come from references that vary ionic strength internally - most 'I coverage' is pooled across studies with fixed I, not real within-study variation",58,5.86407,1,2.5,0.16666666666666666,2,0,0.0,"fixed, as expected",2,,1.13763,7.0017,2.5,2.5,67,9,0,0,0,7,10.0,2.31,0.0,1,0.0031,0.0031,0
magnetite-N(+5)+Na(+1)-Np(+5),FAIL,"only 1 distinct ionic-strength levels; only 0% of points come from references that vary ionic strength internally - most 'I coverage' is pooled across studies with fixed I, not real within-study variation",57,6.9434000000000005,1,1.3,0.16666666666666666,2,0,0.0,"fixed, as expected",2,,3.737,10.6804,1.3,1.3,57,0,0,0,0,3,19.0,2.3100000000000005,1.9395530178602269e-16,1,0.0048,0.0048,0
boehmite-Cl(+7)+Humic acid+Na(+1)-Eu(+3),FAIL,"only 1 distinct ionic-strength levels; only 0% of points come from references that vary ionic strength internally - most 'I coverage' is pooled across studies with fixed I, not real within-study variation",56,9.4663,1,1.25,0.16666666666666666,1,0,0.0,"fixed, as expected",1,,1.9736,11.4399,1.25,1.25,56,0,0,0,2,3,20.0,2.31,0.0,1,0.0104,0.0104,0
montmorillonite-Cl(-1)+Na(+1)-Pu(+5),FAIL,"only 1 distinct ionic-strength levels; only 0% of points come from references that vary ionic strength internally - most 'I coverage' is pooled across studies with fixed I, not real within-study variation",56,8.3983,1,0.7,0.16666666666666666,1,0,0.0,"fixed, as expected",1,,1.1527,9.551,0.7,0.7,56,0,0,0,0,7,9.0,2.31,0.0,0,0.0036,0.0036,0
montmorillonite-Cl(+7)+Na(+1)-Sn(+4),FAIL,"only 1 distinct ionic-strength levels; only 0% of points come from references that vary ionic strength internally - most 'I coverage' is pooled across studies with fixed I, not real within-study variation",55,7.416359999999999,1,2.5,0.16666666666666666,1,0,0.0,"fixed, as expected",1,,2.81184,10.2282,2.5,2.5,55,0,0,0,0,2,27.5,2.3100000000000005,1.9401830497163308e-16,0,0.0,0.0,0
birnessite-Ca(+2)+S(+6)-Zn(+2),FAIL,"only 1 distinct ionic-strength levels; only 0% of points come from references that vary ionic strength internally - most 'I coverage' is pooled across studies with fixed I, not real within-study variation",51,5.9344,1,0.005,0.16666666666666666,1,0,0.0,"fixed, as expected",1,,2.9566,8.891,0.005,0.005,51,0,0,0,4,3,17.0,2.3100000000000005,1.9415935792008744e-16,1,0.0081,0.0081,0
hematite-Cl(-1)+Na(+1)-U(+6),FAIL,"only 1 distinct ionic-strength levels; only 0% of points come from references that vary ionic strength internally - most 'I coverage' is pooled across studies with fixed I, not real within-study variation",51,5.7318999999999996,1,0.01,0.16666666666666666,1,0,0.0,"fixed, as expected",1,50.0,4.0664,9.7983,0.01,0.01,51,0,0,0,0,4,13.0,2.3100000000000005,1.9415935792008744e-16,1,0.0069,0.0069,0
anatase/rutile-N(+5)+Na(+1)-U(+6),FAIL,"only 1 distinct ionic-strength levels; only 0% of points come from references that vary ionic strength internally - most 'I coverage' is pooled across studies with fixed I, not real within-study variation",50,4.828100000000001,1,1.3,0.16666666666666666,1,0,0.0,"fixed, as expected",1,,2.0452,6.8733,1.3,1.3,50,0,0,0,0,6,8.0,2.3100000000000005,1.9419820144511748e-16,1,0.0014,0.0014,0
kaolinite-Cl(+7)+Na(+1)-Pu(+4),FAIL,"only 1 distinct ionic-strength levels; only 0% of points come from references that vary ionic strength internally - most 'I coverage' is pooled across studies with fixed I, not real within-study variation",50,10.653969,1,2.5,0.16666666666666666,1,0,0.0,"fixed, as expected",1,,0.200331,10.8543,2.5,2.5,50,0,0,0,0,3,19.0,2.3100000000000005,1.9419820144511748e-16,1,0.0068,0.0068,0
birnessite-Ca(+2)+S(+6)-Pb(+2),FAIL,"only 49 points (< 50); only 1 distinct ionic-strength levels; only 0% of points come from references that vary ionic strength internally - most 'I coverage' is pooled across studies with fixed I, not real within-study variation",49,5.751999999999999,1,0.005,0.16666666666666666,1,0,0.0,"fixed, as expected",1,,3.025,8.777,0.005,0.005,49,0,0,0,0,3,16.0,2.31,0.0,1,0.0055,0.0055,0
gibbsite-N(+5)+Na(+1)-Cd(+2),FAIL,"only 49 points (< 50); pH span only 3.36; only 1 distinct ionic-strength levels; only 0% of points come from references that vary ionic strength internally - most 'I coverage' is pooled across studies with fixed I, not real within-study variation",49,3.3641000000000005,1,1.3,0.16666666666666666,1,0,0.0,"fixed, as expected",1,,6.0754,9.4395,1.3,1.3,49,0,0,0,0,1,49.0,2.31,0.0,1,0.0076,0.0076,0
illite-Cl(+7)+Na(+1)-Pa(+5),FAIL,"only 49 points (< 50); only 1 distinct ionic-strength levels; only 0% of points come from references that vary ionic strength internally - most 'I coverage' is pooled across studies with fixed I, not real within-study variation",49,8.43,1,2.5,0.16666666666666666,1,0,0.0,"fixed, as expected",1,,2.36,10.79,2.5,2.5,49,0,0,0,0,4,12.0,2.31,0.0,0,0.0,0.0,0
pseudoboehmite-Cl(+7)+Na(+1)-Citric acid,FAIL,"only 49 points (< 50); only 1 distinct ionic-strength levels; only 0% of points come from references that vary ionic strength internally - most 'I coverage' is pooled across studies with fixed I, not real within-study variation",49,8.139520000000001,1,0.5,0.16666666666666666,1,0,0.0,"fixed, as expected",1,0.0,2.54078,10.6803,0.5,0.5,49,0,0,0,0,4,12.5,2.31,0.0,0,0.0096,0.0096,0
goethite-Cl(+7)+Humic acid+Na(+1)-Eu(+3),FAIL,"only 46 points (< 50); only 1 distinct ionic-strength levels; only 0% of points come from references that vary ionic strength internally - most 'I coverage' is pooled across studies with fixed I, not real within-study variation",46,9.8013,1,1.25,0.16666666666666666,1,0,0.0,"fixed, as expected",1,,0.0586,9.8599,1.25,1.25,46,0,0,0,0,3,15.0,2.3100000000000005,1.9437074541646724e-16,1,0.0067,0.0067,0
bentonite-Cl(-1)+Na(+1)-Eu(+3),FAIL,"only 45 points (< 50); only 1 distinct ionic-strength levels; only 0% of points come from references that vary ionic strength internally - most 'I coverage' is pooled across studies with fixed I, not real within-study variation",45,6.9193999999999996,1,0.1,0.16666666666666666,1,0,0.0,"fixed, as expected",1,0.0,2.5752,9.4946,0.1,0.1,45,0,30,0,0,3,15.0,2.3100000000000005,1.9441875597553376e-16,0,0.0705,0.0705,0
birnessite-Ca(+2)+S(+6)-Cu(+2),FAIL,"only 45 points (< 50); only 1 distinct ionic-strength levels; only 0% of points come from references that vary ionic strength internally - most 'I coverage' is pooled across studies with fixed I, not real within-study variation",45,5.7727,1,0.005,0.16666666666666666,1,0,0.0,"fixed, as expected",1,,3.0925,8.8652,0.005,0.005,45,0,0,0,0,3,14.0,2.3100000000000005,1.9441875597553376e-16,1,0.0059,0.0059,0
birnessite-N(+5)+Na(+1)-Zn(+2),FAIL,"only 45 points (< 50); only 1 distinct ionic-strength levels; only 0% of points come from references that vary ionic strength internally - most 'I coverage' is pooled across studies with fixed I, not real within-study variation",45,6.9462,1,0.13,0.16666666666666666,1,0,0.0,"fixed, as expected",1,,1.9553,8.9015,0.13,0.13,45,0,0,0,0,2,22.5,2.3100000000000005,1.9441875597553376e-16,1,0.0068,0.0068,0
calcite-Cl(+7)+Na(+1)-Zn(+2),FAIL,"only 44 points (< 50); pH span only 2.13; only 1 distinct ionic-strength levels; only 0% of points come from references that vary ionic strength internally - most 'I coverage' is pooled across studies with fixed I, not real within-study variation",44,2.1315999999999997,1,2.5,0.16666666666666666,1,0,0.0,"fixed, as expected",1,,7.1239,9.2555,2.5,2.5,44,0,0,0,0,3,14.0,10.8,0.0,1,0.0,0.0,0
goethite-Ca(+2)+Cl(-1)+K(+1)+Mg(+2)+Na(+1)+S(+6)-Zn(+2),FAIL,"only 44 points (< 50); only 1 distinct ionic-strength levels; only 0% of points come from references that vary ionic strength internally - most 'I coverage' is pooled across studies with fixed I, not real within-study variation",44,4.766,1,1.114,0.16666666666666666,1,0,0.0,"fixed, as expected",1,,3.9098,8.6758,1.114,1.114,44,0,0,0,0,5,9.0,2.3100000000000005,1.944689868912345e-16,1,0.0066,0.0066,0
hematite-Cl(+7)+Humic acid+Na(+1)-U(+6),FAIL,"only 44 points (< 50); only 1 distinct ionic-strength levels; only 0% of points come from references that vary ionic strength internally - most 'I coverage' is pooled across studies with fixed I, not real within-study variation",44,6.324999999999999,1,2.5,0.16666666666666666,2,0,0.0,"fixed, as expected",2,,3.0318,9.3568,2.5,2.5,44,0,0,0,0,3,14.0,2.3100000000000005,1.944689868912345e-16,1,0.0056,0.0056,0
kaolinite-N(+5)+Na(+1)+S(+6)-U(+6),FAIL,"only 44 points (< 50); only 1 distinct ionic-strength levels; only 0% of points come from references that vary ionic strength internally - most 'I coverage' is pooled across studies with fixed I, not real within-study variation",44,7.5613,1,1.48,0.16666666666666666,1,0,0.0,"fixed, as expected",1,,2.4059,9.9672,1.48,1.48,44,0,0,0,3,2,22.0,2.3100000000000005,1.944689868912345e-16,0,0.0056,0.0056,0
birnessite-N(+5)+Na(+1)-Cu(+2),FAIL,"only 41 points (< 50); only 1 distinct ionic-strength levels; only 0% of points come from references that vary ionic strength internally - most 'I coverage' is pooled across studies with fixed I, not real within-study variation",41,6.884699999999999,1,0.13,0.16666666666666666,1,0,0.0,"fixed, as expected",1,,2.0013,8.886,0.13,0.13,41,0,0,0,0,2,20.5,2.31,0.0,1,0.0094,0.0094,0
goethite-Cl(+7)+Na(+1)-Humic acid,FAIL,"only 41 points (< 50); only 1 distinct ionic-strength levels; only 0% of points come from references that vary ionic strength internally - most 'I coverage' is pooled across studies with fixed I, not real within-study variation",41,7.8598,1,1.25,0.16666666666666666,1,0,0.0,"fixed, as expected",1,,2.0574,9.9172,1.25,1.25,41,0,0,0,0,3,14.0,2.31,0.0,1,0.0084,0.0084,0
boehmite-Cl(+7)+Na(+1)-Humic acid,FAIL,"only 39 points (< 50); only 1 distinct ionic-strength levels; only 0% of points come from references that vary ionic strength internally - most 'I coverage' is pooled across studies with fixed I, not real within-study variation",39,10.1037,1,1.25,0.16666666666666666,1,0,0.0,"fixed, as expected",1,,1.6761,11.7798,1.25,1.25,39,0,0,0,0,3,13.0,2.3100000000000005,1.9475954283825384e-16,1,0.0111,0.0111,0
goethite-K(+1)+N(+5)-U(+6),FAIL,"only 39 points (< 50); only 1 distinct ionic-strength levels; only 0% of points come from references that vary ionic strength internally - most 'I coverage' is pooled across studies with fixed I, not real within-study variation",39,6.405999999999999,1,1.3,0.16666666666666666,1,0,0.0,"fixed, as expected",1,,2.743,9.149,1.3,1.3,39,0,0,0,1,4,9.5,2.3100000000000005,1.9475954283825384e-16,1,0.0107,0.0107,0
hematite-N(+5)+Na(+1)-Np(+5),FAIL,"only 39 points (< 50); only 1 distinct ionic-strength levels; only 0% of points come from references that vary ionic strength internally - most 'I coverage' is pooled across studies with fixed I, not real within-study variation",39,7.3831,1,1.3,0.16666666666666666,1,0,0.0,"fixed, as expected",1,,3.4988,10.8819,1.3,1.3,39,0,0,0,0,2,19.5,2.3100000000000005,1.9475954283825384e-16,1,0.0141,0.0141,0
montmorillonite-Ca(+2)+Cl(+7)-Am(+3),FAIL,"only 39 points (< 50); only 1 distinct ionic-strength levels; only 0% of points come from references that vary ionic strength internally - most 'I coverage' is pooled across studies with fixed I, not real within-study variation",39,6.5781600000000005,1,3.366,0.16666666666666666,2,0,0.0,"fixed, as expected",2,,2.67666,9.25482,3.366,3.366,39,0,0,0,0,2,19.5,2.3100000000000005,1.9475954283825384e-16,0,0.0022,0.0022,0
goethite-Cl(+7)+Na(+1)-Pu(+5),FAIL,"only 38 points (< 50); only 1 distinct ionic-strength levels; only 0% of points come from references that vary ionic strength internally - most 'I coverage' is pooled across studies with fixed I, not real within-study variation",38,6.7956199999999995,1,2.5,0.16666666666666666,1,0,0.0,"fixed, as expected",1,,1.65511,8.45073,2.5,2.5,38,0,0,0,0,4,9.5,2.3100000000000005,1.9482701539972312e-16,1,0.0027,0.0027,0
calcite-Cl(-1)+Na(+1)-Eu(+3),FAIL,"only 37 points (< 50); pH span only 2.92; only 1 distinct ionic-strength levels; only 0% of points come from references that vary ionic strength internally - most 'I coverage' is pooled across studies with fixed I, not real within-study variation",37,2.924599999999999,1,0.1,0.16666666666666666,2,0,0.0,"fixed, as expected",2,,6.8669,9.7915,0.1,0.1,37,0,0,0,0,5,9.0,10.800000000000002,1.6674624727072242e-16,1,0.003,0.003,0
calcite-Cl(-1)+Na(+1)-Sm(+3),FAIL,"only 37 points (< 50); pH span only 2.84; only 1 distinct ionic-strength levels; only 0% of points come from references that vary ionic strength internally - most 'I coverage' is pooled across studies with fixed I, not real within-study variation",37,2.8358,1,0.1,0.16666666666666666,2,0,0.0,"fixed, as expected",2,,6.9609,9.7967,0.1,0.1,37,0,0,0,0,5,9.0,10.800000000000002,1.6674624727072242e-16,1,0.0037,0.0037,0
ferrihydrite-K(+1)+N(+5)-Ni(+2),FAIL,"only 37 points (< 50); only 1 distinct ionic-strength levels; only 0% of points come from references that vary ionic strength internally - most 'I coverage' is pooled across studies with fixed I, not real within-study variation",37,7.127500000000001,1,0.013,0.16666666666666666,1,0,0.0,"fixed, as expected",1,,3.9705,11.098,0.013,0.013,37,0,0,0,1,1,37.0,2.3100000000000005,1.9489821109564958e-16,1,0.0118,0.0118,0
goethite-N(+5)+Na(+1)-Np(+5),FAIL,"only 37 points (< 50); only 1 distinct ionic-strength levels; only 0% of points come from references that vary ionic strength internally - most 'I coverage' is pooled across studies with fixed I, not real within-study variation",37,6.4709,1,1.3,0.16666666666666666,2,0,0.0,"fixed, as expected",2,,4.1464,10.6173,1.3,1.3,37,0,0,0,1,2,18.5,2.3100000000000005,1.9489821109564958e-16,1,0.0051,0.0051,0
manganite-Cl(+7)+Na(+1)-Pu(+6),FAIL,"only 37 points (< 50); only 1 distinct ionic-strength levels; only 0% of points come from references that vary ionic strength internally - most 'I coverage' is pooled across studies with fixed I, not real within-study variation",37,7.432449999999999,1,2.5,0.16666666666666666,1,0,0.0,"fixed, as expected",1,,2.99465,10.4271,2.5,2.5,37,0,0,0,0,4,9.5,2.3100000000000005,1.9489821109564958e-16,1,0.0019,0.0019,0
goethite-N(+5)+Na(+1)-Cd(+2),FAIL,"only 36 points (< 50); only 1 distinct ionic-strength levels; only 0% of points come from references that vary ionic strength internally - most 'I coverage' is pooled across studies with fixed I, not real within-study variation",36,4.106699999999999,1,1.3,0.16666666666666666,1,0,0.0,"fixed, as expected",1,,5.5354,9.6421,1.3,1.3,36,0,0,0,0,4,7.5,2.3100000000000005,1.9497344684873008e-16,1,0.0058,0.0058,0
hematite-Cl(+7)+Na(+1)-Th(+4),FAIL,"only 36 points (< 50); only 1 distinct ionic-strength levels; only 0% of points come from references that vary ionic strength internally - most 'I coverage' is pooled across studies with fixed I, not real within-study variation",36,7.432800000000001,1,2.5,0.16666666666666666,2,0,0.0,"fixed, as expected",2,,0.983,8.4158,2.5,2.5,36,0,0,0,1,2,18.0,2.3100000000000005,1.9497344684873008e-16,1,0.0089,0.0089,0
illite-Cl(+7)+Na(+1)-Cm(+3),FAIL,"only 36 points (< 50); only 1 distinct ionic-strength levels; only 0% of points come from references that vary ionic strength internally - most 'I coverage' is pooled across studies with fixed I, not real within-study variation",36,8.71517,1,2.5,0.16666666666666666,1,0,0.0,"fixed, as expected",1,,3.00653,11.7217,2.5,2.5,36,0,0,0,0,1,36.0,2.3100000000000005,1.9497344684873008e-16,1,0.0138,0.0138,0
kaolinite-N(+5)+Na(+1)+P(+5)-U(+6),FAIL,"only 36 points (< 50); only 1 distinct ionic-strength levels; only 0% of points come from references that vary ionic strength internally - most 'I coverage' is pooled across studies with fixed I, not real within-study variation",36,7.501900000000001,1,1.301,0.16666666666666666,1,0,0.0,"fixed, as expected",1,,2.5238,10.0257,1.301,1.301,36,0,0,0,2,2,18.0,2.3100000000000005,1.9497344684873008e-16,0,0.0114,0.0114,0
goethite-Cl(+7)+K(+1)-Citric acid,FAIL,"only 35 points (< 50); only 1 distinct ionic-strength levels; only 0% of points come from references that vary ionic strength internally - most 'I coverage' is pooled across studies with fixed I, not real within-study variation",35,5.13514,1,0.25,0.16666666666666666,1,0,0.0,"fixed, as expected",1,0.0,4.10135,9.23649,0.25,0.25,35,0,0,0,0,2,17.5,2.31,0.0,1,0.011,0.011,0
hematite-Cl(+7)+Na(+1)-Pu(+4),FAIL,"only 35 points (< 50); only 1 distinct ionic-strength levels; only 0% of points come from references that vary ionic strength internally - most 'I coverage' is pooled across studies with fixed I, not real within-study variation",35,5.6619600000000005,1,2.5,0.16666666666666666,2,0,0.0,"fixed, as expected",2,,1.36628,7.02824,2.5,2.5,35,0,0,0,0,3,7.0,2.31,0.0,1,0.0091,0.0091,0
illite-Cl(+7)+Na(+1)-Th(+4),FAIL,"only 35 points (< 50); only 1 distinct ionic-strength levels; only 0% of points come from references that vary ionic strength internally - most 'I coverage' is pooled across studies with fixed I, not real within-study variation",35,8.27,1,2.5,0.16666666666666666,1,0,0.0,"fixed, as expected",1,,2.63,10.9,2.5,2.5,35,0,0,0,0,1,35.0,2.31,0.0,0,0.0012,0.0012,0
kaolinite-Citrate(-3)+N(+5)+Na(+1)-U(+6),FAIL,"only 35 points (< 50); only 1 distinct ionic-strength levels; only 0% of points come from references that vary ionic strength internally - most 'I coverage' is pooled across studies with fixed I, not real within-study variation",35,7.490699999999999,1,1.345,0.16666666666666666,1,0,0.0,"fixed, as expected",1,,2.4296,9.9203,1.345,1.345,35,0,0,0,16,2,17.5,2.31,0.0,0,0.0042,0.0042,0
montmorillonite-K(+1)+N(+5)-Aminotriazole,FAIL,"only 35 points (< 50); only 1 distinct ionic-strength levels; only 0% of points come from references that vary ionic strength internally - most 'I coverage' is pooled across studies with fixed I, not real within-study variation",35,5.31579,1,0.13,0.16666666666666666,1,0,0.0,"fixed, as expected",1,0.0,4.14035,9.45614,0.13,0.13,35,0,0,0,0,3,13.0,2.31,0.0,0,0.0116,0.0116,0
goethite-N(+5)+Na(+1)-Pb(+2),FAIL,"only 34 points (< 50); pH span only 2.71; only 1 distinct ionic-strength levels; only 0% of points come from references that vary ionic strength internally - most 'I coverage' is pooled across studies with fixed I, not real within-study variation",34,2.705,1,1.3,0.16666666666666666,1,0,0.0,"fixed, as expected",1,,3.6692,6.3742,1.3,1.3,34,0,0,0,0,4,8.0,2.31,0.0,1,0.0128,0.0128,0
kaolinite-N(+5)+Na(+1)+U(+6)-P(+5),FAIL,"only 34 points (< 50); only 1 distinct ionic-strength levels; only 0% of points come from references that vary ionic strength internally - most 'I coverage' is pooled across studies with fixed I, not real within-study variation",34,7.488000000000001,1,1.3,0.16666666666666666,1,0,0.0,"fixed, as expected",1,,2.5467,10.0347,1.3,1.3,34,0,0,0,1,2,17.0,2.31,0.0,0,0.0117,0.0117,0
goethite-N(+5)+Na(+1)-Cu(+2),FAIL,"only 33 points (< 50); pH span only 3.50; only 1 distinct ionic-strength levels; only 0% of points come from references that vary ionic strength internally - most 'I coverage' is pooled across studies with fixed I, not real within-study variation",33,3.5048000000000004,1,1.3,0.16666666666666666,1,0,0.0,"fixed, as expected",1,,3.1795,6.6843,1.3,1.3,33,0,0,0,0,3,13.0,2.31,0.0,1,0.012,0.012,0
calcite-Cl(+7)+Na(+1)-Cd(+2),FAIL,"only 32 points (< 50); pH span only 2.22; only 1 distinct ionic-strength levels; only 0% of points come from references that vary ionic strength internally - most 'I coverage' is pooled across studies with fixed I, not real within-study variation",32,2.2248,1,2.5,0.16666666666666666,1,0,0.0,"fixed, as expected",1,,7.1602,9.385,2.5,2.5,32,0,0,0,0,2,16.0,10.8,0.0,1,0.0003,0.0003,0
calcite-Cl(+7)+Na(+1)-Ni(+2),FAIL,"only 32 points (< 50); pH span only 2.16; only 1 distinct ionic-strength levels; only 0% of points come from references that vary ionic strength internally - most 'I coverage' is pooled across studies with fixed I, not real within-study variation",32,2.158900000000001,1,2.5,0.16666666666666666,1,0,0.0,"fixed, as expected",1,,7.1404,9.2993,2.5,2.5,32,0,0,0,0,2,16.0,10.8,0.0,1,0.0029,0.0029,0
ferrihydrite-N(+5)+Na(+1)+S(+6)-U(+6),FAIL,"only 32 points (< 50); only 1 distinct ionic-strength levels; only 0% of points come from references that vary ionic strength internally - most 'I coverage' is pooled across studies with fixed I, not real within-study variation",32,7.014299999999999,1,1.48,0.16666666666666666,1,0,0.0,"fixed, as expected",1,,2.9342,9.9485,1.48,1.48,32,0,0,0,1,2,16.0,2.31,0.0,1,0.0125,0.0125,0
goethite-Ca(+2)+Cl(-1)+K(+1)+Mg(+2)+Na(+1)+S(+6)-Pb(+2),FAIL,"only 32 points (< 50); pH span only 2.71; only 1 distinct ionic-strength levels; only 0% of points come from references that vary ionic strength internally - most 'I coverage' is pooled across studies with fixed I, not real within-study variation",32,2.7099,1,1.114,0.16666666666666666,1,0,0.0,"fixed, as expected",1,,3.8433,6.5532,1.114,1.114,32,0,0,0,0,4,8.0,2.31,0.0,1,0.0166,0.0166,0
calcite-Cl(+7)+Na(+1)-Co(+2),FAIL,"only 31 points (< 50); pH span only 2.11; only 1 distinct ionic-strength levels; only 0% of points come from references that vary ionic strength internally - most 'I coverage' is pooled across studies with fixed I, not real within-study variation",31,2.1088000000000005,1,2.5,0.16666666666666666,1,0,0.0,"fixed, as expected",1,,7.1867,9.2955,2.5,2.5,31,0,0,0,0,2,15.5,10.800000000000004,3.3439261087367136e-16,1,0.0016,0.0016,0
ferrihydrite-N(+5)+Na(+1)-Cd(+2),FAIL,"only 31 points (< 50); pH span only 3.12; only 1 distinct ionic-strength levels; only 0% of points come from references that vary ionic strength internally - most 'I coverage' is pooled across studies with fixed I, not real within-study variation",31,3.1248999999999993,1,1.3,0.16666666666666666,1,0,0.0,"fixed, as expected",1,,5.5849,8.7098,1.3,1.3,31,0,0,0,0,1,31.0,2.3100000000000005,1.954242531079898e-16,1,0.0222,0.0222,0
hematite-Cl(+7)+Na(+1)-Pu(+6),FAIL,"only 31 points (< 50); only 1 distinct ionic-strength levels; only 0% of points come from references that vary ionic strength internally - most 'I coverage' is pooled across studies with fixed I, not real within-study variation",31,6.117946999999999,1,2.5,0.16666666666666666,2,0,0.0,"fixed, as expected",2,0.0,0.655313,6.77326,2.5,2.5,31,0,0,0,0,3,10.0,2.3100000000000005,1.954242531079898e-16,1,0.0114,0.0114,0
manganese dioxide-Cl(+7)+Na(+1)-Pu(+6),FAIL,"only 31 points (< 50); only 1 distinct ionic-strength levels; only 0% of points come from references that vary ionic strength internally - most 'I coverage' is pooled across studies with fixed I, not real within-study variation",31,7.777329999999999,1,2.5,0.16666666666666666,1,0,0.0,"fixed, as expected",1,,2.06362,9.84095,2.5,2.5,31,0,0,0,0,1,31.0,2.3100000000000005,1.954242531079898e-16,1,0.0123,0.0123,0
calcite-Cl(-1)+Na(+1)-Pu(+5),FAIL,"only 30 points (< 50); pH span only 2.26; only 1 distinct ionic-strength levels; only 0% of points come from references that vary ionic strength internally - most 'I coverage' is pooled across studies with fixed I, not real within-study variation",30,2.2642999999999995,1,0.1,0.16666666666666666,2,0,0.0,"fixed, as expected",2,,7.4891,9.7534,0.1,0.1,30,0,0,0,0,3,10.0,10.800000000000004,3.3457853950125627e-16,1,0.001,0.001,0
goethite-Ca(+2)+Cl(-1)+K(+1)+Mg(+2)+Na(+1)+S(+6)-Cu(+2),FAIL,"only 30 points (< 50); pH span only 3.48; only 1 distinct ionic-strength levels; only 0% of points come from references that vary ionic strength internally - most 'I coverage' is pooled across studies with fixed I, not real within-study variation",30,3.4785000000000004,1,1.114,0.16666666666666666,1,0,0.0,"fixed, as expected",1,,3.0176,6.4961,1.114,1.114,30,0,0,0,0,3,10.0,2.3100000000000005,1.955329126955394e-16,1,0.0142,0.0142,0
goethite-Cl(+7)+Na(+1)-Citric acid,FAIL,"only 30 points (< 50); only 1 distinct ionic-strength levels; only 0% of points come from references that vary ionic strength internally - most 'I coverage' is pooled across studies with fixed I, not real within-study variation",30,6.53173,1,2.5,0.16666666666666666,1,0,0.0,"fixed, as expected",1,0.0,2.76844,9.30017,2.5,2.5,30,0,0,0,0,3,10.0,2.3100000000000005,1.955329126955394e-16,1,0.0021,0.0021,0
hematite-N(+5)+Na(+1)-Citric acid,FAIL,"only 30 points (< 50); only 1 distinct ionic-strength levels; only 0% of points come from references that vary ionic strength internally - most 'I coverage' is pooled across studies with fixed I, not real within-study variation",30,6.493650000000001,1,0.13,0.16666666666666666,2,0,0.0,"fixed, as expected",2,0.0,3.00464,9.49829,0.13,0.13,30,0,0,0,0,3,10.0,2.3100000000000005,1.955329126955394e-16,1,0.006,0.006,0
illite-Cl(+7)+Na(+1)-Sn(+4),FAIL,"only 30 points (< 50); only 1 distinct ionic-strength levels; only 0% of points come from references that vary ionic strength internally - most 'I coverage' is pooled across studies with fixed I, not real within-study variation",30,9.3114,1,2.5,0.16666666666666666,1,0,0.0,"fixed, as expected",1,,3.0495,12.3609,2.5,2.5,30,0,0,0,0,3,10.0,2.3100000000000005,1.955329126955394e-16,0,0.0051,0.0051,0
calcite-Cl(+7)+Na(+1)-Mn(+2),FAIL,"only 29 points (< 50); pH span only 2.22; only 1 distinct ionic-strength levels; only 0% of points come from references that vary ionic strength internally - most 'I coverage' is pooled across studies with fixed I, not real within-study variation",29,2.2196,1,2.5,0.16666666666666666,1,0,0.0,"fixed, as expected",1,,6.9712,9.1908,2.5,2.5,29,0,0,0,0,2,14.5,10.800000000000004,3.3477763415707946e-16,1,0.0094,0.0094,0
calcite-Cl(-1)+Na(+1)-Pu(+4),FAIL,"only 29 points (< 50); pH span only 2.26; only 1 distinct ionic-strength levels; only 0% of points come from references that vary ionic strength internally - most 'I coverage' is pooled across studies with fixed I, not real within-study variation",29,2.2569,1,0.1,0.16666666666666666,2,0,0.0,"fixed, as expected",2,,7.4857,9.7426,0.1,0.1,29,0,0,0,0,3,10.0,10.800000000000004,3.3477763415707946e-16,1,0.0019,0.0019,0
ferrihydrite-K(+1)+N(+5)-Zn(+2),FAIL,"only 29 points (< 50); only 1 distinct ionic-strength levels; only 0% of points come from references that vary ionic strength internally - most 'I coverage' is pooled across studies with fixed I, not real within-study variation",29,7.306,1,0.013,0.16666666666666666,1,0,0.0,"fixed, as expected",1,,4.0124,11.3184,0.013,0.013,29,0,0,0,0,1,29.0,2.3100000000000005,1.9564926671517633e-16,1,0.012,0.012,0
anatase-N(+5)+Na(+1)-U(+6),FAIL,"only 28 points (< 50); only 1 distinct ionic-strength levels; only 0% of points come from references that vary ionic strength internally - most 'I coverage' is pooled across studies with fixed I, not real within-study variation",28,4.9648,1,1.3,0.16666666666666666,1,0,0.0,"fixed, as expected",1,,2.0252,6.99,1.3,1.3,28,0,0,0,0,3,8.0,2.31,0.0,1,0.0022,0.0022,0
bentonite-C(+4)+Ca(+2)+Cl(-1)+K(+1)+Mg(+2)+Na(+1)+S(+6)-Cs(+1),FAIL,"only 28 points (< 50); only 1 distinct ionic-strength levels; only 0% of points come from references that vary ionic strength internally - most 'I coverage' is pooled across studies with fixed I, not real within-study variation",28,6.299,1,0.089,0.16666666666666666,1,0,0.0,"fixed, as expected",1,,4.1039,10.4029,0.089,0.089,28,0,0,0,0,1,28.0,2.31,0.0,0,0.0141,0.0141,0
ferrihydrite-Humic acid+N(+5)+Na(+1)-U(+6),FAIL,"only 28 points (< 50); only 1 distinct ionic-strength levels; only 0% of points come from references that vary ionic strength internally - most 'I coverage' is pooled across studies with fixed I, not real within-study variation",28,6.7334,1,1.3,0.16666666666666666,1,0,0.0,"fixed, as expected",1,,3.1761,9.9095,1.3,1.3,28,0,0,0,2,1,28.0,2.31,0.0,1,0.0193,0.0193,0
goethite-Ca(+2)+Cl(-1)+K(+1)+Mg(+2)+Na(+1)+S(+6)-Cd(+2),FAIL,"only 28 points (< 50); pH span only 3.72; only 1 distinct ionic-strength levels; only 0% of points come from references that vary ionic strength internally - most 'I coverage' is pooled across studies with fixed I, not real within-study variation",28,3.7199,1,1.114,0.16666666666666666,1,0,0.0,"fixed, as expected",1,,5.7328,9.4527,1.114,1.114,28,0,0,0,0,3,8.0,2.31,0.0,1,0.011,0.011,0
goethite-Cl(+7)+Na(+1)-Np(+5),FAIL,"only 28 points (< 50); only 1 distinct ionic-strength levels; only 0% of points come from references that vary ionic strength internally - most 'I coverage' is pooled across studies with fixed I, not real within-study variation",28,5.498600000000001,1,2.5,0.16666666666666666,1,0,0.0,"fixed, as expected",1,,3.2344,8.733,2.5,2.5,28,0,0,0,1,3,10.0,2.31,0.0,1,0.0056,0.0056,0
hematite-Cl(+7)+Na(+1)-COM,FAIL,"only 28 points (< 50); only 1 distinct ionic-strength levels; only 0% of points come from references that vary ionic strength internally - most 'I coverage' is pooled across studies with fixed I, not real within-study variation",28,9.2415,1,2.5,0.16666666666666666,1,0,0.0,"fixed, as expected",1,,0.9558,10.1973,2.5,2.5,28,0,0,0,0,1,28.0,2.31,0.0,1,0.0216,0.0216,0
montmorillonite-K(+1)+N(+5)-Citric acid,FAIL,"only 27 points (< 50); only 1 distinct ionic-strength levels; only 0% of points come from references that vary ionic strength internally - most 'I coverage' is pooled across studies with fixed I, not real within-study variation",27,6.7386099999999995,1,0.13,0.16666666666666666,1,0,0.0,"fixed, as expected",1,0.0,2.35971,9.09832,0.13,0.13,27,0,0,0,0,2,13.5,2.31,0.0,0,0.0142,0.0142,0
silica-Cl(+7)+Na(+1)-Np(+5),FAIL,"only 27 points (< 50); only 1 distinct ionic-strength levels; only 0% of points come from references that vary ionic strength internally - most 'I coverage' is pooled across studies with fixed I, not real within-study variation",27,4.0441,1,2.5,0.16666666666666666,1,0,0.0,"fixed, as expected",1,,6.2234,10.2675,2.5,2.5,27,0,0,0,0,2,13.5,2.31,0.0,1,0.0068,0.0068,0
ferrihydrite-K(+1)+N(+5)-Cr(+3),FAIL,"only 26 points (< 50); only 1 distinct ionic-strength levels; only 0% of points come from references that vary ionic strength internally - most 'I coverage' is pooled across studies with fixed I, not real within-study variation",26,7.4127,1,0.013,0.16666666666666666,1,0,0.0,"fixed, as expected",1,,3.3288,10.7415,0.013,0.013,26,0,0,0,0,1,26.0,2.31,0.0,1,0.015,0.015,0
goethite-K(+1)+N(+5)+Pyromellitate(-4)-Cu(+2),FAIL,"only 25 points (< 50); only 1 distinct ionic-strength levels; only 0% of points come from references that vary ionic strength internally - most 'I coverage' is pooled across studies with fixed I, not real within-study variation",25,6.6945,1,0.134,0.16666666666666666,1,0,0.0,"fixed, as expected",1,,2.8523,9.5468,0.134,0.134,25,0,0,0,0,1,25.0,2.31,0.0,1,0.021,0.021,0
kaolinite-Cl(+7)+K(+1)-Ra(+2),FAIL,"only 25 points (< 50); only 1 distinct ionic-strength levels; only 0% of points come from references that vary ionic strength internally - most 'I coverage' is pooled across studies with fixed I, not real within-study variation",25,8.251999999999999,1,1.25,0.16666666666666666,1,0,0.0,"fixed, as expected",1,,2.396,10.648,1.25,1.25,25,0,0,0,0,1,25.0,2.31,0.0,1,0.0248,0.0248,0
magnetite-C(+4)+Ca(+2)+Cl(-1)+K(+1)+Mg(+2)+Na(+1)+S(+6)-Cs(+1),FAIL,"only 25 points (< 50); only 1 distinct ionic-strength levels; only 0% of points come from references that vary ionic strength internally - most 'I coverage' is pooled across studies with fixed I, not real within-study variation",25,6.337199999999999,1,0.089,0.16666666666666666,1,0,0.0,"fixed, as expected",1,,4.073,10.4102,0.089,0.089,25,0,0,0,0,1,25.0,2.31,0.0,1,0.0093,0.0093,0
alumina-Cl(+7)+Na(+1)-Pu,FAIL,"only 24 points (< 50); only 1 distinct ionic-strength levels; only 0% of points come from references that vary ionic strength internally - most 'I coverage' is pooled across studies with fixed I, not real within-study variation",24,10.87,1,0.25,0.16666666666666666,1,0,0.0,"fixed, as expected",1,,2.23,13.1,0.25,0.25,24,0,0,0,0,3,8.0,2.31,0.0,1,0.0101,0.0101,0
goethite-Cl(+7)+Na(+1)-Cr(+6),FAIL,"only 24 points (< 50); pH span only 3.69; only 1 distinct ionic-strength levels; only 0% of points come from references that vary ionic strength internally - most 'I coverage' is pooled across studies with fixed I, not real within-study variation",24,3.6872999999999996,1,2.5,0.16666666666666666,1,0,0.0,"fixed, as expected",1,,6.0637,9.751,2.5,2.5,24,0,0,0,0,3,8.0,2.31,0.0,1,0.0203,0.0203,0
goethite-Cl(-1)+Na(+1)-Oxalic acid,FAIL,"only 24 points (< 50); only 1 distinct ionic-strength levels; only 0% of points come from references that vary ionic strength internally - most 'I coverage' is pooled across studies with fixed I, not real within-study variation",24,6.53234,1,0.1,0.16666666666666666,2,0,0.0,"fixed, as expected",2,0.0,2.688,9.22034,0.1,0.1,24,0,0,0,0,3,8.0,2.31,0.0,1,0.016,0.016,0
hausmannite-Cl(+7)+Na(+1)-Pu(+6),FAIL,"only 24 points (< 50); only 1 distinct ionic-strength levels; only 0% of points come from references that vary ionic strength internally - most 'I coverage' is pooled across studies with fixed I, not real within-study variation",24,6.694819999999999,1,2.5,0.16666666666666666,1,0,0.0,"fixed, as expected",1,,3.12807,9.82289,2.5,2.5,24,0,0,0,0,3,8.0,2.31,0.0,1,0.0004,0.0004,0
hydroxyapatite-Cl(+7)+Na(+1)-Pu(+6),FAIL,"only 24 points (< 50); only 1 distinct ionic-strength levels; only 0% of points come from references that vary ionic strength internally - most 'I coverage' is pooled across studies with fixed I, not real within-study variation",24,5.00157,1,2.5,0.16666666666666666,1,0,0.0,"fixed, as expected",1,,6.00463,11.0062,2.5,2.5,24,0,0,0,0,1,24.0,2.31,0.0,0,0.0,0.0,0
montmorillonite-Cl(+7)+Na(+1)-Co(+2),FAIL,"only 24 points (< 50); only 1 distinct ionic-strength levels; only 0% of points come from references that vary ionic strength internally - most 'I coverage' is pooled across studies with fixed I, not real within-study variation",24,8.27,1,2.5,0.16666666666666666,1,0,0.0,"fixed, as expected",1,,2.65,10.92,2.5,2.5,24,0,0,0,0,1,24.0,2.31,0.0,0,0.0024,0.0024,0
Al(OH)3-N(+5)+Na(+1)-Ca(+2),FAIL,"only 23 points (< 50); pH span only 3.40; only 1 distinct ionic-strength levels; only 0% of points come from references that vary ionic strength internally - most 'I coverage' is pooled across studies with fixed I, not real within-study variation",23,3.3956999999999997,1,13,0.16666666666666666,1,0,0.0,"fixed, as expected",1,,6.6012,9.9969,13.0,13.0,23,0,0,0,1,1,23.0,2.310000000000001,3.9313418947998006e-16,1,0.025,0.025,0
bentonite-C(+4)+Ca(+2)+Cl(-1)+K(+1)+Mg(+2)+Na(+1)+S(+6)-Eu(+3),FAIL,"only 23 points (< 50); only 1 distinct ionic-strength levels; only 0% of points come from references that vary ionic strength internally - most 'I coverage' is pooled across studies with fixed I, not real within-study variation",23,7.955000000000001,1,0.199,0.16666666666666666,1,0,0.0,"fixed, as expected",1,,1.63,9.585,0.199,0.199,23,0,7,0,0,2,11.5,2.310000000000001,3.9313418947998006e-16,0,0.0361,0.0361,0
hematite-N(+5)+Na(+1)-Si(+4),FAIL,"only 23 points (< 50); only 1 distinct ionic-strength levels; only 0% of points come from references that vary ionic strength internally - most 'I coverage' is pooled across studies with fixed I, not real within-study variation",23,7.6685,1,1.3,0.16666666666666666,1,0,0.0,"fixed, as expected",1,,3.9961,11.6646,1.3,1.3,23,0,0,0,0,3,4.0,2.310000000000001,3.9313418947998006e-16,1,0.0114,0.0114,0
hydroxyapatite-N(+5)+Na(+1)-Se(+4),FAIL,"only 23 points (< 50); only 1 distinct ionic-strength levels; only 0% of points come from references that vary ionic strength internally - most 'I coverage' is pooled across studies with fixed I, not real within-study variation",23,5.5993,1,0.13,0.16666666666666666,1,0,0.0,"fixed, as expected",1,,5.1116,10.7109,0.13,0.13,23,0,0,0,0,2,11.5,2.310000000000001,3.9313418947998006e-16,0,0.0031,0.0031,0
bentonite-C(+4)+Ca(+2)+Cl(-1)+K(+1)+Mg(+2)+Na(+1)+S(+6)-Sr(+2),FAIL,"only 22 points (< 50); only 1 distinct ionic-strength levels; only 0% of points come from references that vary ionic strength internally - most 'I coverage' is pooled across studies with fixed I, not real within-study variation",22,4.674600000000001,1,0.089,0.16666666666666666,1,0,0.0,"fixed, as expected",1,,4.0897,8.7643,0.089,0.089,22,0,0,0,0,1,22.0,2.3100000000000005,1.967704751303887e-16,0,0.0142,0.0142,0
bentonite-Cl(+7)+Na(+1)-Humic acid,FAIL,"only 22 points (< 50); only 1 distinct ionic-strength levels; only 0% of points come from references that vary ionic strength internally - most 'I coverage' is pooled across studies with fixed I, not real within-study variation",22,7.6258,1,1.25,0.16666666666666666,1,0,0.0,"fixed, as expected",1,,2.4864,10.1122,1.25,1.25,22,0,0,0,0,1,22.0,2.3100000000000005,1.967704751303887e-16,0,0.0308,0.0308,0
magnetite-C(+4)+Ca(+2)+Cl(-1)+K(+1)+Mg(+2)+Na(+1)+S(+6)-Sr(+2),FAIL,"only 22 points (< 50); only 1 distinct ionic-strength levels; only 0% of points come from references that vary ionic strength internally - most 'I coverage' is pooled across studies with fixed I, not real within-study variation",22,5.0100999999999996,1,0.089,0.16666666666666666,1,0,0.0,"fixed, as expected",1,,3.9838,8.9939,0.089,0.089,22,0,0,0,0,1,22.0,2.3100000000000005,1.967704751303887e-16,1,0.0118,0.0118,0
biotite-N(+5)+Na(+1)-Np(+5),FAIL,"only 21 points (< 50); only 1 distinct ionic-strength levels; only 0% of points come from references that vary ionic strength internally - most 'I coverage' is pooled across studies with fixed I, not real within-study variation",21,6.3964,1,1.3,0.16666666666666666,1,0,0.0,"fixed, as expected",1,,4.7407,11.1371,1.3,1.3,21,0,0,0,0,1,21.0,2.3100000000000005,1.9699395104015114e-16,0,0.0281,0.0281,0
birnessite-N(+5)+Na(+1)-Pb(+2),FAIL,"only 21 points (< 50); only 1 distinct ionic-strength levels; only 0% of points come from references that vary ionic strength internally - most 'I coverage' is pooled across studies with fixed I, not real within-study variation",21,6.7899,1,0.13,0.16666666666666666,1,0,0.0,"fixed, as expected",1,,2.018,8.8079,0.13,0.13,21,0,0,0,0,1,21.0,2.3100000000000005,1.9699395104015114e-16,1,0.0289,0.0289,0
goethite-K(+1)+N(+5)-Citric acid,FAIL,"only 21 points (< 50); only 1 distinct ionic-strength levels; only 0% of points come from references that vary ionic strength internally - most 'I coverage' is pooled across studies with fixed I, not real within-study variation",21,9.37796,1,0.13,0.16666666666666666,1,0,0.0,"fixed, as expected",1,,0.0691,9.44706,0.13,0.13,21,0,0,0,0,2,10.5,2.3100000000000005,1.9699395104015114e-16,1,0.0201,0.0201,0
montmorillonite-N(+5)+Na(+1)-Pu(+5),FAIL,"only 21 points (< 50); only 1 distinct ionic-strength levels; only 0% of points come from references that vary ionic strength internally - most 'I coverage' is pooled across studies with fixed I, not real within-study variation",21,5.9246,1,1.3,0.16666666666666666,1,0,0.0,"fixed, as expected",1,,3.2887,9.2133,1.3,1.3,21,0,0,0,0,2,10.5,2.3100000000000005,1.9699395104015114e-16,0,0.0128,0.0128,0
alumina-Cl(+7)+K(+1)-Oxalic acid,FAIL,"only 20 points (< 50); only 1 distinct ionic-strength levels; only 0% of points come from references that vary ionic strength internally - most 'I coverage' is pooled across studies with fixed I, not real within-study variation",20,5.346659999999999,1,2.5,0.16666666666666666,1,0,0.0,"fixed, as expected",1,0.0,4.02667,9.37333,2.5,2.5,20,0,0,0,0,1,20.0,2.3100000000000005,1.9724065614751743e-16,0,0.0274,0.0274,0
gibbsite-Cl(-1)+Na(+1)-Se(+4),FAIL,"only 20 points (< 50); only 1 distinct ionic-strength levels; only 0% of points come from references that vary ionic strength internally - most 'I coverage' is pooled across studies with fixed I, not real within-study variation",20,5.7903,1,0.1,0.16666666666666666,1,0,0.0,"fixed, as expected",1,0.0,3.8374,9.6277,0.1,0.1,20,0,0,0,0,1,20.0,2.3100000000000005,1.9724065614751743e-16,1,0.0344,0.0344,0
zirconia-Cl(+7)+Na(+1)-U(+6),FAIL,"only 20 points (< 50); pH span only 3.69; only 1 distinct ionic-strength levels; only 0% of points come from references that vary ionic strength internally - most 'I coverage' is pooled across studies with fixed I, not real within-study variation",20,3.6947900000000002,1,12.5,0.16666666666666666,1,0,0.0,"fixed, as expected",1,,1.34969,5.04448,12.5,12.5,20,0,0,0,0,1,20.0,2.3100000000000005,1.9724065614751743e-16,1,0.0399,0.0399,0
bentonite--Cs(+1),FAIL,"only 0 points (< 50); only 1 distinct ionic-strength levels; only 0% of points come from references that vary ionic strength internally - most 'I coverage' is pooled across studies with fixed I, not real within-study variation",0,5.3706000000000005,1,0,0.16666666666666666,1,0,0.0,"fixed, as expected",1,,4.1819,9.5525,0.0,0.0,167,167,59,0,0,6,27.5,2.31,0.0,0,0.0006,0.0006,0
bentonite--Ni(+2),FAIL,"only 0 points (< 50); only 1 distinct ionic-strength levels; only 0% of points come from references that vary ionic strength internally - most 'I coverage' is pooled across studies with fixed I, not real within-study variation",0,7.018599999999999,1,0,0.16666666666666666,1,0,0.0,"fixed, as expected",1,,2.9868,10.0054,0.0,0.0,306,306,21,0,0,19,13.0,2.31,0.0,0,0.0,0.0,0
bentonite-Ca(+2)+Cl(-1)+K(+1)+Mg(+2)+Na(+1)+S(+6)-H(+1),FAIL,"only 0 points (< 50); only 1 distinct ionic-strength levels; only 0% of points come from references that vary ionic strength internally - most 'I coverage' is pooled across studies with fixed I, not real within-study variation",0,5.5943,1,0.054,0.16666666666666666,1,0,0.0,"fixed, as expected",1,,4.1568,9.7511,0.054,0.054,21,21,0,0,0,1,21.0,2.3100000000000005,1.9699395104015114e-16,0,0.0248,0.0248,0
birnessite-Cl(+7)+Na(+1)-H(+1),FAIL,"only 0 points (< 50); only 1 distinct ionic-strength levels; only 0% of points come from references that vary ionic strength internally - most 'I coverage' is pooled across studies with fixed I, not real within-study variation",0,4.8316,1,1.25,0.16666666666666666,1,0,0.0,"fixed, as expected",1,,2.8862,7.7178,1.25,1.25,33,33,0,0,0,2,16.5,2.31,0.0,1,0.0027,0.0027,0
birnessite-K(+1)+N(+5)-H(+1),FAIL,"only 0 points (< 50); only 1 distinct ionic-strength levels; only 0% of points come from references that vary ionic strength internally - most 'I coverage' is pooled across studies with fixed I, not real within-study variation",0,7.2903,1,1.3,0.16666666666666666,1,0,0.0,"fixed, as expected",1,,3.1852,10.4755,1.3,1.3,61,61,0,0,0,1,61.0,2.3100000000000005,1.9384184444856547e-16,1,0.0166,0.0166,0
goethite-Cl(+7)+K(+1)-H(+1),FAIL,"only 0 points (< 50); only 1 distinct ionic-strength levels; only 0% of points come from references that vary ionic strength internally - most 'I coverage' is pooled across studies with fixed I, not real within-study variation",0,4.4291,1,0.25,0.16666666666666666,1,0,0.0,"fixed, as expected",1,,4.0474,8.4765,0.25,0.25,23,23,0,0,0,1,23.0,2.310000000000001,3.9313418947998006e-16,1,0.0452,0.0452,0
kaolinite-Cl(+7)+Na(+1)-Oxalic acid,FAIL,"only 0 points (< 50); only 1 distinct ionic-strength levels; only 0% of points come from references that vary ionic strength internally - most 'I coverage' is pooled across studies with fixed I, not real within-study variation",0,9.942710000000002,1,0.25,0.16666666666666666,1,0,0.0,"fixed, as expected",1,35.0,2.01499,11.9577,0.25,0.25,43,43,0,0,0,2,21.5,2.3100000000000005,1.9452159584306695e-16,1,0.0062,0.0062,0
magnetite-Ca(+2)+Cl(-1)+K(+1)+Mg(+2)+Na(+1)+S(+6)-H(+1),FAIL,"only 0 points (< 50); only 1 distinct ionic-strength levels; only 0% of points come from references that vary ionic strength internally - most 'I coverage' is pooled across studies with fixed I, not real within-study variation",0,5.7911,1,0.054,0.16666666666666666,1,0,0.0,"fixed, as expected",1,,4.0839,9.875,0.054,0.054,30,30,0,0,0,1,30.0,2.3100000000000005,1.955329126955394e-16,1,0.0267,0.0267,0
magnetite-Cl(-1)+Na(+1)-H(+1),FAIL,"only 0 points (< 50); only 1 distinct ionic-strength levels; only 0% of points come from references that vary ionic strength internally - most 'I coverage' is pooled across studies with fixed I, not real within-study variation",0,9.676599999999999,1,0.01,0.16666666666666666,1,0,0.0,"fixed, as expected",1,,2.3069,11.9835,0.01,0.01,73,73,0,0,0,2,36.5,2.31,0.0,1,0.0061,0.0061,0
magnetite-N(+5)+Na(+1)-H(+1),FAIL,"only 0 points (< 50); only 1 distinct ionic-strength levels; only 0% of points come from references that vary ionic strength internally - most 'I coverage' is pooled across studies with fixed I, not real within-study variation",0,7.5657,1,1.3,0.16666666666666666,4,0,0.0,"fixed, as expected",4,,3.1313,10.697,1.3,1.3,130,130,0,0,0,5,22.0,2.31,0.0,1,0.0032,0.0032,0
montmorillonite-Cl(-1)+Na(+1)-Se(+4),FAIL,"only 0 points (< 50); only 1 distinct ionic-strength levels; only 0% of points come from references that vary ionic strength internally - most 'I coverage' is pooled across studies with fixed I, not real within-study variation",0,10.9585,1,0.1,0.16666666666666666,1,0,0.0,"fixed, as expected",1,,1.4841,12.4426,0.1,0.1,23,23,0,0,0,1,23.0,2.310000000000001,3.9313418947998006e-16,0,0.0204,0.0204,0
quartz-Cl(+7)+Na(+1)-H(+1),FAIL,"only 0 points (< 50); only 1 distinct ionic-strength levels; only 0% of points come from references that vary ionic strength internally - most 'I coverage' is pooled across studies with fixed I, not real within-study variation",0,5.52247,1,2.5,0.16666666666666666,1,0,0.0,"fixed, as expected",1,,3.94318,9.46565,2.5,2.5,35,35,0,0,0,1,35.0,2.31,0.0,1,0.0284,0.0284,0
quartz-Cl(-1)+Cs(+1)-H(+1),FAIL,"only 0 points (< 50); only 1 distinct ionic-strength levels; only 0% of points come from references that vary ionic strength internally - most 'I coverage' is pooled across studies with fixed I, not real within-study variation",0,5.9338999999999995,1,0.1,0.16666666666666666,1,0,0.0,"fixed, as expected",1,,3.9923,9.9262,0.1,0.1,20,20,0,0,0,1,20.0,2.3100000000000005,1.9724065614751743e-16,1,0.0326,0.0326,0
quartz-K(+1)+N(+5)-H(+1),FAIL,"only 0 points (< 50); only 1 distinct ionic-strength levels; only 0% of points come from references that vary ionic strength internally - most 'I coverage' is pooled across studies with fixed I, not real within-study variation",0,6.442289999999999,1,1.3,0.16666666666666666,1,0,0.0,"fixed, as expected",1,,4.20821,10.6505,1.3,1.3,92,92,0,0,0,3,28.0,2.3099999999999996,1.9329982406880402e-16,1,0.0011,0.0011,0
clay-C(+4)+Cl(+7)+Na(+1)-Ra(+2),FAIL,"only 47 points (< 50); only 1 distinct ionic-strength levels; only 0% of points come from references that vary ionic strength internally - most 'I coverage' is pooled across studies with fixed I, not real within-study variation",47,8.453,1,2.479,0.1388888888888889,1,0,0.0,"fixed, as expected",1,,3.384,11.837,2.479,2.479,47,0,0,0,0,4,11.0,2.3100000000000005,1.9432481117373287e-16,0,0.0038,0.0038,0
gama-MnO2-N(+5)+Na(+1)-Cu(+2),FAIL,"only 39 points (< 50); pH span only 2.00; only 1 distinct ionic-strength levels; only 0% of points come from references that vary ionic strength internally - most 'I coverage' is pooled across studies with fixed I, not real within-study variation",39,2.0,1,1.3,0.1388888888888889,1,0,0.0,"fixed, as expected",1,,3.5,5.5,1.3,1.3,39,0,0,0,0,5,7.0,2.3100000000000005,1.9475954283825384e-16,1,0.0,0.0,0
hematite-N(+5)+Na(+1)-Cu(+2),FAIL,"only 32 points (< 50); pH span only 2.00; only 1 distinct ionic-strength levels; only 0% of points come from references that vary ionic strength internally - most 'I coverage' is pooled across studies with fixed I, not real within-study variation",32,2.0,1,1.3,0.1388888888888889,1,0,0.0,"fixed, as expected",1,,4.0,6.0,1.3,1.3,32,0,0,0,0,5,6.0,2.31,0.0,1,0.0,0.0,0
gama-MnO2-N(+5)+Na(+1)-Ni(+2),FAIL,"only 31 points (< 50); pH span only 2.00; only 1 distinct ionic-strength levels; only 0% of points come from references that vary ionic strength internally - most 'I coverage' is pooled across studies with fixed I, not real within-study variation",31,2.0,1,1.3,0.1388888888888889,1,0,0.0,"fixed, as expected",1,,3.5,5.5,1.3,1.3,31,0,0,0,0,5,6.0,2.3100000000000005,1.954242531079898e-16,1,0.0,0.0,0
hematite-N(+5)+Na(+1)-Pb(+2),FAIL,"only 31 points (< 50); pH span only 2.00; only 1 distinct ionic-strength levels; only 0% of points come from references that vary ionic strength internally - most 'I coverage' is pooled across studies with fixed I, not real within-study variation",31,2.0,1,1.3,0.1388888888888889,1,0,0.0,"fixed, as expected",1,,3.5,5.5,1.3,1.3,31,0,0,0,0,5,6.0,2.3100000000000005,1.954242531079898e-16,1,0.0,0.0,0
alumina-Cl(-1)+Na(+1)-Oxalic acid,FAIL,"only 29 points (< 50); only 1 distinct ionic-strength levels; only 0% of points come from references that vary ionic strength internally - most 'I coverage' is pooled across studies with fixed I, not real within-study variation",29,9.5106,1,0.1,0.1388888888888889,1,0,0.0,"fixed, as expected",1,35.0,2.0,11.5106,0.1,0.1,29,0,0,0,0,2,14.5,2.3100000000000005,1.9564926671517633e-16,1,0.001,0.001,0
gibbsite-N(+5)+Na(+1)-Se(+4),FAIL,"only 27 points (< 50); pH span only 3.94; only 1 distinct ionic-strength levels; only 0% of points come from references that vary ionic strength internally - most 'I coverage' is pooled across studies with fixed I, not real within-study variation",27,3.9423000000000004,1,1.3,0.1388888888888889,1,0,0.0,"fixed, as expected",1,,5.4997,9.442,1.3,1.3,27,0,0,0,0,1,27.0,2.31,0.0,1,0.0242,0.0242,0
magnetite-N(+5)+Na(+1)-Ni(+2),FAIL,"only 25 points (< 50); pH span only 3.14; only 1 distinct ionic-strength levels; only 0% of points come from references that vary ionic strength internally - most 'I coverage' is pooled across studies with fixed I, not real within-study variation",25,3.136899999999999,1,1.3,0.1388888888888889,1,0,0.0,"fixed, as expected",1,,5.371,8.5079,1.3,1.3,25,0,0,0,0,1,25.0,2.31,0.0,1,0.0037,0.0037,0
gama-MnO2-N(+5)+Na(+1)-Zn(+2),FAIL,"only 24 points (< 50); pH span only 2.00; only 1 distinct ionic-strength levels; only 0% of points come from references that vary ionic strength internally - most 'I coverage' is pooled across studies with fixed I, not real within-study variation",24,2.0,1,1.3,0.1388888888888889,1,0,0.0,"fixed, as expected",1,,3.5,5.5,1.3,1.3,24,0,0,0,0,5,5.0,2.31,0.0,1,0.0,0.0,0
silica-Cl(-1)+Na(+1)-Pu(+5),FAIL,"only 24 points (< 50); only 1 distinct ionic-strength levels; only 0% of points come from references that vary ionic strength internally - most 'I coverage' is pooled across studies with fixed I, not real within-study variation",24,7.7364,1,0.7,0.1388888888888889,1,0,0.0,"fixed, as expected",1,,1.9742,9.7106,0.7,0.7,24,0,0,0,0,4,6.0,2.31,0.0,1,0.003,0.003,0
hydroxyapatite-Cl(+7)+Na(+1)-Citric acid,FAIL,"only 1 distinct ionic-strength levels; only 0% of points come from references that vary ionic strength internally - most 'I coverage' is pooled across studies with fixed I, not real within-study variation",107,11.724728,1,0.25,0.1111111111111111,1,0,0.0,"fixed, as expected",1,0.0,0.762172,12.4869,0.25,0.25,107,0,0,0,0,12,9.0,2.3099999999999996,1.9315110518129753e-16,0,0.0016,0.0016,0
illite-Cl(-1)+Na(+1)-Sr(+2),FAIL,"pH span only 2.80; only 2 distinct ionic-strength levels; only 0% of points come from references that vary ionic strength internally - most 'I coverage' is pooled across studies with fixed I, not real within-study variation",57,2.8000000000000007,2,"0.1, 0.5",0.1111111111111111,1,0,0.0,"fixed, as expected",1,,5.5,8.3,0.1,0.5,57,0,0,0,0,4,14.5,2.3100000000000005,1.9395530178602269e-16,0,0.0,0.0,0
illite-Cl(-1)+Na(+1)-Zn(+2),FAIL,"only 42 points (< 50); only 2 distinct ionic-strength levels; only 0% of points come from references that vary ionic strength internally - most 'I coverage' is pooled across studies with fixed I, not real within-study variation",42,4.0,2,"0.1, 0.5",0.08333333333333333,1,0,0.0,"fixed, as expected",1,,5.0,9.0,0.1,0.5,42,0,0,0,0,3,14.0,2.31,0.0,0,0.0,0.0,0
montmorillonite-Cl(+7)+Na(+1)+Sorbate-U(+6),FAIL,"pH span only 1.80; only 1 distinct ionic-strength levels; only 0% of points come from references that vary ionic strength internally - most 'I coverage' is pooled across studies with fixed I, not real within-study variation",51,1.7999999999999998,1,2.5,0.05555555555555555,1,0,0.0,"fixed, as expected",1,,5.0,6.8,2.5,2.5,51,0,0,0,0,2,25.5,2.3100000000000005,1.9415935792008744e-16,0,0.0,0.0,0
illite-C(+4)+Ca(+2)+Cl(-1)+K(+1)+Mg(+2)+Na(+1)-Eu(+3),FAIL,"only 38 points (< 50); pH span only 0.30; only 2 distinct ionic-strength levels; only 0% of points come from references that vary ionic strength internally - most 'I coverage' is pooled across studies with fixed I, not real within-study variation",38,0.2999999999999998,2,"0.036, 0.209",0.05555555555555555,1,0,0.0,"fixed, as expected",1,,7.8,8.1,0.036,0.209,38,0,0,0,0,2,19.0,2.3100000000000005,1.9482701539972312e-16,0,0.0,0.0,0
illite-C(+4)+Ca(+2)+Cl(-1)+K(+1)+Mg(+2)+Na(+1)-Ni(+2),FAIL,"only 34 points (< 50); pH span only 0.60; only 2 distinct ionic-strength levels; only 0% of points come from references that vary ionic strength internally - most 'I coverage' is pooled across studies with fixed I, not real within-study variation",34,0.5999999999999996,2,"0.036, 0.209",0.05555555555555555,1,0,0.0,"fixed, as expected",1,,7.5,8.1,0.036,0.209,34,0,0,0,0,2,17.0,2.31,0.0,0,0.0,0.0,0
illite-C(+4)+Ca(+2)+Cl(-1)+K(+1)+Mg(+2)+Na(+1)-Co(+2),FAIL,"only 29 points (< 50); pH span only 0.40; only 2 distinct ionic-strength levels; only 0% of points come from references that vary ionic strength internally - most 'I coverage' is pooled across studies with fixed I, not real within-study variation",29,0.39999999999999947,2,"0.036, 0.209",0.05555555555555555,1,0,0.0,"fixed, as expected",1,,7.7,8.1,0.036,0.209,29,0,0,0,0,2,14.5,2.3100000000000005,1.9564926671517633e-16,0,0.0,0.0,0
illite-C(+4)+Ca(+2)+Cl(-1)+K(+1)+Mg(+2)+Na(+1)-Th(+4),FAIL,"only 29 points (< 50); pH span only 0.20; only 2 distinct ionic-strength levels; only 0% of points come from references that vary ionic strength internally - most 'I coverage' is pooled across studies with fixed I, not real within-study variation",29,0.20000000000000018,2,"0.036, 0.209",0.05555555555555555,1,0,0.0,"fixed, as expected",1,,7.7,7.9,0.036,0.209,29,0,0,0,0,2,14.5,2.3100000000000005,1.9564926671517633e-16,0,0.0,0.0,0
illite-C(+4)+Ca(+2)+Cl(-1)+K(+1)+Mg(+2)+Na(+1)-U(+6),FAIL,"only 29 points (< 50); pH span only 0.40; only 2 distinct ionic-strength levels; only 0% of points come from references that vary ionic strength internally - most 'I coverage' is pooled across studies with fixed I, not real within-study variation",29,0.39999999999999947,2,"0.036, 0.209",0.05555555555555555,1,0,0.0,"fixed, as expected",1,,7.7,8.1,0.036,0.209,29,0,0,0,0,2,14.5,2.3100000000000005,1.9564926671517633e-16,0,0.0,0.0,0
magnetite-C(+4)+Na(+1)-U(+6),FAIL,"only 29 points (< 50); pH span only 1.90; only 1 distinct ionic-strength levels; only 0% of points come from references that vary ionic strength internally - most 'I coverage' is pooled across studies with fixed I, not real within-study variation",29,1.9000000000000004,1,0.008,0.05555555555555555,1,0,0.0,"fixed, as expected",1,,7.4,9.3,0.008,0.008,29,0,0,0,0,2,14.5,2.3100000000000005,1.9564926671517633e-16,1,0.0,0.0,0
bentonite-Na(+1)+S(+3)-Am(+3),FAIL,"only 28 points (< 50); pH span only 2.00; only 1 distinct ionic-strength levels; only 0% of points come from references that vary ionic strength internally - most 'I coverage' is pooled across studies with fixed I, not real within-study variation",28,2.0,1,0.006,0.05555555555555555,1,0,0.0,"fixed, as expected",1,,8.0,10.0,0.006,0.006,28,0,0,0,0,10,3.0,2.31,0.0,0,0.0,0.0,0
illite-C(+4)+Ca(+2)+Cl(-1)+K(+1)+Mg(+2)+Na(+1)-Cs(+1),FAIL,"only 25 points (< 50); pH span only 0.20; only 2 distinct ionic-strength levels; only 0% of points come from references that vary ionic strength internally - most 'I coverage' is pooled across studies with fixed I, not real within-study variation",25,0.20000000000000018,2,"0.036, 0.209",0.05555555555555555,1,0,0.0,"fixed, as expected",1,,7.8,8.0,0.036,0.209,25,0,0,0,0,2,12.5,2.31,0.0,0,0.0,0.0,0
hematite-Cl(-1)+K(+1)-Se(+4),FAIL,"pH span only 0.00; only 1 distinct ionic-strength levels; only 0% of points come from references that vary ionic strength internally - most 'I coverage' is pooled across studies with fixed I, not real within-study variation",62,0.0,1,0.01,0.027777777777777776,1,0,0.0,"fixed, as expected",1,,3.5,3.5,0.01,0.01,62,0,0,0,0,12,5.0,2.3100000000000005,1.9381579568886332e-16,1,0.0,0.0,0
hematite-Cl(-1)+K(+1)-Se(+6),FAIL,"pH span only 0.00; only 1 distinct ionic-strength levels; only 0% of points come from references that vary ionic strength internally - most 'I coverage' is pooled across studies with fixed I, not real within-study variation",56,0.0,1,0.01,0.027777777777777776,1,0,0.0,"fixed, as expected",1,,3.5,3.5,0.01,0.01,56,0,0,0,0,12,5.0,2.31,0.0,1,0.0,0.0,0
aragonite-Ca(+2)+Cl(-1)+K(+1)+Mg(+2)+Na(+1)+S(+6)-Np(+5),FAIL,"pH span only 0.00; only 1 distinct ionic-strength levels; only 0% of points come from references that vary ionic strength internally - most 'I coverage' is pooled across studies with fixed I, not real within-study variation",55,0.0,1,1.272,0.027777777777777776,1,0,0.0,"fixed, as expected",1,,8.0,8.0,1.272,1.272,55,0,0,0,0,16,1.0,10.799999999999994,6.639737547918115e-16,1,0.0,0.0,0
calcite-Ca(+2)+Cl(-1)+K(+1)+Mg(+2)+Na(+1)+S(+6)-Np(+5),FAIL,"only 33 points (< 50); pH span only 0.00; only 1 distinct ionic-strength levels; only 0% of points come from references that vary ionic strength internally - most 'I coverage' is pooled across studies with fixed I, not real within-study variation",33,0.0,1,1.272,0.027777777777777776,1,0,0.0,"fixed, as expected",1,,8.0,8.0,1.272,1.272,33,0,0,0,0,16,1.0,10.8,0.0,1,0.0,0.0,0
montmorillonite-Cl(+7)+Na(+1)+Sorbate-Co(+2),FAIL,"only 28 points (< 50); pH span only 0.00; only 1 distinct ionic-strength levels; only 0% of points come from references that vary ionic strength internally - most 'I coverage' is pooled across studies with fixed I, not real within-study variation",28,0.0,1,2.5,0.027777777777777776,1,0,0.0,"fixed, as expected",1,,7.3,7.3,2.5,2.5,28,0,0,0,0,1,28.0,2.31,0.0,0,0.0,0.0,0
illite-Cl(+7)+Na(+1)+Sorbate-Eu(+3),FAIL,"only 24 points (< 50); pH span only 0.00; only 1 distinct ionic-strength levels; only 0% of points come from references that vary ionic strength internally - most 'I coverage' is pooled across studies with fixed I, not real within-study variation",24,0.0,1,2.5,0.027777777777777776,1,0,0.0,"fixed, as expected",1,,7.0,7.0,2.5,2.5,24,0,0,0,0,1,24.0,2.31,0.0,0,0.0,0.0,0
illite-Cl(+7)+Na(+1)+Sorbate-U(+6),FAIL,"only 24 points (< 50); pH span only 0.00; only 1 distinct ionic-strength levels; only 0% of points come from references that vary ionic strength internally - most 'I coverage' is pooled across studies with fixed I, not real within-study variation",24,0.0,1,2.5,0.027777777777777776,1,0,0.0,"fixed, as expected",1,,4.8,4.8,2.5,2.5,24,0,0,0,0,1,24.0,2.31,0.0,0,0.0,0.0,0
hematite-Acetate(-1)+Na(+1)-Se(+6),FAIL,"only 23 points (< 50); pH span only 0.00; only 1 distinct ionic-strength levels; only 0% of points come from references that vary ionic strength internally - most 'I coverage' is pooled across studies with fixed I, not real within-study variation",23,0.0,1,0.025,0.027777777777777776,1,0,0.0,"fixed, as expected",1,,6.5,6.5,0.025,0.025,23,0,0,0,0,4,6.0,2.310000000000001,3.9313418947998006e-16,1,0.0,0.0,0
calcite-Ca(+2)+Cl(-1)+Na(+1)-Eu(+3),FAIL,"only 22 points (< 50); pH span only 0.00; only 1 distinct ionic-strength levels; only 0% of points come from references that vary ionic strength internally - most 'I coverage' is pooled across studies with fixed I, not real within-study variation",22,0.0,1,0.001,0.027777777777777776,1,0,0.0,"fixed, as expected",1,,8.3,8.3,0.001,0.001,22,0,0,0,0,1,22.0,10.800000000000004,3.366961463342206e-16,1,0.0,0.0,0
hematite-Acetate(-1)+Na(+1)-Se(+4),FAIL,"only 22 points (< 50); pH span only 0.00; only 1 distinct ionic-strength levels; only 0% of points come from references that vary ionic strength internally - most 'I coverage' is pooled across studies with fixed I, not real within-study variation",22,0.0,1,0.025,0.027777777777777776,1,0,0.0,"fixed, as expected",1,,6.5,6.5,0.025,0.025,22,0,0,0,0,4,5.5,2.3100000000000005,1.967704751303887e-16,1,0.0,0.0,0
montmorillonite-Cl(+7)+Na(+1)+Sorbate-Eu(+3),FAIL,"only 21 points (< 50); pH span only 0.00; only 1 distinct ionic-strength levels; only 0% of points come from references that vary ionic strength internally - most 'I coverage' is pooled across studies with fixed I, not real within-study variation",21,0.0,1,2.5,0.027777777777777776,1,0,0.0,"fixed, as expected",1,,6.0,6.0,2.5,2.5,21,0,0,0,0,1,21.0,2.3100000000000005,1.9699395104015114e-16,0,0.0,0.0,0
hematite-Cl(-1)+Na(+1)+pH-Np(+5),FAIL,"only 0 points (< 50); pH span only 0.00; only 1 distinct ionic-strength levels; only 0% of points come from references that vary ionic strength internally - most 'I coverage' is pooled across studies with fixed I, not real within-study variation",0,0.0,1,0.01,0.0,1,0,0.0,"fixed, as expected",1,55.0,,,0.01,0.01,39,39,39,0,0,3,13.0,2.3100000000000005,1.9475954283825384e-16,1,,,0
